2026-08-30T08:14:51+00:00
dev-slurm
SLURM_JOB_ID=12390
29b71e49e79c1837a7cc685f898dd3224ce5e76378c42622b054ef1bb53150cb  /home/lcpu/85117379/codex-a02-20260819-main/assignment02/team/c1_flashkda/challenge_phase1_fragment_prefetch/apply_phase1_fragment_prefetch_patch.py
70d3ae3e9a8135117e497239c8b90e837ef004571a10508761fab17f23608b24  /home/lcpu/85117379/codex-a02-20260819-main/assignment02/team/c1_flashkda/challenge_phase1_fragment_prefetch/ptxas_audit.py
177443f13d51ce7a6456c97cd9589ce34fa44c4c1d47819677ad2216558bf339  /home/lcpu/85117379/codex-a02-20260819-main/assignment02/team/c1_flashkda/challenge_phase1_fragment_prefetch/build_fresh_b300_sm103a.sh
bca3248e1bf480ea51eb3bb3da0e79d8f477fb914ea17d320c0bf90679aaaf7c  /home/lcpu/85117379/codex-a02-20260819-main/assignment02/team/c1_flashkda/challenge_vshard/apply_vshard_patch.py
46222004dfa3e8b00d6ff14a9f64305c8743e2598cd151410ec406d289444580  /home/lcpu/85117379/codex-a02-20260819-main/assignment02/team/c1_flashkda/challenge_vshard4/apply_vshard4_patch.py
f83e3551907ec8f1a5c1f5c3421e94dc1e3d1941e9f35c845d1d982eef38ccb0  /home/lcpu/85117379/codex-a02-20260819-main/assignment02/team/c1_flashkda/challenge_prefetch2/apply_prefetch2_patch.py
1ce47ea3bb22c84eb9cc665028399cf35e8ffb0b
 5c149f52a436782210263fb2f19b354443a61c6a cutlass (5c149f5)
Cloning into '/home/lcpu/85117379/flashkda-phase1-prefetch-1ce47ea-b300-r2'...
HEAD is now at 1ce47ea optimize kda prepare cu_seqlens scan with prefix-sum and binary search (#13)
-5c149f52a436782210263fb2f19b354443a61c6a cutlass
static check passed: P2S3 preserved + isolated Phase-1 two-slot candidate
applied: baseline/vshard2-P2S3/vshard4-P2S3 + Phase-1 two-slot candidate
CUTLASS already provisioned from pinned local archive; skipping network submodule update
running build_ext
W0830 08:14:52.986000 1810411 torch/utils/cpp_extension.py:781] Attempted to use ninja as the BuildExtension backend but we could not find ninja.. Falling back to using the slow distutils backend.
building 'flash_kda_C' extension
/usr/bin/g++ -fno-strict-overflow -Wsign-compare -DNDEBUG -g -O2 -Wall -fPIC -I/home/lcpu/85117379/flashkda-phase1-prefetch-1ce47ea-b300-r2/cutlass/include -I/home/lcpu/85117379/flashkda-phase1-prefetch-1ce47ea-b300-r2/cutlass/examples/common -I/home/lcpu/85117379/flashkda-phase1-prefetch-1ce47ea-b300-r2/cutlass/tools/util/include -I/home/lcpu/85117379/flashkda-phase1-prefetch-1ce47ea-b300-r2/csrc -I/home/lcpu/85117379/codex-a02-20260819-main/assignment02/.venv/lib/python3.12/site-packages/torch/include -I/home/lcpu/85117379/codex-a02-20260819-main/assignment02/.venv/lib/python3.12/site-packages/torch/include/torch/csrc/api/include -I/usr/local/cuda/include -I/home/lcpu/85117379/codex-a02-20260819-main/assignment02/.venv/include -I/usr/include/python3.12 -c csrc/flash_kda.cpp -o build/temp.linux-x86_64-cpython-312/csrc/flash_kda.o -O3 -Wno-psabi -DTORCH_API_INCLUDE_EXTENSION_H -DTORCH_EXTENSION_NAME=flash_kda_C -std=c++20
In file included from /home/lcpu/85117379/flashkda-phase1-prefetch-1ce47ea-b300-r2/cutlass/include/cutlass/bfloat16.h:50,
                 from csrc/fwd.h:4,
                 from csrc/flash_kda.cpp:3:
/home/lcpu/85117379/flashkda-phase1-prefetch-1ce47ea-b300-r2/cutlass/include/cutlass/platform/platform.h:658:21: warning: ‘long4’ is deprecated: use long4_16a or long4_32a [-Wdeprecated-declarations]
  658 | struct alignment_of<long4> {
      |                     ^~~~~
In file included from /usr/local/cuda/include/driver_types.h:61,
                 from /usr/local/cuda/include/builtin_types.h:59,
                 from /usr/local/cuda/include/cuda_runtime_api.h:150,
                 from /home/lcpu/85117379/codex-a02-20260819-main/assignment02/.venv/lib/python3.12/site-packages/torch/include/c10/cuda/CUDAStream.h:4,
                 from csrc/flash_kda.cpp:2:
/usr/local/cuda/include/vector_types.h:532:98: note: declared here
  532 | typedef __device_builtin__ struct long4 __VECTOR_TYPE_DEPRECATED__("use long4_16a or long4_32a") long4;
      |                                                                                                  ^~~~~
/home/lcpu/85117379/flashkda-phase1-prefetch-1ce47ea-b300-r2/cutlass/include/cutlass/platform/platform.h:662:21: warning: ‘ulong4’ is deprecated: use ulong4_16a or ulong4_32a [-Wdeprecated-declarations]
  662 | struct alignment_of<ulong4> {
      |                     ^~~~~~
/usr/local/cuda/include/vector_types.h:533:101: note: declared here
  533 | typedef __device_builtin__ struct ulong4 __VECTOR_TYPE_DEPRECATED__("use ulong4_16a or ulong4_32a") ulong4;
      |                                                                                                     ^~~~~~
/home/lcpu/85117379/flashkda-phase1-prefetch-1ce47ea-b300-r2/cutlass/include/cutlass/platform/platform.h:666:21: warning: ‘longlong4’ is deprecated: use longlong4_16a or longlong4_32a [-Wdeprecated-declarations]
  666 | struct alignment_of<longlong4> {
      |                     ^~~~~~~~~
/usr/local/cuda/include/vector_types.h:550:110: note: declared here
  550 | typedef __device_builtin__ struct longlong4 __VECTOR_TYPE_DEPRECATED__("use longlong4_16a or longlong4_32a") longlong4;
      |                                                                                                              ^~~~~~~~~
/home/lcpu/85117379/flashkda-phase1-prefetch-1ce47ea-b300-r2/cutlass/include/cutlass/platform/platform.h:670:21: warning: ‘ulonglong4’ is deprecated: use ulonglong4_16a or ulonglong4_32a [-Wdeprecated-declarations]
  670 | struct alignment_of<ulonglong4> {
      |                     ^~~~~~~~~~
/usr/local/cuda/include/vector_types.h:551:113: note: declared here
  551 | typedef __device_builtin__ struct ulonglong4 __VECTOR_TYPE_DEPRECATED__("use ulonglong4_16a or ulonglong4_32a") ulonglong4;
      |                                                                                                                 ^~~~~~~~~~
/home/lcpu/85117379/flashkda-phase1-prefetch-1ce47ea-b300-r2/cutlass/include/cutlass/platform/platform.h:674:21: warning: ‘double4’ is deprecated: use double4_16a or double4_32a [-Wdeprecated-declarations]
  674 | struct alignment_of<double4> {
      |                     ^~~~~~~
/usr/local/cuda/include/vector_types.h:561:104: note: declared here
  561 | typedef __device_builtin__ struct double4 __VECTOR_TYPE_DEPRECATED__("use double4_16a or double4_32a") double4;
      |                                                                                                        ^~~~~~~
/usr/local/cuda/bin/nvcc -I/home/lcpu/85117379/flashkda-phase1-prefetch-1ce47ea-b300-r2/cutlass/include -I/home/lcpu/85117379/flashkda-phase1-prefetch-1ce47ea-b300-r2/cutlass/examples/common -I/home/lcpu/85117379/flashkda-phase1-prefetch-1ce47ea-b300-r2/cutlass/tools/util/include -I/home/lcpu/85117379/flashkda-phase1-prefetch-1ce47ea-b300-r2/csrc -I/home/lcpu/85117379/codex-a02-20260819-main/assignment02/.venv/lib/python3.12/site-packages/torch/include -I/home/lcpu/85117379/codex-a02-20260819-main/assignment02/.venv/lib/python3.12/site-packages/torch/include/torch/csrc/api/include -I/usr/local/cuda/include -I/home/lcpu/85117379/codex-a02-20260819-main/assignment02/.venv/include -I/usr/include/python3.12 -c csrc/smxx/fwd_launch.cu -o build/temp.linux-x86_64-cpython-312/csrc/smxx/fwd_launch.o -D__CUDA_NO_HALF_OPERATORS__ -D__CUDA_NO_HALF_CONVERSIONS__ -D__CUDA_NO_BFLOAT16_CONVERSIONS__ -D__CUDA_NO_HALF2_OPERATORS__ --expt-relaxed-constexpr --compiler-options '-fPIC' -O3 -U__CUDA_NO_HALF_OPERATORS__ -U__CUDA_NO_HALF_CONVERSIONS__ -U__CUDA_NO_HALF2_OPERATORS__ -U__CUDA_NO_BFLOAT16_CONVERSIONS__ --expt-relaxed-constexpr --expt-extended-lambda --use_fast_math --ptxas-options=-v,--register-usage-level=10,--warn-on-spills -lineinfo --threads 8 -gencode arch=compute_103a,code=sm_103a -DTORCH_API_INCLUDE_EXTENSION_H -DTORCH_EXTENSION_NAME=flash_kda_C -ccbin /usr/bin/gcc -std=c++20
csrc/smxx/fwd_kernel2_vshard4_p2_phase1pf.cuh(644): error: no instance of overloaded function "copy" matches the argument list
            argument types are: (cute::TiledCopy<cute::Copy_Atom<cute::SM75_U32x4_LDSM_N, cutlass::bfloat16_t>, cute::Layout<cute::tuple<cute::tuple<cute::_4, cute::_8>, cute::tuple<cute::tuple<cute::_2, cute::_2, cute::_2>, cute::tuple<cute::_1, cute::_1>>>, cute::tuple<cute::tuple<cute::_32, cute::_1>, cute::tuple<cute::tuple<cute::_16, cute::_8, cute::_128>, cute::tuple<cute::_0, cute::_0>>>>, cute::tuple<cute::C<16>, cute::C<16>>>, cute::Tensor<cute::ViewEngine<cute::smem_ptr<cutlass::bfloat16_t *>>, cute::Layout<cute::tuple<cute::tuple<cute::_8, cute::_1>, cute::_1, cute::_1>, cute::tuple<cute::tuple<cute::_1, cute::C<0>>, cute::C<0>, cute::C<0>>>>, Phase1AInputViewT [2])
              copy(smem_tiled_copy_A, smem_thr_copy_A.partition_S(INV), tCrAi_k_view);
              ^
/home/lcpu/85117379/flashkda-phase1-prefetch-1ce47ea-b300-r2/cutlass/include/cute/algorithm/copy.hpp(173): note #3326-D: function template "cute::copy(const cute::AutoCopyAsync &, const cute::Tensor<SrcEngine, SrcLayout> &, cute::Tensor<DstEngine, DstLayout> &)" does not match because argument #1 does not match parameter
  copy(AutoCopyAsync const& cpy,
  ^
/home/lcpu/85117379/flashkda-phase1-prefetch-1ce47ea-b300-r2/cutlass/include/cute/algorithm/copy.hpp(189): note #3327-D: candidate function template "cute::copy(const cute::Copy_Atom<CopyArgs...> &, const cute::Tensor<SrcEngine, SrcLayout> &, cute::Tensor<DstEngine, DstLayout> &)" failed deduction
  copy(Copy_Atom<CopyArgs...> const& copy_atom,
  ^
/home/lcpu/85117379/flashkda-phase1-prefetch-1ce47ea-b300-r2/cutlass/include/cute/algorithm/copy.hpp(247): note #3327-D: candidate function template "cute::copy(const cute::AutoVectorizingCopyWithAssumedAlignment<MaxVecBits> &, const cute::Tensor<SrcEngine, SrcLayout> &, cute::Tensor<DstEngine, DstLayout> &)" failed deduction
  copy(AutoVectorizingCopyWithAssumedAlignment<MaxVecBits> const&,
  ^
/home/lcpu/85117379/flashkda-phase1-prefetch-1ce47ea-b300-r2/cutlass/include/cute/algorithm/copy.hpp(288): note #3327-D: candidate function template "cute::copy(const cute::AutoFilter<CopyOp> &, const cute::Tensor<SrcEngine, SrcLayout> &, cute::Tensor<DstEngine, DstLayout> &)" failed deduction
  copy(AutoFilter<CopyOp> const& copy_op,
  ^
/home/lcpu/85117379/flashkda-phase1-prefetch-1ce47ea-b300-r2/cutlass/include/cute/algorithm/copy.hpp(312): note #3322-D: number of parameters of function template "cute::copy(const cute::Tensor<SrcEngine, SrcLayout> &, cute::Tensor<DstEngine, DstLayout> &)" does not match the call
  copy(Tensor<SrcEngine, SrcLayout> const& src,
  ^
/home/lcpu/85117379/flashkda-phase1-prefetch-1ce47ea-b300-r2/cutlass/include/cute/algorithm/copy.hpp(350): note #3327-D: candidate function template "cute::copy(const cute::Copy_Atom<cute::AutoVectorizingCopyWithAssumedAlignment<MaxVecBits>, Args...> &, const cute::Tensor<SrcEngine, SrcLayout> &, cute::Tensor<DstEngine, DstLayout> &)" failed deduction
  copy(Copy_Atom<AutoVectorizingCopyWithAssumedAlignment<MaxVecBits>, Args...> const&,
  ^
/home/lcpu/85117379/flashkda-phase1-prefetch-1ce47ea-b300-r2/cutlass/include/cute/algorithm/copy.hpp(362): note #3327-D: candidate function template "cute::copy(const cute::Copy_Atom<cute::Copy_Traits<cute::AutoVectorizingCopyWithAssumedAlignment<MaxVecBits>>, Args...> &, const cute::Tensor<SrcEngine, SrcLayout> &, cute::Tensor<DstEngine, DstLayout> &)" failed deduction
  copy(Copy_Atom<Copy_Traits<AutoVectorizingCopyWithAssumedAlignment<MaxVecBits>>, Args...> const&,
  ^
/home/lcpu/85117379/flashkda-phase1-prefetch-1ce47ea-b300-r2/cutlass/include/cute/algorithm/copy.hpp(375): note #3327-D: candidate function template "cute::copy(const cute::Copy_Traits<cute::SM90_BULK_COPY_AUTO, CT_Args...> &, const cute::Tensor<SrcEngine, SrcLayout> &, cute::Tensor<DstEngine, DstLayout> &)" failed deduction
  copy(Copy_Traits<SM90_BULK_COPY_AUTO, CT_Args...> const& atom,
  ^
/home/lcpu/85117379/flashkda-phase1-prefetch-1ce47ea-b300-r2/cutlass/include/cute/algorithm/copy.hpp(408): note #3327-D: candidate function template "cute::copy(const cute::Copy_Atom<cute::Copy_Traits<cute::SM90_BULK_COPY_AUTO, CT_Args...>, CA_Args...> &, const cute::Tensor<SrcEngine, SrcLayout> &, cute::Tensor<DstEngine, DstLayout> &)" failed deduction
  copy(Copy_Atom<Copy_Traits<SM90_BULK_COPY_AUTO, CT_Args...>, CA_Args...> const& atom,
  ^
/home/lcpu/85117379/flashkda-phase1-prefetch-1ce47ea-b300-r2/cutlass/include/cute/algorithm/copy.hpp(439): note #3327-D: candidate function template "cute::copy(const cute::TiledCopy<CopyAtom, TV, Tiler> &, const cute::Tensor<SrcEngine, SrcLayout> &, cute::Tensor<DstEngine, DstLayout> &)" failed deduction
  copy(TiledCopy<CopyAtom, TV, Tiler> const& tiled_copy,
  ^
/home/lcpu/85117379/flashkda-phase1-prefetch-1ce47ea-b300-r2/cutlass/include/cute/algorithm/copy.hpp(462): note #3327-D: candidate function template "cute::copy(const cute::ThrCopy<TiledCopy, ThrIdx> &, const cute::Tensor<SrcEngine, SrcLayout> &, cute::Tensor<DstEngine, DstLayout> &)" failed deduction
  copy(ThrCopy<TiledCopy, ThrIdx> const& thr_copy,
  ^
/home/lcpu/85117379/flashkda-phase1-prefetch-1ce47ea-b300-r2/cutlass/include/cute/algorithm/copy.hpp(489): note #3327-D: candidate function template "cute::copy(const CopyPolicy &, const cute::Tensor<SrcEngine, SrcLayout> &, cute::Tensor<DstEngine, DstLayout> &)" failed deduction
  copy(CopyPolicy const& cpy,
  ^
/home/lcpu/85117379/flashkda-phase1-prefetch-1ce47ea-b300-r2/cutlass/include/cute/algorithm/copy.hpp(530): note #3322-D: number of parameters of function template "cute::copy(const cute::Tensor<SrcEngine, SrcLayout> &, cute::Tensor<DstEngine, DstLayout> &&)" does not match the call
  copy(Tensor<SrcEngine, SrcLayout> const& src,
  ^
/home/lcpu/85117379/flashkda-phase1-prefetch-1ce47ea-b300-r2/cutlass/include/cute/algorithm/copy.hpp(541): note #3327-D: candidate function template "cute::copy(const CopyPolicy &, const cute::Tensor<SrcEngine, SrcLayout> &, cute::Tensor<DstEngine, DstLayout> &&)" failed deduction
  copy(CopyPolicy const& copy_policy,
  ^
          detected during:
            instantiation of "void _flash_kda_fwd_recurrence_vshard4_p2_phase1pf<TmaLoadV,TmaLoadBeta,TmaLoadWsKD,TmaLoadWsQD,TmaLoadWsKR,TmaLoadWsGT,TmaLoadWsINV,TmaLoadWsMqk,TmaLoadState,TmaStoreState,TmaStoreOut,CHUNK,KDim,VDim,InputStages,OutputStages,NumThreads,HasStateIn,HasStateOut,StateFP32,IsVarlen>(TmaLoadV, TmaLoadBeta, TmaLoadWsKD, TmaLoadWsQD, TmaLoadWsKR, TmaLoadWsGT, TmaLoadWsINV, TmaLoadWsMqk, TmaLoadState, TmaStoreState, TmaStoreOut, cutlass::bfloat16_t *, int, int, int, const int64_t *, int) [with TmaLoadV=cute::TiledCopy<cute::Copy_Atom<cute::Copy_Traits<cute::SM90_TMA_LOAD, cute::C<2048>, cute::AuxTmaParams<cute::tuple<cute::ScaledBasis<cute::C<1>, 2>, cute::ScaledBasis<cute::C<1>, 1>, cute::ScaledBasis<int, 0>>, const cute::Layout<cute::tuple<cute::C<8>, cute::C<16>, cute::C<1>>, cute::tuple<cute::ScaledBasis<cute::C<1>, 2>, cute::ScaledBasis<cute::C<1>, 1>, cute::ScaledBasis<cute::C<1>, 0>>> &, const cute::Swizzle<0, 4, 3> &>>, cutlass::bfloat16_t>, cute::Layout<cute::tuple<cute::_1, cute::tuple<cute::tuple<cute::tuple<cute::C<8>, cute::C<16>>, cute::_4>>>, cute::tuple<cute::C<0>, cute::tuple<cute::tuple<cute::tuple<cute::_16, cute::_1>, cute::_128>>>>, cute::tuple<cute::_1, cute::C<16>, cute::C<32>>>, TmaLoadBeta=cute::TiledCopy<cute::Copy_Atom<cute::Copy_Traits<cute::SM90_TMA_LOAD, cute::C<512>, cute::AuxTmaParams<cute::tuple<cute::ScaledBasis<cute::C<1>, 0>>, const cute::Layout<cute::tuple<cute::_32>, cute::tuple<cute::ScaledBasis<cute::C<1>, 0>>> &, const cute::Swizzle<0, 4, 3> &>>, cutlass::bfloat16_t>, cute::Layout<cute::tuple<cute::_1, cute::tuple<cute::tuple<cute::_32, cute::_1>>>, cute::tuple<cute::C<0>, cute::tuple<cute::tuple<cute::_1, cute::C<0>>>>>, cute::tuple<cute::_32>>, TmaLoadWsKD=cute::TiledCopy<cute::Copy_Atom<cute::Copy_Traits<cute::SM90_TMA_LOAD, cute::C<2048>, cute::AuxTmaParams<cute::tuple<cute::ScaledBasis<cute::C<1>, 2>, cute::ScaledBasis<cute::C<1>, 1>, cute::ScaledBasis<cute::C<1>, 0>>, const cute::Layout<cute::tuple<cute::C<8>, cute::C<16>, cute::C<1>>, cute::tuple<cute::ScaledBasis<cute::C<1>, 2>, cute::ScaledBasis<cute::C<1>, 1>, cute::ScaledBasis<cute::C<1>, 0>>> &, const cute::Swizzle<0, 4, 3> &>>, cutlass::bfloat16_t>, cute::Layout<cute::tuple<cute::_1, cute::tuple<cute::tuple<cute::tuple<cute::C<8>, cute::C<16>>, cute::_16>>>, cute::tuple<cute::C<0>, cute::tuple<cute::tuple<cute::tuple<cute::_16, cute::_1>, cute::_128>>>>, cute::tuple<cute::_1, cute::_16, cute::_128>>, TmaLoadWsQD=cute::TiledCopy<cute::Copy_Atom<cute::Copy_Traits<cute::SM90_TMA_LOAD, cute::C<2048>, cute::AuxTmaParams<cute::tuple<cute::ScaledBasis<cute::C<1>, 2>, cute::ScaledBasis<cute::C<1>, 1>, cute::ScaledBasis<cute::C<1>, 0>>, const cute::Layout<cute::tuple<cute::C<8>, cute::C<16>, cute::C<1>>, cute::tuple<cute::ScaledBasis<cute::C<1>, 2>, cute::ScaledBasis<cute::C<1>, 1>, cute::ScaledBasis<cute::C<1>, 0>>> &, const cute::Swizzle<0, 4, 3> &>>, cutlass::bfloat16_t>, cute::Layout<cute::tuple<cute::_1, cute::tuple<cute::tuple<cute::tuple<cute::C<8>, cute::C<16>>, cute::_16>>>, cute::tuple<cute::C<0>, cute::tuple<cute::tuple<cute::tuple<cute::_16, cute::_1>, cute::_128>>>>, cute::tuple<cute::_1, cute::_16, cute::_128>>, TmaLoadWsKR=cute::TiledCopy<cute::Copy_Atom<cute::Copy_Traits<cute::SM90_TMA_LOAD, cute::C<2048>, cute::AuxTmaParams<cute::tuple<cute::ScaledBasis<cute::C<1>, 2>, cute::ScaledBasis<cute::C<1>, 1>, cute::ScaledBasis<cute::C<1>, 0>>, const cute::Layout<cute::tuple<cute::C<8>, cute::C<16>, cute::C<1>>, cute::tuple<cute::ScaledBasis<cute::C<1>, 2>, cute::ScaledBasis<cute::C<1>, 1>, cute::ScaledBasis<cute::C<1>, 0>>> &, const cute::Swizzle<0, 4, 3> &>>, cutlass::bfloat16_t>, cute::Layout<cute::tuple<cute::_1, cute::tuple<cute::tuple<cute::tuple<cute::C<8>, cute::C<16>>, cute::_16>>>, cute::tuple<cute::C<0>, cute::tuple<cute::tuple<cute::tuple<cute::_16, cute::_1>, cute::_128>>>>, cute::tuple<cute::_1, cute::_16, cute::_128>>, TmaLoadWsGT=cute::TiledCopy<cute::Copy_Atom<cute::Copy_Traits<cute::SM90_TMA_LOAD, cute::C<4096>, cute::AuxTmaParams<cute::tuple<cute::ScaledBasis<cute::C<1>, 1>, cute::ScaledBasis<cute::C<1>, 0>>, const cute::Layout<cute::tuple<cute::_128, cute::_1>, cute::tuple<cute::ScaledBasis<cute::C<1>, 1>, cute::ScaledBasis<cute::C<1>, 0>>> &, const cute::Swizzle<0, 4, 3> &>>, float>, cute::Layout<cute::tuple<cute::_1, cute::tuple<cute::tuple<cute::_128, cute::_1>>>, cute::tuple<cute::C<0>, cute::tuple<cute::tuple<cute::_1, cute::C<0>>>>>, cute::tuple<cute::_1, cute::_128>>, TmaLoadWsINV=cute::TiledCopy<cute::Copy_Atom<cute::Copy_Traits<cute::SM90_TMA_LOAD, cute::C<2048>, cute::AuxTmaParams<cute::tuple<cute::ScaledBasis<cute::C<1>, 2>, cute::ScaledBasis<cute::C<1>, 1>, cute::ScaledBasis<cute::C<1>, 0>>, const cute::Layout<cute::tuple<cute::C<8>, cute::C<16>, cute::C<1>>, cute::tuple<cute::ScaledBasis<cute::C<1>, 2>, cute::ScaledBasis<cute::C<1>, 1>, cute::ScaledBasis<cute::C<1>, 0>>> &, const cute::Swizzle<0, 4, 3> &>>, cutlass::bfloat16_t>, cute::Layout<cute::tuple<cute::_1, cute::tuple<cute::tuple<cute::tuple<cute::C<8>, cute::C<16>>, cute::_2>>>, cute::tuple<cute::C<0>, cute::tuple<cute::tuple<cute::tuple<cute::_16, cute::_1>, cute::_128>>>>, cute::tuple<cute::_1, cute::C<16>, cute::C<16>>>, TmaLoadWsMqk=cute::TiledCopy<cute::Copy_Atom<cute::Copy_Traits<cute::SM90_TMA_LOAD, cute::C<2048>, cute::AuxTmaParams<cute::tuple<cute::ScaledBasis<cute::C<1>, 2>, cute::ScaledBasis<cute::C<1>, 1>, cute::ScaledBasis<cute::C<1>, 0>>, const cute::Layout<cute::tuple<cute::C<8>, cute::C<16>, cute::C<1>>, cute::tuple<cute::ScaledBasis<cute::C<1>, 2>, cute::ScaledBasis<cute::C<1>, 1>, cute::ScaledBasis<cute::C<1>, 0>>> &, const cute::Swizzle<0, 4, 3> &>>, cutlass::bfloat16_t>, cute::Layout<cute::tuple<cute::_1, cute::tuple<cute::tuple<cute::tuple<cute::C<8>, cute::C<16>>, cute::_2>>>, cute::tuple<cute::C<0>, cute::tuple<cute::tuple<cute::tuple<cute::_16, cute::_1>, cute::_128>>>>, cute::tuple<cute::_1, cute::C<16>, cute::C<16>>>, TmaLoadState=cute::TiledCopy<cute::Copy_Atom<cute::Copy_Traits<cute::SM90_TMA_LOAD, cute::C<4096>, cute::AuxTmaParams<cute::tuple<cute::ScaledBasis<cute::C<1>, 2>, cute::ScaledBasis<cute::C<1>, 1>, cute::ScaledBasis<cute::C<1>, 0>>, const cute::Layout<cute::tuple<cute::C<8>, cute::C<32>, cute::C<1>>, cute::tuple<cute::ScaledBasis<cute::C<1>, 2>, cute::ScaledBasis<cute::C<1>, 1>, cute::ScaledBasis<cute::C<1>, 0>>> &, const cute::Swizzle<0, 4, 3> &>>, cutlass::bfloat16_t>, cute::Layout<cute::tuple<cute::_1, cute::tuple<cute::tuple<cute::tuple<cute::C<8>, cute::C<32>>, cute::_16>>>, cute::tuple<cute::C<0>, cute::tuple<cute::tuple<cute::tuple<cute::_32, cute::_1>, cute::_256>>>>, cute::tuple<cute::_1, cute::C<32>, cute::C<128>>>, TmaStoreState=cute::TiledCopy<cute::Copy_Atom<cute::Copy_Traits<cute::SM90_TMA_STORE, cute::C<4096>, cute::AuxTmaParams<cute::tuple<cute::ScaledBasis<cute::C<1>, 2>, cute::ScaledBasis<cute::C<1>, 1>, cute::ScaledBasis<cute::C<1>, 0>>, const cute::Layout<cute::tuple<cute::C<8>, cute::C<32>, cute::C<1>>, cute::tuple<cute::ScaledBasis<cute::C<1>, 2>, cute::ScaledBasis<cute::C<1>, 1>, cute::ScaledBasis<cute::C<1>, 0>>> &, const cute::Swizzle<0, 4, 3> &>>, cutlass::bfloat16_t>, cute::Layout<cute::tuple<cute::_1, cute::tuple<cute::tuple<cute::tuple<cute::C<8>, cute::C<32>>, cute::_16>>>, cute::tuple<cute::C<0>, cute::tuple<cute::tuple<cute::tuple<cute::_32, cute::_1>, cute::_256>>>>, cute::tuple<cute::_1, cute::C<32>, cute::C<128>>>, TmaStoreOut=cute::TiledCopy<cute::Copy_Atom<cute::Copy_Traits<cute::SM90_TMA_STORE, cute::C<2048>, cute::AuxTmaParams<cute::tuple<cute::ScaledBasis<cute::C<1>, 2>, cute::ScaledBasis<cute::C<1>, 1>, cute::ScaledBasis<int, 0>>, const cute::Layout<cute::tuple<cute::C<8>, cute::C<16>, cute::C<1>>, cute::tuple<cute::ScaledBasis<cute::C<1>, 2>, cute::ScaledBasis<cute::C<1>, 1>, cute::ScaledBasis<cute::C<1>, 0>>> &, const cute::Swizzle<0, 4, 3> &>>, cutlass::bfloat16_t>, cute::Layout<cute::tuple<cute::_1, cute::tuple<cute::tuple<cute::tuple<cute::C<8>, cute::C<16>>, cute::_4>>>, cute::tuple<cute::C<0>, cute::tuple<cute::tuple<cute::tuple<cute::_16, cute::_1>, cute::_128>>>>, cute::tuple<cute::_1, cute::C<16>, cute::C<32>>>, CHUNK=16, KDim=128, VDim=32, InputStages=3, OutputStages=2, NumThreads=128, HasStateIn=true, HasStateOut=true, StateFP32=false, IsVarlen=true]" at line 1399 of csrc/smxx/fwd_launch.cu
            instantiation of "void launch_fwd_vshard4_p2_phase1pf<D,HasStateIn,HasStateOut,StateFP32,IsVarlen>(const cutlass::bfloat16_t *, const cutlass::bfloat16_t *, const cutlass::bfloat16_t *, const cutlass::bfloat16_t *, const cutlass::bfloat16_t *, const void *, float, void *, cutlass::bfloat16_t *, void *, int, int, int, int, const int64_t *, const float *, const float *, float, cudaStream_t) [with D=128, HasStateIn=true, HasStateOut=true, StateFP32=false, IsVarlen=true]" at line 1437 of csrc/smxx/fwd_launch.cu

/home/lcpu/85117379/flashkda-phase1-prefetch-1ce47ea-b300-r2/cutlass/include/cute/algorithm/tuple_algorithms.hpp(227): error: no instance of function template "cute::identity::operator()" matches the argument list
            argument types are: (const cute::Tensor<cute::ArrayEngine<cutlass::bfloat16_t, 8UL>, cute::Layout<cute::tuple<cute::tuple<cute::_2, cute::_2, cute::_2>, cute::_1, cute::_1>, cute::tuple<cute::tuple<cute::_1, cute::_2, cute::_4>, cute::_0, cute::_0>>> [2], const cute::Tensor<cute::ArrayEngine<cutlass::bfloat16_t, 8UL>, cute::Layout<cute::tuple<cute::tuple<cute::_2, cute::_2, cute::_2>, cute::_1, cute::_1>, cute::tuple<cute::tuple<cute::_1, cute::_2, cute::_4>, cute::_0, cute::_0>>>)
            object type is: cute::identity
      return f(t0, t1);
             ^
/home/lcpu/85117379/flashkda-phase1-prefetch-1ce47ea-b300-r2/cutlass/include/cute/algorithm/functional.hpp(48): note #3322-D: number of parameters of function template "cute::identity::operator()" does not match the call
    decltype(auto) operator()(T&& arg) const {
                   ^
          detected during:
            instantiation of "auto cute::transform(const T0 &, const T1 &, F &&) [with T0=cute::Tensor<cute::ArrayEngine<cutlass::bfloat16_t, 8UL>, cute::Layout<cute::tuple<cute::tuple<cute::_2, cute::_2, cute::_2>, cute::_1, cute::_1>, cute::tuple<cute::tuple<cute::_1, cute::_2, cute::_4>, cute::_0, cute::_0>>> [2], T1=cute::Tensor<cute::ArrayEngine<cutlass::bfloat16_t, 8UL>, cute::Layout<cute::tuple<cute::tuple<cute::_2, cute::_2, cute::_2>, cute::_1, cute::_1>, cute::tuple<cute::tuple<cute::_1, cute::_2, cute::_4>, cute::_0, cute::_0>>>, F=cute::identity]" at line 645 of csrc/smxx/fwd_kernel2_vshard4_p2_phase1pf.cuh
            instantiation of "void _flash_kda_fwd_recurrence_vshard4_p2_phase1pf<TmaLoadV,TmaLoadBeta,TmaLoadWsKD,TmaLoadWsQD,TmaLoadWsKR,TmaLoadWsGT,TmaLoadWsINV,TmaLoadWsMqk,TmaLoadState,TmaStoreState,TmaStoreOut,CHUNK,KDim,VDim,InputStages,OutputStages,NumThreads,HasStateIn,HasStateOut,StateFP32,IsVarlen>(TmaLoadV, TmaLoadBeta, TmaLoadWsKD, TmaLoadWsQD, TmaLoadWsKR, TmaLoadWsGT, TmaLoadWsINV, TmaLoadWsMqk, TmaLoadState, TmaStoreState, TmaStoreOut, cutlass::bfloat16_t *, int, int, int, const int64_t *, int) [with TmaLoadV=cute::TiledCopy<cute::Copy_Atom<cute::Copy_Traits<cute::SM90_TMA_LOAD, cute::C<2048>, cute::AuxTmaParams<cute::tuple<cute::ScaledBasis<cute::C<1>, 2>, cute::ScaledBasis<cute::C<1>, 1>, cute::ScaledBasis<int, 0>>, const cute::Layout<cute::tuple<cute::C<8>, cute::C<16>, cute::C<1>>, cute::tuple<cute::ScaledBasis<cute::C<1>, 2>, cute::ScaledBasis<cute::C<1>, 1>, cute::ScaledBasis<cute::C<1>, 0>>> &, const cute::Swizzle<0, 4, 3> &>>, cutlass::bfloat16_t>, cute::Layout<cute::tuple<cute::_1, cute::tuple<cute::tuple<cute::tuple<cute::C<8>, cute::C<16>>, cute::_4>>>, cute::tuple<cute::C<0>, cute::tuple<cute::tuple<cute::tuple<cute::_16, cute::_1>, cute::_128>>>>, cute::tuple<cute::_1, cute::C<16>, cute::C<32>>>, TmaLoadBeta=cute::TiledCopy<cute::Copy_Atom<cute::Copy_Traits<cute::SM90_TMA_LOAD, cute::C<512>, cute::AuxTmaParams<cute::tuple<cute::ScaledBasis<cute::C<1>, 0>>, const cute::Layout<cute::tuple<cute::_32>, cute::tuple<cute::ScaledBasis<cute::C<1>, 0>>> &, const cute::Swizzle<0, 4, 3> &>>, cutlass::bfloat16_t>, cute::Layout<cute::tuple<cute::_1, cute::tuple<cute::tuple<cute::_32, cute::_1>>>, cute::tuple<cute::C<0>, cute::tuple<cute::tuple<cute::_1, cute::C<0>>>>>, cute::tuple<cute::_32>>, TmaLoadWsKD=cute::TiledCopy<cute::Copy_Atom<cute::Copy_Traits<cute::SM90_TMA_LOAD, cute::C<2048>, cute::AuxTmaParams<cute::tuple<cute::ScaledBasis<cute::C<1>, 2>, cute::ScaledBasis<cute::C<1>, 1>, cute::ScaledBasis<cute::C<1>, 0>>, const cute::Layout<cute::tuple<cute::C<8>, cute::C<16>, cute::C<1>>, cute::tuple<cute::ScaledBasis<cute::C<1>, 2>, cute::ScaledBasis<cute::C<1>, 1>, cute::ScaledBasis<cute::C<1>, 0>>> &, const cute::Swizzle<0, 4, 3> &>>, cutlass::bfloat16_t>, cute::Layout<cute::tuple<cute::_1, cute::tuple<cute::tuple<cute::tuple<cute::C<8>, cute::C<16>>, cute::_16>>>, cute::tuple<cute::C<0>, cute::tuple<cute::tuple<cute::tuple<cute::_16, cute::_1>, cute::_128>>>>, cute::tuple<cute::_1, cute::_16, cute::_128>>, TmaLoadWsQD=cute::TiledCopy<cute::Copy_Atom<cute::Copy_Traits<cute::SM90_TMA_LOAD, cute::C<2048>, cute::AuxTmaParams<cute::tuple<cute::ScaledBasis<cute::C<1>, 2>, cute::ScaledBasis<cute::C<1>, 1>, cute::ScaledBasis<cute::C<1>, 0>>, const cute::Layout<cute::tuple<cute::C<8>, cute::C<16>, cute::C<1>>, cute::tuple<cute::ScaledBasis<cute::C<1>, 2>, cute::ScaledBasis<cute::C<1>, 1>, cute::ScaledBasis<cute::C<1>, 0>>> &, const cute::Swizzle<0, 4, 3> &>>, cutlass::bfloat16_t>, cute::Layout<cute::tuple<cute::_1, cute::tuple<cute::tuple<cute::tuple<cute::C<8>, cute::C<16>>, cute::_16>>>, cute::tuple<cute::C<0>, cute::tuple<cute::tuple<cute::tuple<cute::_16, cute::_1>, cute::_128>>>>, cute::tuple<cute::_1, cute::_16, cute::_128>>, TmaLoadWsKR=cute::TiledCopy<cute::Copy_Atom<cute::Copy_Traits<cute::SM90_TMA_LOAD, cute::C<2048>, cute::AuxTmaParams<cute::tuple<cute::ScaledBasis<cute::C<1>, 2>, cute::ScaledBasis<cute::C<1>, 1>, cute::ScaledBasis<cute::C<1>, 0>>, const cute::Layout<cute::tuple<cute::C<8>, cute::C<16>, cute::C<1>>, cute::tuple<cute::ScaledBasis<cute::C<1>, 2>, cute::ScaledBasis<cute::C<1>, 1>, cute::ScaledBasis<cute::C<1>, 0>>> &, const cute::Swizzle<0, 4, 3> &>>, cutlass::bfloat16_t>, cute::Layout<cute::tuple<cute::_1, cute::tuple<cute::tuple<cute::tuple<cute::C<8>, cute::C<16>>, cute::_16>>>, cute::tuple<cute::C<0>, cute::tuple<cute::tuple<cute::tuple<cute::_16, cute::_1>, cute::_128>>>>, cute::tuple<cute::_1, cute::_16, cute::_128>>, TmaLoadWsGT=cute::TiledCopy<cute::Copy_Atom<cute::Copy_Traits<cute::SM90_TMA_LOAD, cute::C<4096>, cute::AuxTmaParams<cute::tuple<cute::ScaledBasis<cute::C<1>, 1>, cute::ScaledBasis<cute::C<1>, 0>>, const cute::Layout<cute::tuple<cute::_128, cute::_1>, cute::tuple<cute::ScaledBasis<cute::C<1>, 1>, cute::ScaledBasis<cute::C<1>, 0>>> &, const cute::Swizzle<0, 4, 3> &>>, float>, cute::Layout<cute::tuple<cute::_1, cute::tuple<cute::tuple<cute::_128, cute::_1>>>, cute::tuple<cute::C<0>, cute::tuple<cute::tuple<cute::_1, cute::C<0>>>>>, cute::tuple<cute::_1, cute::_128>>, TmaLoadWsINV=cute::TiledCopy<cute::Copy_Atom<cute::Copy_Traits<cute::SM90_TMA_LOAD, cute::C<2048>, cute::AuxTmaParams<cute::tuple<cute::ScaledBasis<cute::C<1>, 2>, cute::ScaledBasis<cute::C<1>, 1>, cute::ScaledBasis<cute::C<1>, 0>>, const cute::Layout<cute::tuple<cute::C<8>, cute::C<16>, cute::C<1>>, cute::tuple<cute::ScaledBasis<cute::C<1>, 2>, cute::ScaledBasis<cute::C<1>, 1>, cute::ScaledBasis<cute::C<1>, 0>>> &, const cute::Swizzle<0, 4, 3> &>>, cutlass::bfloat16_t>, cute::Layout<cute::tuple<cute::_1, cute::tuple<cute::tuple<cute::tuple<cute::C<8>, cute::C<16>>, cute::_2>>>, cute::tuple<cute::C<0>, cute::tuple<cute::tuple<cute::tuple<cute::_16, cute::_1>, cute::_128>>>>, cute::tuple<cute::_1, cute::C<16>, cute::C<16>>>, TmaLoadWsMqk=cute::TiledCopy<cute::Copy_Atom<cute::Copy_Traits<cute::SM90_TMA_LOAD, cute::C<2048>, cute::AuxTmaParams<cute::tuple<cute::ScaledBasis<cute::C<1>, 2>, cute::ScaledBasis<cute::C<1>, 1>, cute::ScaledBasis<cute::C<1>, 0>>, const cute::Layout<cute::tuple<cute::C<8>, cute::C<16>, cute::C<1>>, cute::tuple<cute::ScaledBasis<cute::C<1>, 2>, cute::ScaledBasis<cute::C<1>, 1>, cute::ScaledBasis<cute::C<1>, 0>>> &, const cute::Swizzle<0, 4, 3> &>>, cutlass::bfloat16_t>, cute::Layout<cute::tuple<cute::_1, cute::tuple<cute::tuple<cute::tuple<cute::C<8>, cute::C<16>>, cute::_2>>>, cute::tuple<cute::C<0>, cute::tuple<cute::tuple<cute::tuple<cute::_16, cute::_1>, cute::_128>>>>, cute::tuple<cute::_1, cute::C<16>, cute::C<16>>>, TmaLoadState=cute::TiledCopy<cute::Copy_Atom<cute::Copy_Traits<cute::SM90_TMA_LOAD, cute::C<4096>, cute::AuxTmaParams<cute::tuple<cute::ScaledBasis<cute::C<1>, 2>, cute::ScaledBasis<cute::C<1>, 1>, cute::ScaledBasis<cute::C<1>, 0>>, const cute::Layout<cute::tuple<cute::C<8>, cute::C<32>, cute::C<1>>, cute::tuple<cute::ScaledBasis<cute::C<1>, 2>, cute::ScaledBasis<cute::C<1>, 1>, cute::ScaledBasis<cute::C<1>, 0>>> &, const cute::Swizzle<0, 4, 3> &>>, cutlass::bfloat16_t>, cute::Layout<cute::tuple<cute::_1, cute::tuple<cute::tuple<cute::tuple<cute::C<8>, cute::C<32>>, cute::_16>>>, cute::tuple<cute::C<0>, cute::tuple<cute::tuple<cute::tuple<cute::_32, cute::_1>, cute::_256>>>>, cute::tuple<cute::_1, cute::C<32>, cute::C<128>>>, TmaStoreState=cute::TiledCopy<cute::Copy_Atom<cute::Copy_Traits<cute::SM90_TMA_STORE, cute::C<4096>, cute::AuxTmaParams<cute::tuple<cute::ScaledBasis<cute::C<1>, 2>, cute::ScaledBasis<cute::C<1>, 1>, cute::ScaledBasis<cute::C<1>, 0>>, const cute::Layout<cute::tuple<cute::C<8>, cute::C<32>, cute::C<1>>, cute::tuple<cute::ScaledBasis<cute::C<1>, 2>, cute::ScaledBasis<cute::C<1>, 1>, cute::ScaledBasis<cute::C<1>, 0>>> &, const cute::Swizzle<0, 4, 3> &>>, cutlass::bfloat16_t>, cute::Layout<cute::tuple<cute::_1, cute::tuple<cute::tuple<cute::tuple<cute::C<8>, cute::C<32>>, cute::_16>>>, cute::tuple<cute::C<0>, cute::tuple<cute::tuple<cute::tuple<cute::_32, cute::_1>, cute::_256>>>>, cute::tuple<cute::_1, cute::C<32>, cute::C<128>>>, TmaStoreOut=cute::TiledCopy<cute::Copy_Atom<cute::Copy_Traits<cute::SM90_TMA_STORE, cute::C<2048>, cute::AuxTmaParams<cute::tuple<cute::ScaledBasis<cute::C<1>, 2>, cute::ScaledBasis<cute::C<1>, 1>, cute::ScaledBasis<int, 0>>, const cute::Layout<cute::tuple<cute::C<8>, cute::C<16>, cute::C<1>>, cute::tuple<cute::ScaledBasis<cute::C<1>, 2>, cute::ScaledBasis<cute::C<1>, 1>, cute::ScaledBasis<cute::C<1>, 0>>> &, const cute::Swizzle<0, 4, 3> &>>, cutlass::bfloat16_t>, cute::Layout<cute::tuple<cute::_1, cute::tuple<cute::tuple<cute::tuple<cute::C<8>, cute::C<16>>, cute::_4>>>, cute::tuple<cute::C<0>, cute::tuple<cute::tuple<cute::tuple<cute::_16, cute::_1>, cute::_128>>>>, cute::tuple<cute::_1, cute::C<16>, cute::C<32>>>, CHUNK=16, KDim=128, VDim=32, InputStages=3, OutputStages=2, NumThreads=128, HasStateIn=true, HasStateOut=true, StateFP32=false, IsVarlen=true]" at line 1399 of csrc/smxx/fwd_launch.cu
            instantiation of "void launch_fwd_vshard4_p2_phase1pf<D,HasStateIn,HasStateOut,StateFP32,IsVarlen>(const cutlass::bfloat16_t *, const cutlass::bfloat16_t *, const cutlass::bfloat16_t *, const cutlass::bfloat16_t *, const cutlass::bfloat16_t *, const void *, float, void *, cutlass::bfloat16_t *, void *, int, int, int, int, const int64_t *, const float *, const float *, float, cudaStream_t) [with D=128, HasStateIn=true, HasStateOut=true, StateFP32=false, IsVarlen=true]" at line 1437 of csrc/smxx/fwd_launch.cu

csrc/smxx/fwd_kernel2_vshard4_p2_phase1pf.cuh(687): error: no instance of overloaded function "copy" matches the argument list
            argument types are: (cute::TiledCopy<cute::Copy_Atom<cute::SM75_U32x4_LDSM_N, cutlass::bfloat16_t>, cute::Layout<cute::tuple<cute::tuple<cute::_4, cute::_8>, cute::tuple<cute::tuple<cute::_2, cute::_2, cute::_2>, cute::tuple<cute::_1, cute::_1>>>, cute::tuple<cute::tuple<cute::_32, cute::_1>, cute::tuple<cute::tuple<cute::_16, cute::_8, cute::_128>, cute::tuple<cute::_0, cute::_0>>>>, cute::tuple<cute::C<16>, cute::C<16>>>, cute::Tensor<cute::ViewEngine<cute::smem_ptr<cutlass::bfloat16_t *>>, cute::Layout<cute::tuple<cute::tuple<cute::_8, cute::_1>, cute::_1, cute::_1>, cute::tuple<cute::tuple<cute::_1, cute::C<0>>, cute::C<0>, cute::C<0>>>>, Phase1AInputViewT [2])
              copy(smem_tiled_copy_A, smem_thr_copy_A.partition_S(Mqk), tCrAi_k_view);
              ^
/home/lcpu/85117379/flashkda-phase1-prefetch-1ce47ea-b300-r2/cutlass/include/cute/algorithm/copy.hpp(173): note #3326-D: function template "cute::copy(const cute::AutoCopyAsync &, const cute::Tensor<SrcEngine, SrcLayout> &, cute::Tensor<DstEngine, DstLayout> &)" does not match because argument #1 does not match parameter
  copy(AutoCopyAsync const& cpy,
  ^
/home/lcpu/85117379/flashkda-phase1-prefetch-1ce47ea-b300-r2/cutlass/include/cute/algorithm/copy.hpp(189): note #3327-D: candidate function template "cute::copy(const cute::Copy_Atom<CopyArgs...> &, const cute::Tensor<SrcEngine, SrcLayout> &, cute::Tensor<DstEngine, DstLayout> &)" failed deduction
  copy(Copy_Atom<CopyArgs...> const& copy_atom,
  ^
/home/lcpu/85117379/flashkda-phase1-prefetch-1ce47ea-b300-r2/cutlass/include/cute/algorithm/copy.hpp(247): note #3327-D: candidate function template "cute::copy(const cute::AutoVectorizingCopyWithAssumedAlignment<MaxVecBits> &, const cute::Tensor<SrcEngine, SrcLayout> &, cute::Tensor<DstEngine, DstLayout> &)" failed deduction
  copy(AutoVectorizingCopyWithAssumedAlignment<MaxVecBits> const&,
  ^
/home/lcpu/85117379/flashkda-phase1-prefetch-1ce47ea-b300-r2/cutlass/include/cute/algorithm/copy.hpp(288): note #3327-D: candidate function template "cute::copy(const cute::AutoFilter<CopyOp> &, const cute::Tensor<SrcEngine, SrcLayout> &, cute::Tensor<DstEngine, DstLayout> &)" failed deduction
  copy(AutoFilter<CopyOp> const& copy_op,
  ^
/home/lcpu/85117379/flashkda-phase1-prefetch-1ce47ea-b300-r2/cutlass/include/cute/algorithm/copy.hpp(312): note #3322-D: number of parameters of function template "cute::copy(const cute::Tensor<SrcEngine, SrcLayout> &, cute::Tensor<DstEngine, DstLayout> &)" does not match the call
  copy(Tensor<SrcEngine, SrcLayout> const& src,
  ^
/home/lcpu/85117379/flashkda-phase1-prefetch-1ce47ea-b300-r2/cutlass/include/cute/algorithm/copy.hpp(350): note #3327-D: candidate function template "cute::copy(const cute::Copy_Atom<cute::AutoVectorizingCopyWithAssumedAlignment<MaxVecBits>, Args...> &, const cute::Tensor<SrcEngine, SrcLayout> &, cute::Tensor<DstEngine, DstLayout> &)" failed deduction
  copy(Copy_Atom<AutoVectorizingCopyWithAssumedAlignment<MaxVecBits>, Args...> const&,
  ^
/home/lcpu/85117379/flashkda-phase1-prefetch-1ce47ea-b300-r2/cutlass/include/cute/algorithm/copy.hpp(362): note #3327-D: candidate function template "cute::copy(const cute::Copy_Atom<cute::Copy_Traits<cute::AutoVectorizingCopyWithAssumedAlignment<MaxVecBits>>, Args...> &, const cute::Tensor<SrcEngine, SrcLayout> &, cute::Tensor<DstEngine, DstLayout> &)" failed deduction
  copy(Copy_Atom<Copy_Traits<AutoVectorizingCopyWithAssumedAlignment<MaxVecBits>>, Args...> const&,
  ^
/home/lcpu/85117379/flashkda-phase1-prefetch-1ce47ea-b300-r2/cutlass/include/cute/algorithm/copy.hpp(375): note #3327-D: candidate function template "cute::copy(const cute::Copy_Traits<cute::SM90_BULK_COPY_AUTO, CT_Args...> &, const cute::Tensor<SrcEngine, SrcLayout> &, cute::Tensor<DstEngine, DstLayout> &)" failed deduction
  copy(Copy_Traits<SM90_BULK_COPY_AUTO, CT_Args...> const& atom,
  ^
/home/lcpu/85117379/flashkda-phase1-prefetch-1ce47ea-b300-r2/cutlass/include/cute/algorithm/copy.hpp(408): note #3327-D: candidate function template "cute::copy(const cute::Copy_Atom<cute::Copy_Traits<cute::SM90_BULK_COPY_AUTO, CT_Args...>, CA_Args...> &, const cute::Tensor<SrcEngine, SrcLayout> &, cute::Tensor<DstEngine, DstLayout> &)" failed deduction
  copy(Copy_Atom<Copy_Traits<SM90_BULK_COPY_AUTO, CT_Args...>, CA_Args...> const& atom,
  ^
/home/lcpu/85117379/flashkda-phase1-prefetch-1ce47ea-b300-r2/cutlass/include/cute/algorithm/copy.hpp(439): note #3327-D: candidate function template "cute::copy(const cute::TiledCopy<CopyAtom, TV, Tiler> &, const cute::Tensor<SrcEngine, SrcLayout> &, cute::Tensor<DstEngine, DstLayout> &)" failed deduction
  copy(TiledCopy<CopyAtom, TV, Tiler> const& tiled_copy,
  ^
/home/lcpu/85117379/flashkda-phase1-prefetch-1ce47ea-b300-r2/cutlass/include/cute/algorithm/copy.hpp(462): note #3327-D: candidate function template "cute::copy(const cute::ThrCopy<TiledCopy, ThrIdx> &, const cute::Tensor<SrcEngine, SrcLayout> &, cute::Tensor<DstEngine, DstLayout> &)" failed deduction
  copy(ThrCopy<TiledCopy, ThrIdx> const& thr_copy,
  ^
/home/lcpu/85117379/flashkda-phase1-prefetch-1ce47ea-b300-r2/cutlass/include/cute/algorithm/copy.hpp(489): note #3327-D: candidate function template "cute::copy(const CopyPolicy &, const cute::Tensor<SrcEngine, SrcLayout> &, cute::Tensor<DstEngine, DstLayout> &)" failed deduction
  copy(CopyPolicy const& cpy,
  ^
/home/lcpu/85117379/flashkda-phase1-prefetch-1ce47ea-b300-r2/cutlass/include/cute/algorithm/copy.hpp(530): note #3322-D: number of parameters of function template "cute::copy(const cute::Tensor<SrcEngine, SrcLayout> &, cute::Tensor<DstEngine, DstLayout> &&)" does not match the call
  copy(Tensor<SrcEngine, SrcLayout> const& src,
  ^
/home/lcpu/85117379/flashkda-phase1-prefetch-1ce47ea-b300-r2/cutlass/include/cute/algorithm/copy.hpp(541): note #3327-D: candidate function template "cute::copy(const CopyPolicy &, const cute::Tensor<SrcEngine, SrcLayout> &, cute::Tensor<DstEngine, DstLayout> &&)" failed deduction
  copy(CopyPolicy const& copy_policy,
  ^
          detected during:
            instantiation of "void _flash_kda_fwd_recurrence_vshard4_p2_phase1pf<TmaLoadV,TmaLoadBeta,TmaLoadWsKD,TmaLoadWsQD,TmaLoadWsKR,TmaLoadWsGT,TmaLoadWsINV,TmaLoadWsMqk,TmaLoadState,TmaStoreState,TmaStoreOut,CHUNK,KDim,VDim,InputStages,OutputStages,NumThreads,HasStateIn,HasStateOut,StateFP32,IsVarlen>(TmaLoadV, TmaLoadBeta, TmaLoadWsKD, TmaLoadWsQD, TmaLoadWsKR, TmaLoadWsGT, TmaLoadWsINV, TmaLoadWsMqk, TmaLoadState, TmaStoreState, TmaStoreOut, cutlass::bfloat16_t *, int, int, int, const int64_t *, int) [with TmaLoadV=cute::TiledCopy<cute::Copy_Atom<cute::Copy_Traits<cute::SM90_TMA_LOAD, cute::C<2048>, cute::AuxTmaParams<cute::tuple<cute::ScaledBasis<cute::C<1>, 2>, cute::ScaledBasis<cute::C<1>, 1>, cute::ScaledBasis<int, 0>>, const cute::Layout<cute::tuple<cute::C<8>, cute::C<16>, cute::C<1>>, cute::tuple<cute::ScaledBasis<cute::C<1>, 2>, cute::ScaledBasis<cute::C<1>, 1>, cute::ScaledBasis<cute::C<1>, 0>>> &, const cute::Swizzle<0, 4, 3> &>>, cutlass::bfloat16_t>, cute::Layout<cute::tuple<cute::_1, cute::tuple<cute::tuple<cute::tuple<cute::C<8>, cute::C<16>>, cute::_4>>>, cute::tuple<cute::C<0>, cute::tuple<cute::tuple<cute::tuple<cute::_16, cute::_1>, cute::_128>>>>, cute::tuple<cute::_1, cute::C<16>, cute::C<32>>>, TmaLoadBeta=cute::TiledCopy<cute::Copy_Atom<cute::Copy_Traits<cute::SM90_TMA_LOAD, cute::C<512>, cute::AuxTmaParams<cute::tuple<cute::ScaledBasis<cute::C<1>, 0>>, const cute::Layout<cute::tuple<cute::_32>, cute::tuple<cute::ScaledBasis<cute::C<1>, 0>>> &, const cute::Swizzle<0, 4, 3> &>>, cutlass::bfloat16_t>, cute::Layout<cute::tuple<cute::_1, cute::tuple<cute::tuple<cute::_32, cute::_1>>>, cute::tuple<cute::C<0>, cute::tuple<cute::tuple<cute::_1, cute::C<0>>>>>, cute::tuple<cute::_32>>, TmaLoadWsKD=cute::TiledCopy<cute::Copy_Atom<cute::Copy_Traits<cute::SM90_TMA_LOAD, cute::C<2048>, cute::AuxTmaParams<cute::tuple<cute::ScaledBasis<cute::C<1>, 2>, cute::ScaledBasis<cute::C<1>, 1>, cute::ScaledBasis<cute::C<1>, 0>>, const cute::Layout<cute::tuple<cute::C<8>, cute::C<16>, cute::C<1>>, cute::tuple<cute::ScaledBasis<cute::C<1>, 2>, cute::ScaledBasis<cute::C<1>, 1>, cute::ScaledBasis<cute::C<1>, 0>>> &, const cute::Swizzle<0, 4, 3> &>>, cutlass::bfloat16_t>, cute::Layout<cute::tuple<cute::_1, cute::tuple<cute::tuple<cute::tuple<cute::C<8>, cute::C<16>>, cute::_16>>>, cute::tuple<cute::C<0>, cute::tuple<cute::tuple<cute::tuple<cute::_16, cute::_1>, cute::_128>>>>, cute::tuple<cute::_1, cute::_16, cute::_128>>, TmaLoadWsQD=cute::TiledCopy<cute::Copy_Atom<cute::Copy_Traits<cute::SM90_TMA_LOAD, cute::C<2048>, cute::AuxTmaParams<cute::tuple<cute::ScaledBasis<cute::C<1>, 2>, cute::ScaledBasis<cute::C<1>, 1>, cute::ScaledBasis<cute::C<1>, 0>>, const cute::Layout<cute::tuple<cute::C<8>, cute::C<16>, cute::C<1>>, cute::tuple<cute::ScaledBasis<cute::C<1>, 2>, cute::ScaledBasis<cute::C<1>, 1>, cute::ScaledBasis<cute::C<1>, 0>>> &, const cute::Swizzle<0, 4, 3> &>>, cutlass::bfloat16_t>, cute::Layout<cute::tuple<cute::_1, cute::tuple<cute::tuple<cute::tuple<cute::C<8>, cute::C<16>>, cute::_16>>>, cute::tuple<cute::C<0>, cute::tuple<cute::tuple<cute::tuple<cute::_16, cute::_1>, cute::_128>>>>, cute::tuple<cute::_1, cute::_16, cute::_128>>, TmaLoadWsKR=cute::TiledCopy<cute::Copy_Atom<cute::Copy_Traits<cute::SM90_TMA_LOAD, cute::C<2048>, cute::AuxTmaParams<cute::tuple<cute::ScaledBasis<cute::C<1>, 2>, cute::ScaledBasis<cute::C<1>, 1>, cute::ScaledBasis<cute::C<1>, 0>>, const cute::Layout<cute::tuple<cute::C<8>, cute::C<16>, cute::C<1>>, cute::tuple<cute::ScaledBasis<cute::C<1>, 2>, cute::ScaledBasis<cute::C<1>, 1>, cute::ScaledBasis<cute::C<1>, 0>>> &, const cute::Swizzle<0, 4, 3> &>>, cutlass::bfloat16_t>, cute::Layout<cute::tuple<cute::_1, cute::tuple<cute::tuple<cute::tuple<cute::C<8>, cute::C<16>>, cute::_16>>>, cute::tuple<cute::C<0>, cute::tuple<cute::tuple<cute::tuple<cute::_16, cute::_1>, cute::_128>>>>, cute::tuple<cute::_1, cute::_16, cute::_128>>, TmaLoadWsGT=cute::TiledCopy<cute::Copy_Atom<cute::Copy_Traits<cute::SM90_TMA_LOAD, cute::C<4096>, cute::AuxTmaParams<cute::tuple<cute::ScaledBasis<cute::C<1>, 1>, cute::ScaledBasis<cute::C<1>, 0>>, const cute::Layout<cute::tuple<cute::_128, cute::_1>, cute::tuple<cute::ScaledBasis<cute::C<1>, 1>, cute::ScaledBasis<cute::C<1>, 0>>> &, const cute::Swizzle<0, 4, 3> &>>, float>, cute::Layout<cute::tuple<cute::_1, cute::tuple<cute::tuple<cute::_128, cute::_1>>>, cute::tuple<cute::C<0>, cute::tuple<cute::tuple<cute::_1, cute::C<0>>>>>, cute::tuple<cute::_1, cute::_128>>, TmaLoadWsINV=cute::TiledCopy<cute::Copy_Atom<cute::Copy_Traits<cute::SM90_TMA_LOAD, cute::C<2048>, cute::AuxTmaParams<cute::tuple<cute::ScaledBasis<cute::C<1>, 2>, cute::ScaledBasis<cute::C<1>, 1>, cute::ScaledBasis<cute::C<1>, 0>>, const cute::Layout<cute::tuple<cute::C<8>, cute::C<16>, cute::C<1>>, cute::tuple<cute::ScaledBasis<cute::C<1>, 2>, cute::ScaledBasis<cute::C<1>, 1>, cute::ScaledBasis<cute::C<1>, 0>>> &, const cute::Swizzle<0, 4, 3> &>>, cutlass::bfloat16_t>, cute::Layout<cute::tuple<cute::_1, cute::tuple<cute::tuple<cute::tuple<cute::C<8>, cute::C<16>>, cute::_2>>>, cute::tuple<cute::C<0>, cute::tuple<cute::tuple<cute::tuple<cute::_16, cute::_1>, cute::_128>>>>, cute::tuple<cute::_1, cute::C<16>, cute::C<16>>>, TmaLoadWsMqk=cute::TiledCopy<cute::Copy_Atom<cute::Copy_Traits<cute::SM90_TMA_LOAD, cute::C<2048>, cute::AuxTmaParams<cute::tuple<cute::ScaledBasis<cute::C<1>, 2>, cute::ScaledBasis<cute::C<1>, 1>, cute::ScaledBasis<cute::C<1>, 0>>, const cute::Layout<cute::tuple<cute::C<8>, cute::C<16>, cute::C<1>>, cute::tuple<cute::ScaledBasis<cute::C<1>, 2>, cute::ScaledBasis<cute::C<1>, 1>, cute::ScaledBasis<cute::C<1>, 0>>> &, const cute::Swizzle<0, 4, 3> &>>, cutlass::bfloat16_t>, cute::Layout<cute::tuple<cute::_1, cute::tuple<cute::tuple<cute::tuple<cute::C<8>, cute::C<16>>, cute::_2>>>, cute::tuple<cute::C<0>, cute::tuple<cute::tuple<cute::tuple<cute::_16, cute::_1>, cute::_128>>>>, cute::tuple<cute::_1, cute::C<16>, cute::C<16>>>, TmaLoadState=cute::TiledCopy<cute::Copy_Atom<cute::Copy_Traits<cute::SM90_TMA_LOAD, cute::C<4096>, cute::AuxTmaParams<cute::tuple<cute::ScaledBasis<cute::C<1>, 2>, cute::ScaledBasis<cute::C<1>, 1>, cute::ScaledBasis<cute::C<1>, 0>>, const cute::Layout<cute::tuple<cute::C<8>, cute::C<32>, cute::C<1>>, cute::tuple<cute::ScaledBasis<cute::C<1>, 2>, cute::ScaledBasis<cute::C<1>, 1>, cute::ScaledBasis<cute::C<1>, 0>>> &, const cute::Swizzle<0, 4, 3> &>>, cutlass::bfloat16_t>, cute::Layout<cute::tuple<cute::_1, cute::tuple<cute::tuple<cute::tuple<cute::C<8>, cute::C<32>>, cute::_16>>>, cute::tuple<cute::C<0>, cute::tuple<cute::tuple<cute::tuple<cute::_32, cute::_1>, cute::_256>>>>, cute::tuple<cute::_1, cute::C<32>, cute::C<128>>>, TmaStoreState=cute::TiledCopy<cute::Copy_Atom<cute::Copy_Traits<cute::SM90_TMA_STORE, cute::C<4096>, cute::AuxTmaParams<cute::tuple<cute::ScaledBasis<cute::C<1>, 2>, cute::ScaledBasis<cute::C<1>, 1>, cute::ScaledBasis<cute::C<1>, 0>>, const cute::Layout<cute::tuple<cute::C<8>, cute::C<32>, cute::C<1>>, cute::tuple<cute::ScaledBasis<cute::C<1>, 2>, cute::ScaledBasis<cute::C<1>, 1>, cute::ScaledBasis<cute::C<1>, 0>>> &, const cute::Swizzle<0, 4, 3> &>>, cutlass::bfloat16_t>, cute::Layout<cute::tuple<cute::_1, cute::tuple<cute::tuple<cute::tuple<cute::C<8>, cute::C<32>>, cute::_16>>>, cute::tuple<cute::C<0>, cute::tuple<cute::tuple<cute::tuple<cute::_32, cute::_1>, cute::_256>>>>, cute::tuple<cute::_1, cute::C<32>, cute::C<128>>>, TmaStoreOut=cute::TiledCopy<cute::Copy_Atom<cute::Copy_Traits<cute::SM90_TMA_STORE, cute::C<2048>, cute::AuxTmaParams<cute::tuple<cute::ScaledBasis<cute::C<1>, 2>, cute::ScaledBasis<cute::C<1>, 1>, cute::ScaledBasis<int, 0>>, const cute::Layout<cute::tuple<cute::C<8>, cute::C<16>, cute::C<1>>, cute::tuple<cute::ScaledBasis<cute::C<1>, 2>, cute::ScaledBasis<cute::C<1>, 1>, cute::ScaledBasis<cute::C<1>, 0>>> &, const cute::Swizzle<0, 4, 3> &>>, cutlass::bfloat16_t>, cute::Layout<cute::tuple<cute::_1, cute::tuple<cute::tuple<cute::tuple<cute::C<8>, cute::C<16>>, cute::_4>>>, cute::tuple<cute::C<0>, cute::tuple<cute::tuple<cute::tuple<cute::_16, cute::_1>, cute::_128>>>>, cute::tuple<cute::_1, cute::C<16>, cute::C<32>>>, CHUNK=16, KDim=128, VDim=32, InputStages=3, OutputStages=2, NumThreads=128, HasStateIn=true, HasStateOut=true, StateFP32=false, IsVarlen=true]" at line 1399 of csrc/smxx/fwd_launch.cu
            instantiation of "void launch_fwd_vshard4_p2_phase1pf<D,HasStateIn,HasStateOut,StateFP32,IsVarlen>(const cutlass::bfloat16_t *, const cutlass::bfloat16_t *, const cutlass::bfloat16_t *, const cutlass::bfloat16_t *, const cutlass::bfloat16_t *, const void *, float, void *, cutlass::bfloat16_t *, void *, int, int, int, int, const int64_t *, const float *, const float *, float, cudaStream_t) [with D=128, HasStateIn=true, HasStateOut=true, StateFP32=false, IsVarlen=true]" at line 1437 of csrc/smxx/fwd_launch.cu

csrc/smxx/fwd_kernel2_vshard4_p2_phase1pf.cuh(644): error: no instance of overloaded function "copy" matches the argument list
            argument types are: (cute::TiledCopy<cute::Copy_Atom<cute::SM75_U32x4_LDSM_N, cutlass::bfloat16_t>, cute::Layout<cute::tuple<cute::tuple<cute::_4, cute::_8>, cute::tuple<cute::tuple<cute::_2, cute::_2, cute::_2>, cute::tuple<cute::_1, cute::_1>>>, cute::tuple<cute::tuple<cute::_32, cute::_1>, cute::tuple<cute::tuple<cute::_16, cute::_8, cute::_128>, cute::tuple<cute::_0, cute::_0>>>>, cute::tuple<cute::C<16>, cute::C<16>>>, cute::Tensor<cute::ViewEngine<cute::smem_ptr<cutlass::bfloat16_t *>>, cute::Layout<cute::tuple<cute::tuple<cute::_8, cute::_1>, cute::_1, cute::_1>, cute::tuple<cute::tuple<cute::_1, cute::C<0>>, cute::C<0>, cute::C<0>>>>, Phase1AInputViewT [2])
              copy(smem_tiled_copy_A, smem_thr_copy_A.partition_S(INV), tCrAi_k_view);
              ^
/home/lcpu/85117379/flashkda-phase1-prefetch-1ce47ea-b300-r2/cutlass/include/cute/algorithm/copy.hpp(173): note #3326-D: function template "cute::copy(const cute::AutoCopyAsync &, const cute::Tensor<SrcEngine, SrcLayout> &, cute::Tensor<DstEngine, DstLayout> &)" does not match because argument #1 does not match parameter
  copy(AutoCopyAsync const& cpy,
  ^
/home/lcpu/85117379/flashkda-phase1-prefetch-1ce47ea-b300-r2/cutlass/include/cute/algorithm/copy.hpp(189): note #3327-D: candidate function template "cute::copy(const cute::Copy_Atom<CopyArgs...> &, const cute::Tensor<SrcEngine, SrcLayout> &, cute::Tensor<DstEngine, DstLayout> &)" failed deduction
  copy(Copy_Atom<CopyArgs...> const& copy_atom,
  ^
/home/lcpu/85117379/flashkda-phase1-prefetch-1ce47ea-b300-r2/cutlass/include/cute/algorithm/copy.hpp(247): note #3327-D: candidate function template "cute::copy(const cute::AutoVectorizingCopyWithAssumedAlignment<MaxVecBits> &, const cute::Tensor<SrcEngine, SrcLayout> &, cute::Tensor<DstEngine, DstLayout> &)" failed deduction
  copy(AutoVectorizingCopyWithAssumedAlignment<MaxVecBits> const&,
  ^
/home/lcpu/85117379/flashkda-phase1-prefetch-1ce47ea-b300-r2/cutlass/include/cute/algorithm/copy.hpp(288): note #3327-D: candidate function template "cute::copy(const cute::AutoFilter<CopyOp> &, const cute::Tensor<SrcEngine, SrcLayout> &, cute::Tensor<DstEngine, DstLayout> &)" failed deduction
  copy(AutoFilter<CopyOp> const& copy_op,
  ^
/home/lcpu/85117379/flashkda-phase1-prefetch-1ce47ea-b300-r2/cutlass/include/cute/algorithm/copy.hpp(312): note #3322-D: number of parameters of function template "cute::copy(const cute::Tensor<SrcEngine, SrcLayout> &, cute::Tensor<DstEngine, DstLayout> &)" does not match the call
  copy(Tensor<SrcEngine, SrcLayout> const& src,
  ^
/home/lcpu/85117379/flashkda-phase1-prefetch-1ce47ea-b300-r2/cutlass/include/cute/algorithm/copy.hpp(350): note #3327-D: candidate function template "cute::copy(const cute::Copy_Atom<cute::AutoVectorizingCopyWithAssumedAlignment<MaxVecBits>, Args...> &, const cute::Tensor<SrcEngine, SrcLayout> &, cute::Tensor<DstEngine, DstLayout> &)" failed deduction
  copy(Copy_Atom<AutoVectorizingCopyWithAssumedAlignment<MaxVecBits>, Args...> const&,
  ^
/home/lcpu/85117379/flashkda-phase1-prefetch-1ce47ea-b300-r2/cutlass/include/cute/algorithm/copy.hpp(362): note #3327-D: candidate function template "cute::copy(const cute::Copy_Atom<cute::Copy_Traits<cute::AutoVectorizingCopyWithAssumedAlignment<MaxVecBits>>, Args...> &, const cute::Tensor<SrcEngine, SrcLayout> &, cute::Tensor<DstEngine, DstLayout> &)" failed deduction
  copy(Copy_Atom<Copy_Traits<AutoVectorizingCopyWithAssumedAlignment<MaxVecBits>>, Args...> const&,
  ^
/home/lcpu/85117379/flashkda-phase1-prefetch-1ce47ea-b300-r2/cutlass/include/cute/algorithm/copy.hpp(375): note #3327-D: candidate function template "cute::copy(const cute::Copy_Traits<cute::SM90_BULK_COPY_AUTO, CT_Args...> &, const cute::Tensor<SrcEngine, SrcLayout> &, cute::Tensor<DstEngine, DstLayout> &)" failed deduction
  copy(Copy_Traits<SM90_BULK_COPY_AUTO, CT_Args...> const& atom,
  ^
/home/lcpu/85117379/flashkda-phase1-prefetch-1ce47ea-b300-r2/cutlass/include/cute/algorithm/copy.hpp(408): note #3327-D: candidate function template "cute::copy(const cute::Copy_Atom<cute::Copy_Traits<cute::SM90_BULK_COPY_AUTO, CT_Args...>, CA_Args...> &, const cute::Tensor<SrcEngine, SrcLayout> &, cute::Tensor<DstEngine, DstLayout> &)" failed deduction
  copy(Copy_Atom<Copy_Traits<SM90_BULK_COPY_AUTO, CT_Args...>, CA_Args...> const& atom,
  ^
/home/lcpu/85117379/flashkda-phase1-prefetch-1ce47ea-b300-r2/cutlass/include/cute/algorithm/copy.hpp(439): note #3327-D: candidate function template "cute::copy(const cute::TiledCopy<CopyAtom, TV, Tiler> &, const cute::Tensor<SrcEngine, SrcLayout> &, cute::Tensor<DstEngine, DstLayout> &)" failed deduction
  copy(TiledCopy<CopyAtom, TV, Tiler> const& tiled_copy,
  ^
/home/lcpu/85117379/flashkda-phase1-prefetch-1ce47ea-b300-r2/cutlass/include/cute/algorithm/copy.hpp(462): note #3327-D: candidate function template "cute::copy(const cute::ThrCopy<TiledCopy, ThrIdx> &, const cute::Tensor<SrcEngine, SrcLayout> &, cute::Tensor<DstEngine, DstLayout> &)" failed deduction
  copy(ThrCopy<TiledCopy, ThrIdx> const& thr_copy,
  ^
/home/lcpu/85117379/flashkda-phase1-prefetch-1ce47ea-b300-r2/cutlass/include/cute/algorithm/copy.hpp(489): note #3327-D: candidate function template "cute::copy(const CopyPolicy &, const cute::Tensor<SrcEngine, SrcLayout> &, cute::Tensor<DstEngine, DstLayout> &)" failed deduction
  copy(CopyPolicy const& cpy,
  ^
/home/lcpu/85117379/flashkda-phase1-prefetch-1ce47ea-b300-r2/cutlass/include/cute/algorithm/copy.hpp(530): note #3322-D: number of parameters of function template "cute::copy(const cute::Tensor<SrcEngine, SrcLayout> &, cute::Tensor<DstEngine, DstLayout> &&)" does not match the call
  copy(Tensor<SrcEngine, SrcLayout> const& src,
  ^
/home/lcpu/85117379/flashkda-phase1-prefetch-1ce47ea-b300-r2/cutlass/include/cute/algorithm/copy.hpp(541): note #3327-D: candidate function template "cute::copy(const CopyPolicy &, const cute::Tensor<SrcEngine, SrcLayout> &, cute::Tensor<DstEngine, DstLayout> &&)" failed deduction
  copy(CopyPolicy const& copy_policy,
  ^
          detected during:
            instantiation of "void _flash_kda_fwd_recurrence_vshard4_p2_phase1pf<TmaLoadV,TmaLoadBeta,TmaLoadWsKD,TmaLoadWsQD,TmaLoadWsKR,TmaLoadWsGT,TmaLoadWsINV,TmaLoadWsMqk,TmaLoadState,TmaStoreState,TmaStoreOut,CHUNK,KDim,VDim,InputStages,OutputStages,NumThreads,HasStateIn,HasStateOut,StateFP32,IsVarlen>(TmaLoadV, TmaLoadBeta, TmaLoadWsKD, TmaLoadWsQD, TmaLoadWsKR, TmaLoadWsGT, TmaLoadWsINV, TmaLoadWsMqk, TmaLoadState, TmaStoreState, TmaStoreOut, cutlass::bfloat16_t *, int, int, int, const int64_t *, int) [with TmaLoadV=cute::TiledCopy<cute::Copy_Atom<cute::Copy_Traits<cute::SM90_TMA_LOAD, cute::C<2048>, cute::AuxTmaParams<cute::tuple<cute::ScaledBasis<cute::C<1>, 2>, cute::ScaledBasis<cute::C<1>, 1>, cute::ScaledBasis<int, 0>>, const cute::Layout<cute::tuple<cute::C<8>, cute::C<16>, cute::C<1>>, cute::tuple<cute::ScaledBasis<cute::C<1>, 2>, cute::ScaledBasis<cute::C<1>, 1>, cute::ScaledBasis<cute::C<1>, 0>>> &, const cute::Swizzle<0, 4, 3> &>>, cutlass::bfloat16_t>, cute::Layout<cute::tuple<cute::_1, cute::tuple<cute::tuple<cute::tuple<cute::C<8>, cute::C<16>>, cute::_4>>>, cute::tuple<cute::C<0>, cute::tuple<cute::tuple<cute::tuple<cute::_16, cute::_1>, cute::_128>>>>, cute::tuple<cute::_1, cute::C<16>, cute::C<32>>>, TmaLoadBeta=cute::TiledCopy<cute::Copy_Atom<cute::Copy_Traits<cute::SM90_TMA_LOAD, cute::C<512>, cute::AuxTmaParams<cute::tuple<cute::ScaledBasis<cute::C<1>, 0>>, const cute::Layout<cute::tuple<cute::_32>, cute::tuple<cute::ScaledBasis<cute::C<1>, 0>>> &, const cute::Swizzle<0, 4, 3> &>>, cutlass::bfloat16_t>, cute::Layout<cute::tuple<cute::_1, cute::tuple<cute::tuple<cute::_32, cute::_1>>>, cute::tuple<cute::C<0>, cute::tuple<cute::tuple<cute::_1, cute::C<0>>>>>, cute::tuple<cute::_32>>, TmaLoadWsKD=cute::TiledCopy<cute::Copy_Atom<cute::Copy_Traits<cute::SM90_TMA_LOAD, cute::C<2048>, cute::AuxTmaParams<cute::tuple<cute::ScaledBasis<cute::C<1>, 2>, cute::ScaledBasis<cute::C<1>, 1>, cute::ScaledBasis<cute::C<1>, 0>>, const cute::Layout<cute::tuple<cute::C<8>, cute::C<16>, cute::C<1>>, cute::tuple<cute::ScaledBasis<cute::C<1>, 2>, cute::ScaledBasis<cute::C<1>, 1>, cute::ScaledBasis<cute::C<1>, 0>>> &, const cute::Swizzle<0, 4, 3> &>>, cutlass::bfloat16_t>, cute::Layout<cute::tuple<cute::_1, cute::tuple<cute::tuple<cute::tuple<cute::C<8>, cute::C<16>>, cute::_16>>>, cute::tuple<cute::C<0>, cute::tuple<cute::tuple<cute::tuple<cute::_16, cute::_1>, cute::_128>>>>, cute::tuple<cute::_1, cute::_16, cute::_128>>, TmaLoadWsQD=cute::TiledCopy<cute::Copy_Atom<cute::Copy_Traits<cute::SM90_TMA_LOAD, cute::C<2048>, cute::AuxTmaParams<cute::tuple<cute::ScaledBasis<cute::C<1>, 2>, cute::ScaledBasis<cute::C<1>, 1>, cute::ScaledBasis<cute::C<1>, 0>>, const cute::Layout<cute::tuple<cute::C<8>, cute::C<16>, cute::C<1>>, cute::tuple<cute::ScaledBasis<cute::C<1>, 2>, cute::ScaledBasis<cute::C<1>, 1>, cute::ScaledBasis<cute::C<1>, 0>>> &, const cute::Swizzle<0, 4, 3> &>>, cutlass::bfloat16_t>, cute::Layout<cute::tuple<cute::_1, cute::tuple<cute::tuple<cute::tuple<cute::C<8>, cute::C<16>>, cute::_16>>>, cute::tuple<cute::C<0>, cute::tuple<cute::tuple<cute::tuple<cute::_16, cute::_1>, cute::_128>>>>, cute::tuple<cute::_1, cute::_16, cute::_128>>, TmaLoadWsKR=cute::TiledCopy<cute::Copy_Atom<cute::Copy_Traits<cute::SM90_TMA_LOAD, cute::C<2048>, cute::AuxTmaParams<cute::tuple<cute::ScaledBasis<cute::C<1>, 2>, cute::ScaledBasis<cute::C<1>, 1>, cute::ScaledBasis<cute::C<1>, 0>>, const cute::Layout<cute::tuple<cute::C<8>, cute::C<16>, cute::C<1>>, cute::tuple<cute::ScaledBasis<cute::C<1>, 2>, cute::ScaledBasis<cute::C<1>, 1>, cute::ScaledBasis<cute::C<1>, 0>>> &, const cute::Swizzle<0, 4, 3> &>>, cutlass::bfloat16_t>, cute::Layout<cute::tuple<cute::_1, cute::tuple<cute::tuple<cute::tuple<cute::C<8>, cute::C<16>>, cute::_16>>>, cute::tuple<cute::C<0>, cute::tuple<cute::tuple<cute::tuple<cute::_16, cute::_1>, cute::_128>>>>, cute::tuple<cute::_1, cute::_16, cute::_128>>, TmaLoadWsGT=cute::TiledCopy<cute::Copy_Atom<cute::Copy_Traits<cute::SM90_TMA_LOAD, cute::C<4096>, cute::AuxTmaParams<cute::tuple<cute::ScaledBasis<cute::C<1>, 1>, cute::ScaledBasis<cute::C<1>, 0>>, const cute::Layout<cute::tuple<cute::_128, cute::_1>, cute::tuple<cute::ScaledBasis<cute::C<1>, 1>, cute::ScaledBasis<cute::C<1>, 0>>> &, const cute::Swizzle<0, 4, 3> &>>, float>, cute::Layout<cute::tuple<cute::_1, cute::tuple<cute::tuple<cute::_128, cute::_1>>>, cute::tuple<cute::C<0>, cute::tuple<cute::tuple<cute::_1, cute::C<0>>>>>, cute::tuple<cute::_1, cute::_128>>, TmaLoadWsINV=cute::TiledCopy<cute::Copy_Atom<cute::Copy_Traits<cute::SM90_TMA_LOAD, cute::C<2048>, cute::AuxTmaParams<cute::tuple<cute::ScaledBasis<cute::C<1>, 2>, cute::ScaledBasis<cute::C<1>, 1>, cute::ScaledBasis<cute::C<1>, 0>>, const cute::Layout<cute::tuple<cute::C<8>, cute::C<16>, cute::C<1>>, cute::tuple<cute::ScaledBasis<cute::C<1>, 2>, cute::ScaledBasis<cute::C<1>, 1>, cute::ScaledBasis<cute::C<1>, 0>>> &, const cute::Swizzle<0, 4, 3> &>>, cutlass::bfloat16_t>, cute::Layout<cute::tuple<cute::_1, cute::tuple<cute::tuple<cute::tuple<cute::C<8>, cute::C<16>>, cute::_2>>>, cute::tuple<cute::C<0>, cute::tuple<cute::tuple<cute::tuple<cute::_16, cute::_1>, cute::_128>>>>, cute::tuple<cute::_1, cute::C<16>, cute::C<16>>>, TmaLoadWsMqk=cute::TiledCopy<cute::Copy_Atom<cute::Copy_Traits<cute::SM90_TMA_LOAD, cute::C<2048>, cute::AuxTmaParams<cute::tuple<cute::ScaledBasis<cute::C<1>, 2>, cute::ScaledBasis<cute::C<1>, 1>, cute::ScaledBasis<cute::C<1>, 0>>, const cute::Layout<cute::tuple<cute::C<8>, cute::C<16>, cute::C<1>>, cute::tuple<cute::ScaledBasis<cute::C<1>, 2>, cute::ScaledBasis<cute::C<1>, 1>, cute::ScaledBasis<cute::C<1>, 0>>> &, const cute::Swizzle<0, 4, 3> &>>, cutlass::bfloat16_t>, cute::Layout<cute::tuple<cute::_1, cute::tuple<cute::tuple<cute::tuple<cute::C<8>, cute::C<16>>, cute::_2>>>, cute::tuple<cute::C<0>, cute::tuple<cute::tuple<cute::tuple<cute::_16, cute::_1>, cute::_128>>>>, cute::tuple<cute::_1, cute::C<16>, cute::C<16>>>, TmaLoadState=cute::TiledCopy<cute::Copy_Atom<cute::Copy_Traits<cute::SM90_TMA_LOAD, cute::C<8192>, cute::AuxTmaParams<cute::tuple<cute::ScaledBasis<cute::C<1>, 2>, cute::ScaledBasis<cute::C<1>, 1>, cute::ScaledBasis<cute::C<1>, 0>>, const cute::Layout<cute::tuple<cute::C<8>, cute::C<32>, cute::C<1>>, cute::tuple<cute::ScaledBasis<cute::C<1>, 2>, cute::ScaledBasis<cute::C<1>, 1>, cute::ScaledBasis<cute::C<1>, 0>>> &, const cute::Swizzle<1, 4, 3> &>>, float>, cute::Layout<cute::tuple<cute::_1, cute::tuple<cute::tuple<cute::tuple<cute::C<8>, cute::C<32>>, cute::_16>>>, cute::tuple<cute::C<0>, cute::tuple<cute::tuple<cute::tuple<cute::_32, cute::_1>, cute::_256>>>>, cute::tuple<cute::_1, cute::C<32>, cute::C<128>>>, TmaStoreState=cute::TiledCopy<cute::Copy_Atom<cute::Copy_Traits<cute::SM90_TMA_STORE, cute::C<8192>, cute::AuxTmaParams<cute::tuple<cute::ScaledBasis<cute::C<1>, 2>, cute::ScaledBasis<cute::C<1>, 1>, cute::ScaledBasis<cute::C<1>, 0>>, const cute::Layout<cute::tuple<cute::C<8>, cute::C<32>, cute::C<1>>, cute::tuple<cute::ScaledBasis<cute::C<1>, 2>, cute::ScaledBasis<cute::C<1>, 1>, cute::ScaledBasis<cute::C<1>, 0>>> &, const cute::Swizzle<1, 4, 3> &>>, float>, cute::Layout<cute::tuple<cute::_1, cute::tuple<cute::tuple<cute::tuple<cute::C<8>, cute::C<32>>, cute::_16>>>, cute::tuple<cute::C<0>, cute::tuple<cute::tuple<cute::tuple<cute::_32, cute::_1>, cute::_256>>>>, cute::tuple<cute::_1, cute::C<32>, cute::C<128>>>, TmaStoreOut=cute::TiledCopy<cute::Copy_Atom<cute::Copy_Traits<cute::SM90_TMA_STORE, cute::C<2048>, cute::AuxTmaParams<cute::tuple<cute::ScaledBasis<cute::C<1>, 2>, cute::ScaledBasis<cute::C<1>, 1>, cute::ScaledBasis<int, 0>>, const cute::Layout<cute::tuple<cute::C<8>, cute::C<16>, cute::C<1>>, cute::tuple<cute::ScaledBasis<cute::C<1>, 2>, cute::ScaledBasis<cute::C<1>, 1>, cute::ScaledBasis<cute::C<1>, 0>>> &, const cute::Swizzle<0, 4, 3> &>>, cutlass::bfloat16_t>, cute::Layout<cute::tuple<cute::_1, cute::tuple<cute::tuple<cute::tuple<cute::C<8>, cute::C<16>>, cute::_4>>>, cute::tuple<cute::C<0>, cute::tuple<cute::tuple<cute::tuple<cute::_16, cute::_1>, cute::_128>>>>, cute::tuple<cute::_1, cute::C<16>, cute::C<32>>>, CHUNK=16, KDim=128, VDim=32, InputStages=3, OutputStages=2, NumThreads=128, HasStateIn=true, HasStateOut=true, StateFP32=true, IsVarlen=true]" at line 1399 of csrc/smxx/fwd_launch.cu
            instantiation of "void launch_fwd_vshard4_p2_phase1pf<D,HasStateIn,HasStateOut,StateFP32,IsVarlen>(const cutlass::bfloat16_t *, const cutlass::bfloat16_t *, const cutlass::bfloat16_t *, const cutlass::bfloat16_t *, const cutlass::bfloat16_t *, const void *, float, void *, cutlass::bfloat16_t *, void *, int, int, int, int, const int64_t *, const float *, const float *, float, cudaStream_t) [with D=128, HasStateIn=true, HasStateOut=true, StateFP32=true, IsVarlen=true]" at line 1437 of csrc/smxx/fwd_launch.cu

csrc/smxx/fwd_kernel2_vshard4_p2_phase1pf.cuh(687): error: no instance of overloaded function "copy" matches the argument list
            argument types are: (cute::TiledCopy<cute::Copy_Atom<cute::SM75_U32x4_LDSM_N, cutlass::bfloat16_t>, cute::Layout<cute::tuple<cute::tuple<cute::_4, cute::_8>, cute::tuple<cute::tuple<cute::_2, cute::_2, cute::_2>, cute::tuple<cute::_1, cute::_1>>>, cute::tuple<cute::tuple<cute::_32, cute::_1>, cute::tuple<cute::tuple<cute::_16, cute::_8, cute::_128>, cute::tuple<cute::_0, cute::_0>>>>, cute::tuple<cute::C<16>, cute::C<16>>>, cute::Tensor<cute::ViewEngine<cute::smem_ptr<cutlass::bfloat16_t *>>, cute::Layout<cute::tuple<cute::tuple<cute::_8, cute::_1>, cute::_1, cute::_1>, cute::tuple<cute::tuple<cute::_1, cute::C<0>>, cute::C<0>, cute::C<0>>>>, Phase1AInputViewT [2])
              copy(smem_tiled_copy_A, smem_thr_copy_A.partition_S(Mqk), tCrAi_k_view);
              ^
/home/lcpu/85117379/flashkda-phase1-prefetch-1ce47ea-b300-r2/cutlass/include/cute/algorithm/copy.hpp(173): note #3326-D: function template "cute::copy(const cute::AutoCopyAsync &, const cute::Tensor<SrcEngine, SrcLayout> &, cute::Tensor<DstEngine, DstLayout> &)" does not match because argument #1 does not match parameter
  copy(AutoCopyAsync const& cpy,
  ^
/home/lcpu/85117379/flashkda-phase1-prefetch-1ce47ea-b300-r2/cutlass/include/cute/algorithm/copy.hpp(189): note #3327-D: candidate function template "cute::copy(const cute::Copy_Atom<CopyArgs...> &, const cute::Tensor<SrcEngine, SrcLayout> &, cute::Tensor<DstEngine, DstLayout> &)" failed deduction
  copy(Copy_Atom<CopyArgs...> const& copy_atom,
  ^
/home/lcpu/85117379/flashkda-phase1-prefetch-1ce47ea-b300-r2/cutlass/include/cute/algorithm/copy.hpp(247): note #3327-D: candidate function template "cute::copy(const cute::AutoVectorizingCopyWithAssumedAlignment<MaxVecBits> &, const cute::Tensor<SrcEngine, SrcLayout> &, cute::Tensor<DstEngine, DstLayout> &)" failed deduction
  copy(AutoVectorizingCopyWithAssumedAlignment<MaxVecBits> const&,
  ^
/home/lcpu/85117379/flashkda-phase1-prefetch-1ce47ea-b300-r2/cutlass/include/cute/algorithm/copy.hpp(288): note #3327-D: candidate function template "cute::copy(const cute::AutoFilter<CopyOp> &, const cute::Tensor<SrcEngine, SrcLayout> &, cute::Tensor<DstEngine, DstLayout> &)" failed deduction
  copy(AutoFilter<CopyOp> const& copy_op,
  ^
/home/lcpu/85117379/flashkda-phase1-prefetch-1ce47ea-b300-r2/cutlass/include/cute/algorithm/copy.hpp(312): note #3322-D: number of parameters of function template "cute::copy(const cute::Tensor<SrcEngine, SrcLayout> &, cute::Tensor<DstEngine, DstLayout> &)" does not match the call
  copy(Tensor<SrcEngine, SrcLayout> const& src,
  ^
/home/lcpu/85117379/flashkda-phase1-prefetch-1ce47ea-b300-r2/cutlass/include/cute/algorithm/copy.hpp(350): note #3327-D: candidate function template "cute::copy(const cute::Copy_Atom<cute::AutoVectorizingCopyWithAssumedAlignment<MaxVecBits>, Args...> &, const cute::Tensor<SrcEngine, SrcLayout> &, cute::Tensor<DstEngine, DstLayout> &)" failed deduction
  copy(Copy_Atom<AutoVectorizingCopyWithAssumedAlignment<MaxVecBits>, Args...> const&,
  ^
/home/lcpu/85117379/flashkda-phase1-prefetch-1ce47ea-b300-r2/cutlass/include/cute/algorithm/copy.hpp(362): note #3327-D: candidate function template "cute::copy(const cute::Copy_Atom<cute::Copy_Traits<cute::AutoVectorizingCopyWithAssumedAlignment<MaxVecBits>>, Args...> &, const cute::Tensor<SrcEngine, SrcLayout> &, cute::Tensor<DstEngine, DstLayout> &)" failed deduction
  copy(Copy_Atom<Copy_Traits<AutoVectorizingCopyWithAssumedAlignment<MaxVecBits>>, Args...> const&,
  ^
/home/lcpu/85117379/flashkda-phase1-prefetch-1ce47ea-b300-r2/cutlass/include/cute/algorithm/copy.hpp(375): note #3327-D: candidate function template "cute::copy(const cute::Copy_Traits<cute::SM90_BULK_COPY_AUTO, CT_Args...> &, const cute::Tensor<SrcEngine, SrcLayout> &, cute::Tensor<DstEngine, DstLayout> &)" failed deduction
  copy(Copy_Traits<SM90_BULK_COPY_AUTO, CT_Args...> const& atom,
  ^
/home/lcpu/85117379/flashkda-phase1-prefetch-1ce47ea-b300-r2/cutlass/include/cute/algorithm/copy.hpp(408): note #3327-D: candidate function template "cute::copy(const cute::Copy_Atom<cute::Copy_Traits<cute::SM90_BULK_COPY_AUTO, CT_Args...>, CA_Args...> &, const cute::Tensor<SrcEngine, SrcLayout> &, cute::Tensor<DstEngine, DstLayout> &)" failed deduction
  copy(Copy_Atom<Copy_Traits<SM90_BULK_COPY_AUTO, CT_Args...>, CA_Args...> const& atom,
  ^
/home/lcpu/85117379/flashkda-phase1-prefetch-1ce47ea-b300-r2/cutlass/include/cute/algorithm/copy.hpp(439): note #3327-D: candidate function template "cute::copy(const cute::TiledCopy<CopyAtom, TV, Tiler> &, const cute::Tensor<SrcEngine, SrcLayout> &, cute::Tensor<DstEngine, DstLayout> &)" failed deduction
  copy(TiledCopy<CopyAtom, TV, Tiler> const& tiled_copy,
  ^
/home/lcpu/85117379/flashkda-phase1-prefetch-1ce47ea-b300-r2/cutlass/include/cute/algorithm/copy.hpp(462): note #3327-D: candidate function template "cute::copy(const cute::ThrCopy<TiledCopy, ThrIdx> &, const cute::Tensor<SrcEngine, SrcLayout> &, cute::Tensor<DstEngine, DstLayout> &)" failed deduction
  copy(ThrCopy<TiledCopy, ThrIdx> const& thr_copy,
  ^
/home/lcpu/85117379/flashkda-phase1-prefetch-1ce47ea-b300-r2/cutlass/include/cute/algorithm/copy.hpp(489): note #3327-D: candidate function template "cute::copy(const CopyPolicy &, const cute::Tensor<SrcEngine, SrcLayout> &, cute::Tensor<DstEngine, DstLayout> &)" failed deduction
  copy(CopyPolicy const& cpy,
  ^
/home/lcpu/85117379/flashkda-phase1-prefetch-1ce47ea-b300-r2/cutlass/include/cute/algorithm/copy.hpp(530): note #3322-D: number of parameters of function template "cute::copy(const cute::Tensor<SrcEngine, SrcLayout> &, cute::Tensor<DstEngine, DstLayout> &&)" does not match the call
  copy(Tensor<SrcEngine, SrcLayout> const& src,
  ^
/home/lcpu/85117379/flashkda-phase1-prefetch-1ce47ea-b300-r2/cutlass/include/cute/algorithm/copy.hpp(541): note #3327-D: candidate function template "cute::copy(const CopyPolicy &, const cute::Tensor<SrcEngine, SrcLayout> &, cute::Tensor<DstEngine, DstLayout> &&)" failed deduction
  copy(CopyPolicy const& copy_policy,
  ^
          detected during:
            instantiation of "void _flash_kda_fwd_recurrence_vshard4_p2_phase1pf<TmaLoadV,TmaLoadBeta,TmaLoadWsKD,TmaLoadWsQD,TmaLoadWsKR,TmaLoadWsGT,TmaLoadWsINV,TmaLoadWsMqk,TmaLoadState,TmaStoreState,TmaStoreOut,CHUNK,KDim,VDim,InputStages,OutputStages,NumThreads,HasStateIn,HasStateOut,StateFP32,IsVarlen>(TmaLoadV, TmaLoadBeta, TmaLoadWsKD, TmaLoadWsQD, TmaLoadWsKR, TmaLoadWsGT, TmaLoadWsINV, TmaLoadWsMqk, TmaLoadState, TmaStoreState, TmaStoreOut, cutlass::bfloat16_t *, int, int, int, const int64_t *, int) [with TmaLoadV=cute::TiledCopy<cute::Copy_Atom<cute::Copy_Traits<cute::SM90_TMA_LOAD, cute::C<2048>, cute::AuxTmaParams<cute::tuple<cute::ScaledBasis<cute::C<1>, 2>, cute::ScaledBasis<cute::C<1>, 1>, cute::ScaledBasis<int, 0>>, const cute::Layout<cute::tuple<cute::C<8>, cute::C<16>, cute::C<1>>, cute::tuple<cute::ScaledBasis<cute::C<1>, 2>, cute::ScaledBasis<cute::C<1>, 1>, cute::ScaledBasis<cute::C<1>, 0>>> &, const cute::Swizzle<0, 4, 3> &>>, cutlass::bfloat16_t>, cute::Layout<cute::tuple<cute::_1, cute::tuple<cute::tuple<cute::tuple<cute::C<8>, cute::C<16>>, cute::_4>>>, cute::tuple<cute::C<0>, cute::tuple<cute::tuple<cute::tuple<cute::_16, cute::_1>, cute::_128>>>>, cute::tuple<cute::_1, cute::C<16>, cute::C<32>>>, TmaLoadBeta=cute::TiledCopy<cute::Copy_Atom<cute::Copy_Traits<cute::SM90_TMA_LOAD, cute::C<512>, cute::AuxTmaParams<cute::tuple<cute::ScaledBasis<cute::C<1>, 0>>, const cute::Layout<cute::tuple<cute::_32>, cute::tuple<cute::ScaledBasis<cute::C<1>, 0>>> &, const cute::Swizzle<0, 4, 3> &>>, cutlass::bfloat16_t>, cute::Layout<cute::tuple<cute::_1, cute::tuple<cute::tuple<cute::_32, cute::_1>>>, cute::tuple<cute::C<0>, cute::tuple<cute::tuple<cute::_1, cute::C<0>>>>>, cute::tuple<cute::_32>>, TmaLoadWsKD=cute::TiledCopy<cute::Copy_Atom<cute::Copy_Traits<cute::SM90_TMA_LOAD, cute::C<2048>, cute::AuxTmaParams<cute::tuple<cute::ScaledBasis<cute::C<1>, 2>, cute::ScaledBasis<cute::C<1>, 1>, cute::ScaledBasis<cute::C<1>, 0>>, const cute::Layout<cute::tuple<cute::C<8>, cute::C<16>, cute::C<1>>, cute::tuple<cute::ScaledBasis<cute::C<1>, 2>, cute::ScaledBasis<cute::C<1>, 1>, cute::ScaledBasis<cute::C<1>, 0>>> &, const cute::Swizzle<0, 4, 3> &>>, cutlass::bfloat16_t>, cute::Layout<cute::tuple<cute::_1, cute::tuple<cute::tuple<cute::tuple<cute::C<8>, cute::C<16>>, cute::_16>>>, cute::tuple<cute::C<0>, cute::tuple<cute::tuple<cute::tuple<cute::_16, cute::_1>, cute::_128>>>>, cute::tuple<cute::_1, cute::_16, cute::_128>>, TmaLoadWsQD=cute::TiledCopy<cute::Copy_Atom<cute::Copy_Traits<cute::SM90_TMA_LOAD, cute::C<2048>, cute::AuxTmaParams<cute::tuple<cute::ScaledBasis<cute::C<1>, 2>, cute::ScaledBasis<cute::C<1>, 1>, cute::ScaledBasis<cute::C<1>, 0>>, const cute::Layout<cute::tuple<cute::C<8>, cute::C<16>, cute::C<1>>, cute::tuple<cute::ScaledBasis<cute::C<1>, 2>, cute::ScaledBasis<cute::C<1>, 1>, cute::ScaledBasis<cute::C<1>, 0>>> &, const cute::Swizzle<0, 4, 3> &>>, cutlass::bfloat16_t>, cute::Layout<cute::tuple<cute::_1, cute::tuple<cute::tuple<cute::tuple<cute::C<8>, cute::C<16>>, cute::_16>>>, cute::tuple<cute::C<0>, cute::tuple<cute::tuple<cute::tuple<cute::_16, cute::_1>, cute::_128>>>>, cute::tuple<cute::_1, cute::_16, cute::_128>>, TmaLoadWsKR=cute::TiledCopy<cute::Copy_Atom<cute::Copy_Traits<cute::SM90_TMA_LOAD, cute::C<2048>, cute::AuxTmaParams<cute::tuple<cute::ScaledBasis<cute::C<1>, 2>, cute::ScaledBasis<cute::C<1>, 1>, cute::ScaledBasis<cute::C<1>, 0>>, const cute::Layout<cute::tuple<cute::C<8>, cute::C<16>, cute::C<1>>, cute::tuple<cute::ScaledBasis<cute::C<1>, 2>, cute::ScaledBasis<cute::C<1>, 1>, cute::ScaledBasis<cute::C<1>, 0>>> &, const cute::Swizzle<0, 4, 3> &>>, cutlass::bfloat16_t>, cute::Layout<cute::tuple<cute::_1, cute::tuple<cute::tuple<cute::tuple<cute::C<8>, cute::C<16>>, cute::_16>>>, cute::tuple<cute::C<0>, cute::tuple<cute::tuple<cute::tuple<cute::_16, cute::_1>, cute::_128>>>>, cute::tuple<cute::_1, cute::_16, cute::_128>>, TmaLoadWsGT=cute::TiledCopy<cute::Copy_Atom<cute::Copy_Traits<cute::SM90_TMA_LOAD, cute::C<4096>, cute::AuxTmaParams<cute::tuple<cute::ScaledBasis<cute::C<1>, 1>, cute::ScaledBasis<cute::C<1>, 0>>, const cute::Layout<cute::tuple<cute::_128, cute::_1>, cute::tuple<cute::ScaledBasis<cute::C<1>, 1>, cute::ScaledBasis<cute::C<1>, 0>>> &, const cute::Swizzle<0, 4, 3> &>>, float>, cute::Layout<cute::tuple<cute::_1, cute::tuple<cute::tuple<cute::_128, cute::_1>>>, cute::tuple<cute::C<0>, cute::tuple<cute::tuple<cute::_1, cute::C<0>>>>>, cute::tuple<cute::_1, cute::_128>>, TmaLoadWsINV=cute::TiledCopy<cute::Copy_Atom<cute::Copy_Traits<cute::SM90_TMA_LOAD, cute::C<2048>, cute::AuxTmaParams<cute::tuple<cute::ScaledBasis<cute::C<1>, 2>, cute::ScaledBasis<cute::C<1>, 1>, cute::ScaledBasis<cute::C<1>, 0>>, const cute::Layout<cute::tuple<cute::C<8>, cute::C<16>, cute::C<1>>, cute::tuple<cute::ScaledBasis<cute::C<1>, 2>, cute::ScaledBasis<cute::C<1>, 1>, cute::ScaledBasis<cute::C<1>, 0>>> &, const cute::Swizzle<0, 4, 3> &>>, cutlass::bfloat16_t>, cute::Layout<cute::tuple<cute::_1, cute::tuple<cute::tuple<cute::tuple<cute::C<8>, cute::C<16>>, cute::_2>>>, cute::tuple<cute::C<0>, cute::tuple<cute::tuple<cute::tuple<cute::_16, cute::_1>, cute::_128>>>>, cute::tuple<cute::_1, cute::C<16>, cute::C<16>>>, TmaLoadWsMqk=cute::TiledCopy<cute::Copy_Atom<cute::Copy_Traits<cute::SM90_TMA_LOAD, cute::C<2048>, cute::AuxTmaParams<cute::tuple<cute::ScaledBasis<cute::C<1>, 2>, cute::ScaledBasis<cute::C<1>, 1>, cute::ScaledBasis<cute::C<1>, 0>>, const cute::Layout<cute::tuple<cute::C<8>, cute::C<16>, cute::C<1>>, cute::tuple<cute::ScaledBasis<cute::C<1>, 2>, cute::ScaledBasis<cute::C<1>, 1>, cute::ScaledBasis<cute::C<1>, 0>>> &, const cute::Swizzle<0, 4, 3> &>>, cutlass::bfloat16_t>, cute::Layout<cute::tuple<cute::_1, cute::tuple<cute::tuple<cute::tuple<cute::C<8>, cute::C<16>>, cute::_2>>>, cute::tuple<cute::C<0>, cute::tuple<cute::tuple<cute::tuple<cute::_16, cute::_1>, cute::_128>>>>, cute::tuple<cute::_1, cute::C<16>, cute::C<16>>>, TmaLoadState=cute::TiledCopy<cute::Copy_Atom<cute::Copy_Traits<cute::SM90_TMA_LOAD, cute::C<8192>, cute::AuxTmaParams<cute::tuple<cute::ScaledBasis<cute::C<1>, 2>, cute::ScaledBasis<cute::C<1>, 1>, cute::ScaledBasis<cute::C<1>, 0>>, const cute::Layout<cute::tuple<cute::C<8>, cute::C<32>, cute::C<1>>, cute::tuple<cute::ScaledBasis<cute::C<1>, 2>, cute::ScaledBasis<cute::C<1>, 1>, cute::ScaledBasis<cute::C<1>, 0>>> &, const cute::Swizzle<1, 4, 3> &>>, float>, cute::Layout<cute::tuple<cute::_1, cute::tuple<cute::tuple<cute::tuple<cute::C<8>, cute::C<32>>, cute::_16>>>, cute::tuple<cute::C<0>, cute::tuple<cute::tuple<cute::tuple<cute::_32, cute::_1>, cute::_256>>>>, cute::tuple<cute::_1, cute::C<32>, cute::C<128>>>, TmaStoreState=cute::TiledCopy<cute::Copy_Atom<cute::Copy_Traits<cute::SM90_TMA_STORE, cute::C<8192>, cute::AuxTmaParams<cute::tuple<cute::ScaledBasis<cute::C<1>, 2>, cute::ScaledBasis<cute::C<1>, 1>, cute::ScaledBasis<cute::C<1>, 0>>, const cute::Layout<cute::tuple<cute::C<8>, cute::C<32>, cute::C<1>>, cute::tuple<cute::ScaledBasis<cute::C<1>, 2>, cute::ScaledBasis<cute::C<1>, 1>, cute::ScaledBasis<cute::C<1>, 0>>> &, const cute::Swizzle<1, 4, 3> &>>, float>, cute::Layout<cute::tuple<cute::_1, cute::tuple<cute::tuple<cute::tuple<cute::C<8>, cute::C<32>>, cute::_16>>>, cute::tuple<cute::C<0>, cute::tuple<cute::tuple<cute::tuple<cute::_32, cute::_1>, cute::_256>>>>, cute::tuple<cute::_1, cute::C<32>, cute::C<128>>>, TmaStoreOut=cute::TiledCopy<cute::Copy_Atom<cute::Copy_Traits<cute::SM90_TMA_STORE, cute::C<2048>, cute::AuxTmaParams<cute::tuple<cute::ScaledBasis<cute::C<1>, 2>, cute::ScaledBasis<cute::C<1>, 1>, cute::ScaledBasis<int, 0>>, const cute::Layout<cute::tuple<cute::C<8>, cute::C<16>, cute::C<1>>, cute::tuple<cute::ScaledBasis<cute::C<1>, 2>, cute::ScaledBasis<cute::C<1>, 1>, cute::ScaledBasis<cute::C<1>, 0>>> &, const cute::Swizzle<0, 4, 3> &>>, cutlass::bfloat16_t>, cute::Layout<cute::tuple<cute::_1, cute::tuple<cute::tuple<cute::tuple<cute::C<8>, cute::C<16>>, cute::_4>>>, cute::tuple<cute::C<0>, cute::tuple<cute::tuple<cute::tuple<cute::_16, cute::_1>, cute::_128>>>>, cute::tuple<cute::_1, cute::C<16>, cute::C<32>>>, CHUNK=16, KDim=128, VDim=32, InputStages=3, OutputStages=2, NumThreads=128, HasStateIn=true, HasStateOut=true, StateFP32=true, IsVarlen=true]" at line 1399 of csrc/smxx/fwd_launch.cu
            instantiation of "void launch_fwd_vshard4_p2_phase1pf<D,HasStateIn,HasStateOut,StateFP32,IsVarlen>(const cutlass::bfloat16_t *, const cutlass::bfloat16_t *, const cutlass::bfloat16_t *, const cutlass::bfloat16_t *, const cutlass::bfloat16_t *, const void *, float, void *, cutlass::bfloat16_t *, void *, int, int, int, int, const int64_t *, const float *, const float *, float, cudaStream_t) [with D=128, HasStateIn=true, HasStateOut=true, StateFP32=true, IsVarlen=true]" at line 1437 of csrc/smxx/fwd_launch.cu

csrc/smxx/fwd_kernel2_vshard4_p2_phase1pf.cuh(644): error: no instance of overloaded function "copy" matches the argument list
            argument types are: (cute::TiledCopy<cute::Copy_Atom<cute::SM75_U32x4_LDSM_N, cutlass::bfloat16_t>, cute::Layout<cute::tuple<cute::tuple<cute::_4, cute::_8>, cute::tuple<cute::tuple<cute::_2, cute::_2, cute::_2>, cute::tuple<cute::_1, cute::_1>>>, cute::tuple<cute::tuple<cute::_32, cute::_1>, cute::tuple<cute::tuple<cute::_16, cute::_8, cute::_128>, cute::tuple<cute::_0, cute::_0>>>>, cute::tuple<cute::C<16>, cute::C<16>>>, cute::Tensor<cute::ViewEngine<cute::smem_ptr<cutlass::bfloat16_t *>>, cute::Layout<cute::tuple<cute::tuple<cute::_8, cute::_1>, cute::_1, cute::_1>, cute::tuple<cute::tuple<cute::_1, cute::C<0>>, cute::C<0>, cute::C<0>>>>, Phase1AInputViewT [2])
              copy(smem_tiled_copy_A, smem_thr_copy_A.partition_S(INV), tCrAi_k_view);
              ^
/home/lcpu/85117379/flashkda-phase1-prefetch-1ce47ea-b300-r2/cutlass/include/cute/algorithm/copy.hpp(173): note #3326-D: function template "cute::copy(const cute::AutoCopyAsync &, const cute::Tensor<SrcEngine, SrcLayout> &, cute::Tensor<DstEngine, DstLayout> &)" does not match because argument #1 does not match parameter
  copy(AutoCopyAsync const& cpy,
  ^
/home/lcpu/85117379/flashkda-phase1-prefetch-1ce47ea-b300-r2/cutlass/include/cute/algorithm/copy.hpp(189): note #3327-D: candidate function template "cute::copy(const cute::Copy_Atom<CopyArgs...> &, const cute::Tensor<SrcEngine, SrcLayout> &, cute::Tensor<DstEngine, DstLayout> &)" failed deduction
  copy(Copy_Atom<CopyArgs...> const& copy_atom,
  ^
/home/lcpu/85117379/flashkda-phase1-prefetch-1ce47ea-b300-r2/cutlass/include/cute/algorithm/copy.hpp(247): note #3327-D: candidate function template "cute::copy(const cute::AutoVectorizingCopyWithAssumedAlignment<MaxVecBits> &, const cute::Tensor<SrcEngine, SrcLayout> &, cute::Tensor<DstEngine, DstLayout> &)" failed deduction
  copy(AutoVectorizingCopyWithAssumedAlignment<MaxVecBits> const&,
  ^
/home/lcpu/85117379/flashkda-phase1-prefetch-1ce47ea-b300-r2/cutlass/include/cute/algorithm/copy.hpp(288): note #3327-D: candidate function template "cute::copy(const cute::AutoFilter<CopyOp> &, const cute::Tensor<SrcEngine, SrcLayout> &, cute::Tensor<DstEngine, DstLayout> &)" failed deduction
  copy(AutoFilter<CopyOp> const& copy_op,
  ^
/home/lcpu/85117379/flashkda-phase1-prefetch-1ce47ea-b300-r2/cutlass/include/cute/algorithm/copy.hpp(312): note #3322-D: number of parameters of function template "cute::copy(const cute::Tensor<SrcEngine, SrcLayout> &, cute::Tensor<DstEngine, DstLayout> &)" does not match the call
  copy(Tensor<SrcEngine, SrcLayout> const& src,
  ^
/home/lcpu/85117379/flashkda-phase1-prefetch-1ce47ea-b300-r2/cutlass/include/cute/algorithm/copy.hpp(350): note #3327-D: candidate function template "cute::copy(const cute::Copy_Atom<cute::AutoVectorizingCopyWithAssumedAlignment<MaxVecBits>, Args...> &, const cute::Tensor<SrcEngine, SrcLayout> &, cute::Tensor<DstEngine, DstLayout> &)" failed deduction
  copy(Copy_Atom<AutoVectorizingCopyWithAssumedAlignment<MaxVecBits>, Args...> const&,
  ^
/home/lcpu/85117379/flashkda-phase1-prefetch-1ce47ea-b300-r2/cutlass/include/cute/algorithm/copy.hpp(362): note #3327-D: candidate function template "cute::copy(const cute::Copy_Atom<cute::Copy_Traits<cute::AutoVectorizingCopyWithAssumedAlignment<MaxVecBits>>, Args...> &, const cute::Tensor<SrcEngine, SrcLayout> &, cute::Tensor<DstEngine, DstLayout> &)" failed deduction
  copy(Copy_Atom<Copy_Traits<AutoVectorizingCopyWithAssumedAlignment<MaxVecBits>>, Args...> const&,
  ^
/home/lcpu/85117379/flashkda-phase1-prefetch-1ce47ea-b300-r2/cutlass/include/cute/algorithm/copy.hpp(375): note #3327-D: candidate function template "cute::copy(const cute::Copy_Traits<cute::SM90_BULK_COPY_AUTO, CT_Args...> &, const cute::Tensor<SrcEngine, SrcLayout> &, cute::Tensor<DstEngine, DstLayout> &)" failed deduction
  copy(Copy_Traits<SM90_BULK_COPY_AUTO, CT_Args...> const& atom,
  ^
/home/lcpu/85117379/flashkda-phase1-prefetch-1ce47ea-b300-r2/cutlass/include/cute/algorithm/copy.hpp(408): note #3327-D: candidate function template "cute::copy(const cute::Copy_Atom<cute::Copy_Traits<cute::SM90_BULK_COPY_AUTO, CT_Args...>, CA_Args...> &, const cute::Tensor<SrcEngine, SrcLayout> &, cute::Tensor<DstEngine, DstLayout> &)" failed deduction
  copy(Copy_Atom<Copy_Traits<SM90_BULK_COPY_AUTO, CT_Args...>, CA_Args...> const& atom,
  ^
/home/lcpu/85117379/flashkda-phase1-prefetch-1ce47ea-b300-r2/cutlass/include/cute/algorithm/copy.hpp(439): note #3327-D: candidate function template "cute::copy(const cute::TiledCopy<CopyAtom, TV, Tiler> &, const cute::Tensor<SrcEngine, SrcLayout> &, cute::Tensor<DstEngine, DstLayout> &)" failed deduction
  copy(TiledCopy<CopyAtom, TV, Tiler> const& tiled_copy,
  ^
/home/lcpu/85117379/flashkda-phase1-prefetch-1ce47ea-b300-r2/cutlass/include/cute/algorithm/copy.hpp(462): note #3327-D: candidate function template "cute::copy(const cute::ThrCopy<TiledCopy, ThrIdx> &, const cute::Tensor<SrcEngine, SrcLayout> &, cute::Tensor<DstEngine, DstLayout> &)" failed deduction
  copy(ThrCopy<TiledCopy, ThrIdx> const& thr_copy,
  ^
/home/lcpu/85117379/flashkda-phase1-prefetch-1ce47ea-b300-r2/cutlass/include/cute/algorithm/copy.hpp(489): note #3327-D: candidate function template "cute::copy(const CopyPolicy &, const cute::Tensor<SrcEngine, SrcLayout> &, cute::Tensor<DstEngine, DstLayout> &)" failed deduction
  copy(CopyPolicy const& cpy,
  ^
/home/lcpu/85117379/flashkda-phase1-prefetch-1ce47ea-b300-r2/cutlass/include/cute/algorithm/copy.hpp(530): note #3322-D: number of parameters of function template "cute::copy(const cute::Tensor<SrcEngine, SrcLayout> &, cute::Tensor<DstEngine, DstLayout> &&)" does not match the call
  copy(Tensor<SrcEngine, SrcLayout> const& src,
  ^
/home/lcpu/85117379/flashkda-phase1-prefetch-1ce47ea-b300-r2/cutlass/include/cute/algorithm/copy.hpp(541): note #3327-D: candidate function template "cute::copy(const CopyPolicy &, const cute::Tensor<SrcEngine, SrcLayout> &, cute::Tensor<DstEngine, DstLayout> &&)" failed deduction
  copy(CopyPolicy const& copy_policy,
  ^
          detected during:
            instantiation of "void _flash_kda_fwd_recurrence_vshard4_p2_phase1pf<TmaLoadV,TmaLoadBeta,TmaLoadWsKD,TmaLoadWsQD,TmaLoadWsKR,TmaLoadWsGT,TmaLoadWsINV,TmaLoadWsMqk,TmaLoadState,TmaStoreState,TmaStoreOut,CHUNK,KDim,VDim,InputStages,OutputStages,NumThreads,HasStateIn,HasStateOut,StateFP32,IsVarlen>(TmaLoadV, TmaLoadBeta, TmaLoadWsKD, TmaLoadWsQD, TmaLoadWsKR, TmaLoadWsGT, TmaLoadWsINV, TmaLoadWsMqk, TmaLoadState, TmaStoreState, TmaStoreOut, cutlass::bfloat16_t *, int, int, int, const int64_t *, int) [with TmaLoadV=cute::TiledCopy<cute::Copy_Atom<cute::Copy_Traits<cute::SM90_TMA_LOAD, cute::C<2048>, cute::AuxTmaParams<cute::tuple<cute::ScaledBasis<cute::C<1>, 2>, cute::ScaledBasis<cute::C<1>, 1>, cute::ScaledBasis<int, 0>>, const cute::Layout<cute::tuple<cute::C<8>, cute::C<16>, cute::C<1>>, cute::tuple<cute::ScaledBasis<cute::C<1>, 2>, cute::ScaledBasis<cute::C<1>, 1>, cute::ScaledBasis<cute::C<1>, 0>>> &, const cute::Swizzle<0, 4, 3> &>>, cutlass::bfloat16_t>, cute::Layout<cute::tuple<cute::_1, cute::tuple<cute::tuple<cute::tuple<cute::C<8>, cute::C<16>>, cute::_4>>>, cute::tuple<cute::C<0>, cute::tuple<cute::tuple<cute::tuple<cute::_16, cute::_1>, cute::_128>>>>, cute::tuple<cute::_1, cute::C<16>, cute::C<32>>>, TmaLoadBeta=cute::TiledCopy<cute::Copy_Atom<cute::Copy_Traits<cute::SM90_TMA_LOAD, cute::C<512>, cute::AuxTmaParams<cute::tuple<cute::ScaledBasis<cute::C<1>, 0>>, const cute::Layout<cute::tuple<cute::_32>, cute::tuple<cute::ScaledBasis<cute::C<1>, 0>>> &, const cute::Swizzle<0, 4, 3> &>>, cutlass::bfloat16_t>, cute::Layout<cute::tuple<cute::_1, cute::tuple<cute::tuple<cute::_32, cute::_1>>>, cute::tuple<cute::C<0>, cute::tuple<cute::tuple<cute::_1, cute::C<0>>>>>, cute::tuple<cute::_32>>, TmaLoadWsKD=cute::TiledCopy<cute::Copy_Atom<cute::Copy_Traits<cute::SM90_TMA_LOAD, cute::C<2048>, cute::AuxTmaParams<cute::tuple<cute::ScaledBasis<cute::C<1>, 2>, cute::ScaledBasis<cute::C<1>, 1>, cute::ScaledBasis<cute::C<1>, 0>>, const cute::Layout<cute::tuple<cute::C<8>, cute::C<16>, cute::C<1>>, cute::tuple<cute::ScaledBasis<cute::C<1>, 2>, cute::ScaledBasis<cute::C<1>, 1>, cute::ScaledBasis<cute::C<1>, 0>>> &, const cute::Swizzle<0, 4, 3> &>>, cutlass::bfloat16_t>, cute::Layout<cute::tuple<cute::_1, cute::tuple<cute::tuple<cute::tuple<cute::C<8>, cute::C<16>>, cute::_16>>>, cute::tuple<cute::C<0>, cute::tuple<cute::tuple<cute::tuple<cute::_16, cute::_1>, cute::_128>>>>, cute::tuple<cute::_1, cute::_16, cute::_128>>, TmaLoadWsQD=cute::TiledCopy<cute::Copy_Atom<cute::Copy_Traits<cute::SM90_TMA_LOAD, cute::C<2048>, cute::AuxTmaParams<cute::tuple<cute::ScaledBasis<cute::C<1>, 2>, cute::ScaledBasis<cute::C<1>, 1>, cute::ScaledBasis<cute::C<1>, 0>>, const cute::Layout<cute::tuple<cute::C<8>, cute::C<16>, cute::C<1>>, cute::tuple<cute::ScaledBasis<cute::C<1>, 2>, cute::ScaledBasis<cute::C<1>, 1>, cute::ScaledBasis<cute::C<1>, 0>>> &, const cute::Swizzle<0, 4, 3> &>>, cutlass::bfloat16_t>, cute::Layout<cute::tuple<cute::_1, cute::tuple<cute::tuple<cute::tuple<cute::C<8>, cute::C<16>>, cute::_16>>>, cute::tuple<cute::C<0>, cute::tuple<cute::tuple<cute::tuple<cute::_16, cute::_1>, cute::_128>>>>, cute::tuple<cute::_1, cute::_16, cute::_128>>, TmaLoadWsKR=cute::TiledCopy<cute::Copy_Atom<cute::Copy_Traits<cute::SM90_TMA_LOAD, cute::C<2048>, cute::AuxTmaParams<cute::tuple<cute::ScaledBasis<cute::C<1>, 2>, cute::ScaledBasis<cute::C<1>, 1>, cute::ScaledBasis<cute::C<1>, 0>>, const cute::Layout<cute::tuple<cute::C<8>, cute::C<16>, cute::C<1>>, cute::tuple<cute::ScaledBasis<cute::C<1>, 2>, cute::ScaledBasis<cute::C<1>, 1>, cute::ScaledBasis<cute::C<1>, 0>>> &, const cute::Swizzle<0, 4, 3> &>>, cutlass::bfloat16_t>, cute::Layout<cute::tuple<cute::_1, cute::tuple<cute::tuple<cute::tuple<cute::C<8>, cute::C<16>>, cute::_16>>>, cute::tuple<cute::C<0>, cute::tuple<cute::tuple<cute::tuple<cute::_16, cute::_1>, cute::_128>>>>, cute::tuple<cute::_1, cute::_16, cute::_128>>, TmaLoadWsGT=cute::TiledCopy<cute::Copy_Atom<cute::Copy_Traits<cute::SM90_TMA_LOAD, cute::C<4096>, cute::AuxTmaParams<cute::tuple<cute::ScaledBasis<cute::C<1>, 1>, cute::ScaledBasis<cute::C<1>, 0>>, const cute::Layout<cute::tuple<cute::_128, cute::_1>, cute::tuple<cute::ScaledBasis<cute::C<1>, 1>, cute::ScaledBasis<cute::C<1>, 0>>> &, const cute::Swizzle<0, 4, 3> &>>, float>, cute::Layout<cute::tuple<cute::_1, cute::tuple<cute::tuple<cute::_128, cute::_1>>>, cute::tuple<cute::C<0>, cute::tuple<cute::tuple<cute::_1, cute::C<0>>>>>, cute::tuple<cute::_1, cute::_128>>, TmaLoadWsINV=cute::TiledCopy<cute::Copy_Atom<cute::Copy_Traits<cute::SM90_TMA_LOAD, cute::C<2048>, cute::AuxTmaParams<cute::tuple<cute::ScaledBasis<cute::C<1>, 2>, cute::ScaledBasis<cute::C<1>, 1>, cute::ScaledBasis<cute::C<1>, 0>>, const cute::Layout<cute::tuple<cute::C<8>, cute::C<16>, cute::C<1>>, cute::tuple<cute::ScaledBasis<cute::C<1>, 2>, cute::ScaledBasis<cute::C<1>, 1>, cute::ScaledBasis<cute::C<1>, 0>>> &, const cute::Swizzle<0, 4, 3> &>>, cutlass::bfloat16_t>, cute::Layout<cute::tuple<cute::_1, cute::tuple<cute::tuple<cute::tuple<cute::C<8>, cute::C<16>>, cute::_2>>>, cute::tuple<cute::C<0>, cute::tuple<cute::tuple<cute::tuple<cute::_16, cute::_1>, cute::_128>>>>, cute::tuple<cute::_1, cute::C<16>, cute::C<16>>>, TmaLoadWsMqk=cute::TiledCopy<cute::Copy_Atom<cute::Copy_Traits<cute::SM90_TMA_LOAD, cute::C<2048>, cute::AuxTmaParams<cute::tuple<cute::ScaledBasis<cute::C<1>, 2>, cute::ScaledBasis<cute::C<1>, 1>, cute::ScaledBasis<cute::C<1>, 0>>, const cute::Layout<cute::tuple<cute::C<8>, cute::C<16>, cute::C<1>>, cute::tuple<cute::ScaledBasis<cute::C<1>, 2>, cute::ScaledBasis<cute::C<1>, 1>, cute::ScaledBasis<cute::C<1>, 0>>> &, const cute::Swizzle<0, 4, 3> &>>, cutlass::bfloat16_t>, cute::Layout<cute::tuple<cute::_1, cute::tuple<cute::tuple<cute::tuple<cute::C<8>, cute::C<16>>, cute::_2>>>, cute::tuple<cute::C<0>, cute::tuple<cute::tuple<cute::tuple<cute::_16, cute::_1>, cute::_128>>>>, cute::tuple<cute::_1, cute::C<16>, cute::C<16>>>, TmaLoadState=cute::TiledCopy<cute::Copy_Atom<cute::Copy_Traits<cute::SM90_TMA_LOAD, cute::C<4096>, cute::AuxTmaParams<cute::tuple<cute::ScaledBasis<cute::C<1>, 2>, cute::ScaledBasis<cute::C<1>, 1>, cute::ScaledBasis<cute::C<1>, 0>>, const cute::Layout<cute::tuple<cute::C<8>, cute::C<32>, cute::C<1>>, cute::tuple<cute::ScaledBasis<cute::C<1>, 2>, cute::ScaledBasis<cute::C<1>, 1>, cute::ScaledBasis<cute::C<1>, 0>>> &, const cute::Swizzle<0, 4, 3> &>>, cutlass::bfloat16_t>, cute::Layout<cute::tuple<cute::_1, cute::tuple<cute::tuple<cute::tuple<cute::C<8>, cute::C<32>>, cute::_16>>>, cute::tuple<cute::C<0>, cute::tuple<cute::tuple<cute::tuple<cute::_32, cute::_1>, cute::_256>>>>, cute::tuple<cute::_1, cute::C<32>, cute::C<128>>>, TmaStoreState=cute::TiledCopy<cute::Copy_Atom<cute::Copy_Traits<cute::SM90_TMA_STORE, cute::C<4096>, cute::AuxTmaParams<cute::tuple<cute::ScaledBasis<cute::C<1>, 2>, cute::ScaledBasis<cute::C<1>, 1>, cute::ScaledBasis<cute::C<1>, 0>>, const cute::Layout<cute::tuple<cute::C<8>, cute::C<32>, cute::C<1>>, cute::tuple<cute::ScaledBasis<cute::C<1>, 2>, cute::ScaledBasis<cute::C<1>, 1>, cute::ScaledBasis<cute::C<1>, 0>>> &, const cute::Swizzle<0, 4, 3> &>>, cutlass::bfloat16_t>, cute::Layout<cute::tuple<cute::_1, cute::tuple<cute::tuple<cute::tuple<cute::C<8>, cute::C<32>>, cute::_16>>>, cute::tuple<cute::C<0>, cute::tuple<cute::tuple<cute::tuple<cute::_32, cute::_1>, cute::_256>>>>, cute::tuple<cute::_1, cute::C<32>, cute::C<128>>>, TmaStoreOut=cute::TiledCopy<cute::Copy_Atom<cute::Copy_Traits<cute::SM90_TMA_STORE, cute::C<2048>, cute::AuxTmaParams<cute::tuple<cute::ScaledBasis<cute::C<1>, 2>, cute::ScaledBasis<cute::C<1>, 1>, cute::ScaledBasis<int, 0>>, const cute::Layout<cute::tuple<cute::C<8>, cute::C<16>, cute::C<1>>, cute::tuple<cute::ScaledBasis<cute::C<1>, 2>, cute::ScaledBasis<cute::C<1>, 1>, cute::ScaledBasis<cute::C<1>, 0>>> &, const cute::Swizzle<0, 4, 3> &>>, cutlass::bfloat16_t>, cute::Layout<cute::tuple<cute::_1, cute::tuple<cute::tuple<cute::tuple<cute::C<8>, cute::C<16>>, cute::_4>>>, cute::tuple<cute::C<0>, cute::tuple<cute::tuple<cute::tuple<cute::_16, cute::_1>, cute::_128>>>>, cute::tuple<cute::_1, cute::C<16>, cute::C<32>>>, CHUNK=16, KDim=128, VDim=32, InputStages=3, OutputStages=2, NumThreads=128, HasStateIn=false, HasStateOut=false, StateFP32=false, IsVarlen=true]" at line 1399 of csrc/smxx/fwd_launch.cu
            instantiation of "void launch_fwd_vshard4_p2_phase1pf<D,HasStateIn,HasStateOut,StateFP32,IsVarlen>(const cutlass::bfloat16_t *, const cutlass::bfloat16_t *, const cutlass::bfloat16_t *, const cutlass::bfloat16_t *, const cutlass::bfloat16_t *, const void *, float, void *, cutlass::bfloat16_t *, void *, int, int, int, int, const int64_t *, const float *, const float *, float, cudaStream_t) [with D=128, HasStateIn=false, HasStateOut=false, StateFP32=false, IsVarlen=true]" at line 1437 of csrc/smxx/fwd_launch.cu

csrc/smxx/fwd_kernel2_vshard4_p2_phase1pf.cuh(687): error: no instance of overloaded function "copy" matches the argument list
            argument types are: (cute::TiledCopy<cute::Copy_Atom<cute::SM75_U32x4_LDSM_N, cutlass::bfloat16_t>, cute::Layout<cute::tuple<cute::tuple<cute::_4, cute::_8>, cute::tuple<cute::tuple<cute::_2, cute::_2, cute::_2>, cute::tuple<cute::_1, cute::_1>>>, cute::tuple<cute::tuple<cute::_32, cute::_1>, cute::tuple<cute::tuple<cute::_16, cute::_8, cute::_128>, cute::tuple<cute::_0, cute::_0>>>>, cute::tuple<cute::C<16>, cute::C<16>>>, cute::Tensor<cute::ViewEngine<cute::smem_ptr<cutlass::bfloat16_t *>>, cute::Layout<cute::tuple<cute::tuple<cute::_8, cute::_1>, cute::_1, cute::_1>, cute::tuple<cute::tuple<cute::_1, cute::C<0>>, cute::C<0>, cute::C<0>>>>, Phase1AInputViewT [2])
              copy(smem_tiled_copy_A, smem_thr_copy_A.partition_S(Mqk), tCrAi_k_view);
              ^
/home/lcpu/85117379/flashkda-phase1-prefetch-1ce47ea-b300-r2/cutlass/include/cute/algorithm/copy.hpp(173): note #3326-D: function template "cute::copy(const cute::AutoCopyAsync &, const cute::Tensor<SrcEngine, SrcLayout> &, cute::Tensor<DstEngine, DstLayout> &)" does not match because argument #1 does not match parameter
  copy(AutoCopyAsync const& cpy,
  ^
/home/lcpu/85117379/flashkda-phase1-prefetch-1ce47ea-b300-r2/cutlass/include/cute/algorithm/copy.hpp(189): note #3327-D: candidate function template "cute::copy(const cute::Copy_Atom<CopyArgs...> &, const cute::Tensor<SrcEngine, SrcLayout> &, cute::Tensor<DstEngine, DstLayout> &)" failed deduction
  copy(Copy_Atom<CopyArgs...> const& copy_atom,
  ^
/home/lcpu/85117379/flashkda-phase1-prefetch-1ce47ea-b300-r2/cutlass/include/cute/algorithm/copy.hpp(247): note #3327-D: candidate function template "cute::copy(const cute::AutoVectorizingCopyWithAssumedAlignment<MaxVecBits> &, const cute::Tensor<SrcEngine, SrcLayout> &, cute::Tensor<DstEngine, DstLayout> &)" failed deduction
  copy(AutoVectorizingCopyWithAssumedAlignment<MaxVecBits> const&,
  ^
/home/lcpu/85117379/flashkda-phase1-prefetch-1ce47ea-b300-r2/cutlass/include/cute/algorithm/copy.hpp(288): note #3327-D: candidate function template "cute::copy(const cute::AutoFilter<CopyOp> &, const cute::Tensor<SrcEngine, SrcLayout> &, cute::Tensor<DstEngine, DstLayout> &)" failed deduction
  copy(AutoFilter<CopyOp> const& copy_op,
  ^
/home/lcpu/85117379/flashkda-phase1-prefetch-1ce47ea-b300-r2/cutlass/include/cute/algorithm/copy.hpp(312): note #3322-D: number of parameters of function template "cute::copy(const cute::Tensor<SrcEngine, SrcLayout> &, cute::Tensor<DstEngine, DstLayout> &)" does not match the call
  copy(Tensor<SrcEngine, SrcLayout> const& src,
  ^
/home/lcpu/85117379/flashkda-phase1-prefetch-1ce47ea-b300-r2/cutlass/include/cute/algorithm/copy.hpp(350): note #3327-D: candidate function template "cute::copy(const cute::Copy_Atom<cute::AutoVectorizingCopyWithAssumedAlignment<MaxVecBits>, Args...> &, const cute::Tensor<SrcEngine, SrcLayout> &, cute::Tensor<DstEngine, DstLayout> &)" failed deduction
  copy(Copy_Atom<AutoVectorizingCopyWithAssumedAlignment<MaxVecBits>, Args...> const&,
  ^
/home/lcpu/85117379/flashkda-phase1-prefetch-1ce47ea-b300-r2/cutlass/include/cute/algorithm/copy.hpp(362): note #3327-D: candidate function template "cute::copy(const cute::Copy_Atom<cute::Copy_Traits<cute::AutoVectorizingCopyWithAssumedAlignment<MaxVecBits>>, Args...> &, const cute::Tensor<SrcEngine, SrcLayout> &, cute::Tensor<DstEngine, DstLayout> &)" failed deduction
  copy(Copy_Atom<Copy_Traits<AutoVectorizingCopyWithAssumedAlignment<MaxVecBits>>, Args...> const&,
  ^
/home/lcpu/85117379/flashkda-phase1-prefetch-1ce47ea-b300-r2/cutlass/include/cute/algorithm/copy.hpp(375): note #3327-D: candidate function template "cute::copy(const cute::Copy_Traits<cute::SM90_BULK_COPY_AUTO, CT_Args...> &, const cute::Tensor<SrcEngine, SrcLayout> &, cute::Tensor<DstEngine, DstLayout> &)" failed deduction
  copy(Copy_Traits<SM90_BULK_COPY_AUTO, CT_Args...> const& atom,
  ^
/home/lcpu/85117379/flashkda-phase1-prefetch-1ce47ea-b300-r2/cutlass/include/cute/algorithm/copy.hpp(408): note #3327-D: candidate function template "cute::copy(const cute::Copy_Atom<cute::Copy_Traits<cute::SM90_BULK_COPY_AUTO, CT_Args...>, CA_Args...> &, const cute::Tensor<SrcEngine, SrcLayout> &, cute::Tensor<DstEngine, DstLayout> &)" failed deduction
  copy(Copy_Atom<Copy_Traits<SM90_BULK_COPY_AUTO, CT_Args...>, CA_Args...> const& atom,
  ^
/home/lcpu/85117379/flashkda-phase1-prefetch-1ce47ea-b300-r2/cutlass/include/cute/algorithm/copy.hpp(439): note #3327-D: candidate function template "cute::copy(const cute::TiledCopy<CopyAtom, TV, Tiler> &, const cute::Tensor<SrcEngine, SrcLayout> &, cute::Tensor<DstEngine, DstLayout> &)" failed deduction
  copy(TiledCopy<CopyAtom, TV, Tiler> const& tiled_copy,
  ^
/home/lcpu/85117379/flashkda-phase1-prefetch-1ce47ea-b300-r2/cutlass/include/cute/algorithm/copy.hpp(462): note #3327-D: candidate function template "cute::copy(const cute::ThrCopy<TiledCopy, ThrIdx> &, const cute::Tensor<SrcEngine, SrcLayout> &, cute::Tensor<DstEngine, DstLayout> &)" failed deduction
  copy(ThrCopy<TiledCopy, ThrIdx> const& thr_copy,
  ^
/home/lcpu/85117379/flashkda-phase1-prefetch-1ce47ea-b300-r2/cutlass/include/cute/algorithm/copy.hpp(489): note #3327-D: candidate function template "cute::copy(const CopyPolicy &, const cute::Tensor<SrcEngine, SrcLayout> &, cute::Tensor<DstEngine, DstLayout> &)" failed deduction
  copy(CopyPolicy const& cpy,
  ^
/home/lcpu/85117379/flashkda-phase1-prefetch-1ce47ea-b300-r2/cutlass/include/cute/algorithm/copy.hpp(530): note #3322-D: number of parameters of function template "cute::copy(const cute::Tensor<SrcEngine, SrcLayout> &, cute::Tensor<DstEngine, DstLayout> &&)" does not match the call
  copy(Tensor<SrcEngine, SrcLayout> const& src,
  ^
/home/lcpu/85117379/flashkda-phase1-prefetch-1ce47ea-b300-r2/cutlass/include/cute/algorithm/copy.hpp(541): note #3327-D: candidate function template "cute::copy(const CopyPolicy &, const cute::Tensor<SrcEngine, SrcLayout> &, cute::Tensor<DstEngine, DstLayout> &&)" failed deduction
  copy(CopyPolicy const& copy_policy,
  ^
          detected during:
            instantiation of "void _flash_kda_fwd_recurrence_vshard4_p2_phase1pf<TmaLoadV,TmaLoadBeta,TmaLoadWsKD,TmaLoadWsQD,TmaLoadWsKR,TmaLoadWsGT,TmaLoadWsINV,TmaLoadWsMqk,TmaLoadState,TmaStoreState,TmaStoreOut,CHUNK,KDim,VDim,InputStages,OutputStages,NumThreads,HasStateIn,HasStateOut,StateFP32,IsVarlen>(TmaLoadV, TmaLoadBeta, TmaLoadWsKD, TmaLoadWsQD, TmaLoadWsKR, TmaLoadWsGT, TmaLoadWsINV, TmaLoadWsMqk, TmaLoadState, TmaStoreState, TmaStoreOut, cutlass::bfloat16_t *, int, int, int, const int64_t *, int) [with TmaLoadV=cute::TiledCopy<cute::Copy_Atom<cute::Copy_Traits<cute::SM90_TMA_LOAD, cute::C<2048>, cute::AuxTmaParams<cute::tuple<cute::ScaledBasis<cute::C<1>, 2>, cute::ScaledBasis<cute::C<1>, 1>, cute::ScaledBasis<int, 0>>, const cute::Layout<cute::tuple<cute::C<8>, cute::C<16>, cute::C<1>>, cute::tuple<cute::ScaledBasis<cute::C<1>, 2>, cute::ScaledBasis<cute::C<1>, 1>, cute::ScaledBasis<cute::C<1>, 0>>> &, const cute::Swizzle<0, 4, 3> &>>, cutlass::bfloat16_t>, cute::Layout<cute::tuple<cute::_1, cute::tuple<cute::tuple<cute::tuple<cute::C<8>, cute::C<16>>, cute::_4>>>, cute::tuple<cute::C<0>, cute::tuple<cute::tuple<cute::tuple<cute::_16, cute::_1>, cute::_128>>>>, cute::tuple<cute::_1, cute::C<16>, cute::C<32>>>, TmaLoadBeta=cute::TiledCopy<cute::Copy_Atom<cute::Copy_Traits<cute::SM90_TMA_LOAD, cute::C<512>, cute::AuxTmaParams<cute::tuple<cute::ScaledBasis<cute::C<1>, 0>>, const cute::Layout<cute::tuple<cute::_32>, cute::tuple<cute::ScaledBasis<cute::C<1>, 0>>> &, const cute::Swizzle<0, 4, 3> &>>, cutlass::bfloat16_t>, cute::Layout<cute::tuple<cute::_1, cute::tuple<cute::tuple<cute::_32, cute::_1>>>, cute::tuple<cute::C<0>, cute::tuple<cute::tuple<cute::_1, cute::C<0>>>>>, cute::tuple<cute::_32>>, TmaLoadWsKD=cute::TiledCopy<cute::Copy_Atom<cute::Copy_Traits<cute::SM90_TMA_LOAD, cute::C<2048>, cute::AuxTmaParams<cute::tuple<cute::ScaledBasis<cute::C<1>, 2>, cute::ScaledBasis<cute::C<1>, 1>, cute::ScaledBasis<cute::C<1>, 0>>, const cute::Layout<cute::tuple<cute::C<8>, cute::C<16>, cute::C<1>>, cute::tuple<cute::ScaledBasis<cute::C<1>, 2>, cute::ScaledBasis<cute::C<1>, 1>, cute::ScaledBasis<cute::C<1>, 0>>> &, const cute::Swizzle<0, 4, 3> &>>, cutlass::bfloat16_t>, cute::Layout<cute::tuple<cute::_1, cute::tuple<cute::tuple<cute::tuple<cute::C<8>, cute::C<16>>, cute::_16>>>, cute::tuple<cute::C<0>, cute::tuple<cute::tuple<cute::tuple<cute::_16, cute::_1>, cute::_128>>>>, cute::tuple<cute::_1, cute::_16, cute::_128>>, TmaLoadWsQD=cute::TiledCopy<cute::Copy_Atom<cute::Copy_Traits<cute::SM90_TMA_LOAD, cute::C<2048>, cute::AuxTmaParams<cute::tuple<cute::ScaledBasis<cute::C<1>, 2>, cute::ScaledBasis<cute::C<1>, 1>, cute::ScaledBasis<cute::C<1>, 0>>, const cute::Layout<cute::tuple<cute::C<8>, cute::C<16>, cute::C<1>>, cute::tuple<cute::ScaledBasis<cute::C<1>, 2>, cute::ScaledBasis<cute::C<1>, 1>, cute::ScaledBasis<cute::C<1>, 0>>> &, const cute::Swizzle<0, 4, 3> &>>, cutlass::bfloat16_t>, cute::Layout<cute::tuple<cute::_1, cute::tuple<cute::tuple<cute::tuple<cute::C<8>, cute::C<16>>, cute::_16>>>, cute::tuple<cute::C<0>, cute::tuple<cute::tuple<cute::tuple<cute::_16, cute::_1>, cute::_128>>>>, cute::tuple<cute::_1, cute::_16, cute::_128>>, TmaLoadWsKR=cute::TiledCopy<cute::Copy_Atom<cute::Copy_Traits<cute::SM90_TMA_LOAD, cute::C<2048>, cute::AuxTmaParams<cute::tuple<cute::ScaledBasis<cute::C<1>, 2>, cute::ScaledBasis<cute::C<1>, 1>, cute::ScaledBasis<cute::C<1>, 0>>, const cute::Layout<cute::tuple<cute::C<8>, cute::C<16>, cute::C<1>>, cute::tuple<cute::ScaledBasis<cute::C<1>, 2>, cute::ScaledBasis<cute::C<1>, 1>, cute::ScaledBasis<cute::C<1>, 0>>> &, const cute::Swizzle<0, 4, 3> &>>, cutlass::bfloat16_t>, cute::Layout<cute::tuple<cute::_1, cute::tuple<cute::tuple<cute::tuple<cute::C<8>, cute::C<16>>, cute::_16>>>, cute::tuple<cute::C<0>, cute::tuple<cute::tuple<cute::tuple<cute::_16, cute::_1>, cute::_128>>>>, cute::tuple<cute::_1, cute::_16, cute::_128>>, TmaLoadWsGT=cute::TiledCopy<cute::Copy_Atom<cute::Copy_Traits<cute::SM90_TMA_LOAD, cute::C<4096>, cute::AuxTmaParams<cute::tuple<cute::ScaledBasis<cute::C<1>, 1>, cute::ScaledBasis<cute::C<1>, 0>>, const cute::Layout<cute::tuple<cute::_128, cute::_1>, cute::tuple<cute::ScaledBasis<cute::C<1>, 1>, cute::ScaledBasis<cute::C<1>, 0>>> &, const cute::Swizzle<0, 4, 3> &>>, float>, cute::Layout<cute::tuple<cute::_1, cute::tuple<cute::tuple<cute::_128, cute::_1>>>, cute::tuple<cute::C<0>, cute::tuple<cute::tuple<cute::_1, cute::C<0>>>>>, cute::tuple<cute::_1, cute::_128>>, TmaLoadWsINV=cute::TiledCopy<cute::Copy_Atom<cute::Copy_Traits<cute::SM90_TMA_LOAD, cute::C<2048>, cute::AuxTmaParams<cute::tuple<cute::ScaledBasis<cute::C<1>, 2>, cute::ScaledBasis<cute::C<1>, 1>, cute::ScaledBasis<cute::C<1>, 0>>, const cute::Layout<cute::tuple<cute::C<8>, cute::C<16>, cute::C<1>>, cute::tuple<cute::ScaledBasis<cute::C<1>, 2>, cute::ScaledBasis<cute::C<1>, 1>, cute::ScaledBasis<cute::C<1>, 0>>> &, const cute::Swizzle<0, 4, 3> &>>, cutlass::bfloat16_t>, cute::Layout<cute::tuple<cute::_1, cute::tuple<cute::tuple<cute::tuple<cute::C<8>, cute::C<16>>, cute::_2>>>, cute::tuple<cute::C<0>, cute::tuple<cute::tuple<cute::tuple<cute::_16, cute::_1>, cute::_128>>>>, cute::tuple<cute::_1, cute::C<16>, cute::C<16>>>, TmaLoadWsMqk=cute::TiledCopy<cute::Copy_Atom<cute::Copy_Traits<cute::SM90_TMA_LOAD, cute::C<2048>, cute::AuxTmaParams<cute::tuple<cute::ScaledBasis<cute::C<1>, 2>, cute::ScaledBasis<cute::C<1>, 1>, cute::ScaledBasis<cute::C<1>, 0>>, const cute::Layout<cute::tuple<cute::C<8>, cute::C<16>, cute::C<1>>, cute::tuple<cute::ScaledBasis<cute::C<1>, 2>, cute::ScaledBasis<cute::C<1>, 1>, cute::ScaledBasis<cute::C<1>, 0>>> &, const cute::Swizzle<0, 4, 3> &>>, cutlass::bfloat16_t>, cute::Layout<cute::tuple<cute::_1, cute::tuple<cute::tuple<cute::tuple<cute::C<8>, cute::C<16>>, cute::_2>>>, cute::tuple<cute::C<0>, cute::tuple<cute::tuple<cute::tuple<cute::_16, cute::_1>, cute::_128>>>>, cute::tuple<cute::_1, cute::C<16>, cute::C<16>>>, TmaLoadState=cute::TiledCopy<cute::Copy_Atom<cute::Copy_Traits<cute::SM90_TMA_LOAD, cute::C<4096>, cute::AuxTmaParams<cute::tuple<cute::ScaledBasis<cute::C<1>, 2>, cute::ScaledBasis<cute::C<1>, 1>, cute::ScaledBasis<cute::C<1>, 0>>, const cute::Layout<cute::tuple<cute::C<8>, cute::C<32>, cute::C<1>>, cute::tuple<cute::ScaledBasis<cute::C<1>, 2>, cute::ScaledBasis<cute::C<1>, 1>, cute::ScaledBasis<cute::C<1>, 0>>> &, const cute::Swizzle<0, 4, 3> &>>, cutlass::bfloat16_t>, cute::Layout<cute::tuple<cute::_1, cute::tuple<cute::tuple<cute::tuple<cute::C<8>, cute::C<32>>, cute::_16>>>, cute::tuple<cute::C<0>, cute::tuple<cute::tuple<cute::tuple<cute::_32, cute::_1>, cute::_256>>>>, cute::tuple<cute::_1, cute::C<32>, cute::C<128>>>, TmaStoreState=cute::TiledCopy<cute::Copy_Atom<cute::Copy_Traits<cute::SM90_TMA_STORE, cute::C<4096>, cute::AuxTmaParams<cute::tuple<cute::ScaledBasis<cute::C<1>, 2>, cute::ScaledBasis<cute::C<1>, 1>, cute::ScaledBasis<cute::C<1>, 0>>, const cute::Layout<cute::tuple<cute::C<8>, cute::C<32>, cute::C<1>>, cute::tuple<cute::ScaledBasis<cute::C<1>, 2>, cute::ScaledBasis<cute::C<1>, 1>, cute::ScaledBasis<cute::C<1>, 0>>> &, const cute::Swizzle<0, 4, 3> &>>, cutlass::bfloat16_t>, cute::Layout<cute::tuple<cute::_1, cute::tuple<cute::tuple<cute::tuple<cute::C<8>, cute::C<32>>, cute::_16>>>, cute::tuple<cute::C<0>, cute::tuple<cute::tuple<cute::tuple<cute::_32, cute::_1>, cute::_256>>>>, cute::tuple<cute::_1, cute::C<32>, cute::C<128>>>, TmaStoreOut=cute::TiledCopy<cute::Copy_Atom<cute::Copy_Traits<cute::SM90_TMA_STORE, cute::C<2048>, cute::AuxTmaParams<cute::tuple<cute::ScaledBasis<cute::C<1>, 2>, cute::ScaledBasis<cute::C<1>, 1>, cute::ScaledBasis<int, 0>>, const cute::Layout<cute::tuple<cute::C<8>, cute::C<16>, cute::C<1>>, cute::tuple<cute::ScaledBasis<cute::C<1>, 2>, cute::ScaledBasis<cute::C<1>, 1>, cute::ScaledBasis<cute::C<1>, 0>>> &, const cute::Swizzle<0, 4, 3> &>>, cutlass::bfloat16_t>, cute::Layout<cute::tuple<cute::_1, cute::tuple<cute::tuple<cute::tuple<cute::C<8>, cute::C<16>>, cute::_4>>>, cute::tuple<cute::C<0>, cute::tuple<cute::tuple<cute::tuple<cute::_16, cute::_1>, cute::_128>>>>, cute::tuple<cute::_1, cute::C<16>, cute::C<32>>>, CHUNK=16, KDim=128, VDim=32, InputStages=3, OutputStages=2, NumThreads=128, HasStateIn=false, HasStateOut=false, StateFP32=false, IsVarlen=true]" at line 1399 of csrc/smxx/fwd_launch.cu
            instantiation of "void launch_fwd_vshard4_p2_phase1pf<D,HasStateIn,HasStateOut,StateFP32,IsVarlen>(const cutlass::bfloat16_t *, const cutlass::bfloat16_t *, const cutlass::bfloat16_t *, const cutlass::bfloat16_t *, const cutlass::bfloat16_t *, const void *, float, void *, cutlass::bfloat16_t *, void *, int, int, int, int, const int64_t *, const float *, const float *, float, cudaStream_t) [with D=128, HasStateIn=false, HasStateOut=false, StateFP32=false, IsVarlen=true]" at line 1437 of csrc/smxx/fwd_launch.cu

csrc/smxx/fwd_kernel2_vshard4_p2_phase1pf.cuh(644): error: no instance of overloaded function "copy" matches the argument list
            argument types are: (cute::TiledCopy<cute::Copy_Atom<cute::SM75_U32x4_LDSM_N, cutlass::bfloat16_t>, cute::Layout<cute::tuple<cute::tuple<cute::_4, cute::_8>, cute::tuple<cute::tuple<cute::_2, cute::_2, cute::_2>, cute::tuple<cute::_1, cute::_1>>>, cute::tuple<cute::tuple<cute::_32, cute::_1>, cute::tuple<cute::tuple<cute::_16, cute::_8, cute::_128>, cute::tuple<cute::_0, cute::_0>>>>, cute::tuple<cute::C<16>, cute::C<16>>>, cute::Tensor<cute::ViewEngine<cute::smem_ptr<cutlass::bfloat16_t *>>, cute::Layout<cute::tuple<cute::tuple<cute::_8, cute::_1>, cute::_1, cute::_1>, cute::tuple<cute::tuple<cute::_1, cute::C<0>>, cute::C<0>, cute::C<0>>>>, Phase1AInputViewT [2])
              copy(smem_tiled_copy_A, smem_thr_copy_A.partition_S(INV), tCrAi_k_view);
              ^
/home/lcpu/85117379/flashkda-phase1-prefetch-1ce47ea-b300-r2/cutlass/include/cute/algorithm/copy.hpp(173): note #3326-D: function template "cute::copy(const cute::AutoCopyAsync &, const cute::Tensor<SrcEngine, SrcLayout> &, cute::Tensor<DstEngine, DstLayout> &)" does not match because argument #1 does not match parameter
  copy(AutoCopyAsync const& cpy,
  ^
/home/lcpu/85117379/flashkda-phase1-prefetch-1ce47ea-b300-r2/cutlass/include/cute/algorithm/copy.hpp(189): note #3327-D: candidate function template "cute::copy(const cute::Copy_Atom<CopyArgs...> &, const cute::Tensor<SrcEngine, SrcLayout> &, cute::Tensor<DstEngine, DstLayout> &)" failed deduction
  copy(Copy_Atom<CopyArgs...> const& copy_atom,
  ^
/home/lcpu/85117379/flashkda-phase1-prefetch-1ce47ea-b300-r2/cutlass/include/cute/algorithm/copy.hpp(247): note #3327-D: candidate function template "cute::copy(const cute::AutoVectorizingCopyWithAssumedAlignment<MaxVecBits> &, const cute::Tensor<SrcEngine, SrcLayout> &, cute::Tensor<DstEngine, DstLayout> &)" failed deduction
  copy(AutoVectorizingCopyWithAssumedAlignment<MaxVecBits> const&,
  ^
/home/lcpu/85117379/flashkda-phase1-prefetch-1ce47ea-b300-r2/cutlass/include/cute/algorithm/copy.hpp(288): note #3327-D: candidate function template "cute::copy(const cute::AutoFilter<CopyOp> &, const cute::Tensor<SrcEngine, SrcLayout> &, cute::Tensor<DstEngine, DstLayout> &)" failed deduction
  copy(AutoFilter<CopyOp> const& copy_op,
  ^
/home/lcpu/85117379/flashkda-phase1-prefetch-1ce47ea-b300-r2/cutlass/include/cute/algorithm/copy.hpp(312): note #3322-D: number of parameters of function template "cute::copy(const cute::Tensor<SrcEngine, SrcLayout> &, cute::Tensor<DstEngine, DstLayout> &)" does not match the call
  copy(Tensor<SrcEngine, SrcLayout> const& src,
  ^
/home/lcpu/85117379/flashkda-phase1-prefetch-1ce47ea-b300-r2/cutlass/include/cute/algorithm/copy.hpp(350): note #3327-D: candidate function template "cute::copy(const cute::Copy_Atom<cute::AutoVectorizingCopyWithAssumedAlignment<MaxVecBits>, Args...> &, const cute::Tensor<SrcEngine, SrcLayout> &, cute::Tensor<DstEngine, DstLayout> &)" failed deduction
  copy(Copy_Atom<AutoVectorizingCopyWithAssumedAlignment<MaxVecBits>, Args...> const&,
  ^
/home/lcpu/85117379/flashkda-phase1-prefetch-1ce47ea-b300-r2/cutlass/include/cute/algorithm/copy.hpp(362): note #3327-D: candidate function template "cute::copy(const cute::Copy_Atom<cute::Copy_Traits<cute::AutoVectorizingCopyWithAssumedAlignment<MaxVecBits>>, Args...> &, const cute::Tensor<SrcEngine, SrcLayout> &, cute::Tensor<DstEngine, DstLayout> &)" failed deduction
  copy(Copy_Atom<Copy_Traits<AutoVectorizingCopyWithAssumedAlignment<MaxVecBits>>, Args...> const&,
  ^
/home/lcpu/85117379/flashkda-phase1-prefetch-1ce47ea-b300-r2/cutlass/include/cute/algorithm/copy.hpp(375): note #3327-D: candidate function template "cute::copy(const cute::Copy_Traits<cute::SM90_BULK_COPY_AUTO, CT_Args...> &, const cute::Tensor<SrcEngine, SrcLayout> &, cute::Tensor<DstEngine, DstLayout> &)" failed deduction
  copy(Copy_Traits<SM90_BULK_COPY_AUTO, CT_Args...> const& atom,
  ^
/home/lcpu/85117379/flashkda-phase1-prefetch-1ce47ea-b300-r2/cutlass/include/cute/algorithm/copy.hpp(408): note #3327-D: candidate function template "cute::copy(const cute::Copy_Atom<cute::Copy_Traits<cute::SM90_BULK_COPY_AUTO, CT_Args...>, CA_Args...> &, const cute::Tensor<SrcEngine, SrcLayout> &, cute::Tensor<DstEngine, DstLayout> &)" failed deduction
  copy(Copy_Atom<Copy_Traits<SM90_BULK_COPY_AUTO, CT_Args...>, CA_Args...> const& atom,
  ^
/home/lcpu/85117379/flashkda-phase1-prefetch-1ce47ea-b300-r2/cutlass/include/cute/algorithm/copy.hpp(439): note #3327-D: candidate function template "cute::copy(const cute::TiledCopy<CopyAtom, TV, Tiler> &, const cute::Tensor<SrcEngine, SrcLayout> &, cute::Tensor<DstEngine, DstLayout> &)" failed deduction
  copy(TiledCopy<CopyAtom, TV, Tiler> const& tiled_copy,
  ^
/home/lcpu/85117379/flashkda-phase1-prefetch-1ce47ea-b300-r2/cutlass/include/cute/algorithm/copy.hpp(462): note #3327-D: candidate function template "cute::copy(const cute::ThrCopy<TiledCopy, ThrIdx> &, const cute::Tensor<SrcEngine, SrcLayout> &, cute::Tensor<DstEngine, DstLayout> &)" failed deduction
  copy(ThrCopy<TiledCopy, ThrIdx> const& thr_copy,
  ^
/home/lcpu/85117379/flashkda-phase1-prefetch-1ce47ea-b300-r2/cutlass/include/cute/algorithm/copy.hpp(489): note #3327-D: candidate function template "cute::copy(const CopyPolicy &, const cute::Tensor<SrcEngine, SrcLayout> &, cute::Tensor<DstEngine, DstLayout> &)" failed deduction
  copy(CopyPolicy const& cpy,
  ^
/home/lcpu/85117379/flashkda-phase1-prefetch-1ce47ea-b300-r2/cutlass/include/cute/algorithm/copy.hpp(530): note #3322-D: number of parameters of function template "cute::copy(const cute::Tensor<SrcEngine, SrcLayout> &, cute::Tensor<DstEngine, DstLayout> &&)" does not match the call
  copy(Tensor<SrcEngine, SrcLayout> const& src,
  ^
/home/lcpu/85117379/flashkda-phase1-prefetch-1ce47ea-b300-r2/cutlass/include/cute/algorithm/copy.hpp(541): note #3327-D: candidate function template "cute::copy(const CopyPolicy &, const cute::Tensor<SrcEngine, SrcLayout> &, cute::Tensor<DstEngine, DstLayout> &&)" failed deduction
  copy(CopyPolicy const& copy_policy,
  ^
          detected during:
            instantiation of "void _flash_kda_fwd_recurrence_vshard4_p2_phase1pf<TmaLoadV,TmaLoadBeta,TmaLoadWsKD,TmaLoadWsQD,TmaLoadWsKR,TmaLoadWsGT,TmaLoadWsINV,TmaLoadWsMqk,TmaLoadState,TmaStoreState,TmaStoreOut,CHUNK,KDim,VDim,InputStages,OutputStages,NumThreads,HasStateIn,HasStateOut,StateFP32,IsVarlen>(TmaLoadV, TmaLoadBeta, TmaLoadWsKD, TmaLoadWsQD, TmaLoadWsKR, TmaLoadWsGT, TmaLoadWsINV, TmaLoadWsMqk, TmaLoadState, TmaStoreState, TmaStoreOut, cutlass::bfloat16_t *, int, int, int, const int64_t *, int) [with TmaLoadV=cute::TiledCopy<cute::Copy_Atom<cute::Copy_Traits<cute::SM90_TMA_LOAD, cute::C<2048>, cute::AuxTmaParams<cute::tuple<cute::ScaledBasis<cute::C<1>, 2>, cute::ScaledBasis<cute::C<1>, 1>, cute::ScaledBasis<int, 0>>, const cute::Layout<cute::tuple<cute::C<8>, cute::C<16>, cute::C<1>>, cute::tuple<cute::ScaledBasis<cute::C<1>, 2>, cute::ScaledBasis<cute::C<1>, 1>, cute::ScaledBasis<cute::C<1>, 0>>> &, const cute::Swizzle<0, 4, 3> &>>, cutlass::bfloat16_t>, cute::Layout<cute::tuple<cute::_1, cute::tuple<cute::tuple<cute::tuple<cute::C<8>, cute::C<16>>, cute::_4>>>, cute::tuple<cute::C<0>, cute::tuple<cute::tuple<cute::tuple<cute::_16, cute::_1>, cute::_128>>>>, cute::tuple<cute::_1, cute::C<16>, cute::C<32>>>, TmaLoadBeta=cute::TiledCopy<cute::Copy_Atom<cute::Copy_Traits<cute::SM90_TMA_LOAD, cute::C<512>, cute::AuxTmaParams<cute::tuple<cute::ScaledBasis<cute::C<1>, 0>>, const cute::Layout<cute::tuple<cute::_32>, cute::tuple<cute::ScaledBasis<cute::C<1>, 0>>> &, const cute::Swizzle<0, 4, 3> &>>, cutlass::bfloat16_t>, cute::Layout<cute::tuple<cute::_1, cute::tuple<cute::tuple<cute::_32, cute::_1>>>, cute::tuple<cute::C<0>, cute::tuple<cute::tuple<cute::_1, cute::C<0>>>>>, cute::tuple<cute::_32>>, TmaLoadWsKD=cute::TiledCopy<cute::Copy_Atom<cute::Copy_Traits<cute::SM90_TMA_LOAD, cute::C<2048>, cute::AuxTmaParams<cute::tuple<cute::ScaledBasis<cute::C<1>, 2>, cute::ScaledBasis<cute::C<1>, 1>, cute::ScaledBasis<cute::C<1>, 0>>, const cute::Layout<cute::tuple<cute::C<8>, cute::C<16>, cute::C<1>>, cute::tuple<cute::ScaledBasis<cute::C<1>, 2>, cute::ScaledBasis<cute::C<1>, 1>, cute::ScaledBasis<cute::C<1>, 0>>> &, const cute::Swizzle<0, 4, 3> &>>, cutlass::bfloat16_t>, cute::Layout<cute::tuple<cute::_1, cute::tuple<cute::tuple<cute::tuple<cute::C<8>, cute::C<16>>, cute::_16>>>, cute::tuple<cute::C<0>, cute::tuple<cute::tuple<cute::tuple<cute::_16, cute::_1>, cute::_128>>>>, cute::tuple<cute::_1, cute::_16, cute::_128>>, TmaLoadWsQD=cute::TiledCopy<cute::Copy_Atom<cute::Copy_Traits<cute::SM90_TMA_LOAD, cute::C<2048>, cute::AuxTmaParams<cute::tuple<cute::ScaledBasis<cute::C<1>, 2>, cute::ScaledBasis<cute::C<1>, 1>, cute::ScaledBasis<cute::C<1>, 0>>, const cute::Layout<cute::tuple<cute::C<8>, cute::C<16>, cute::C<1>>, cute::tuple<cute::ScaledBasis<cute::C<1>, 2>, cute::ScaledBasis<cute::C<1>, 1>, cute::ScaledBasis<cute::C<1>, 0>>> &, const cute::Swizzle<0, 4, 3> &>>, cutlass::bfloat16_t>, cute::Layout<cute::tuple<cute::_1, cute::tuple<cute::tuple<cute::tuple<cute::C<8>, cute::C<16>>, cute::_16>>>, cute::tuple<cute::C<0>, cute::tuple<cute::tuple<cute::tuple<cute::_16, cute::_1>, cute::_128>>>>, cute::tuple<cute::_1, cute::_16, cute::_128>>, TmaLoadWsKR=cute::TiledCopy<cute::Copy_Atom<cute::Copy_Traits<cute::SM90_TMA_LOAD, cute::C<2048>, cute::AuxTmaParams<cute::tuple<cute::ScaledBasis<cute::C<1>, 2>, cute::ScaledBasis<cute::C<1>, 1>, cute::ScaledBasis<cute::C<1>, 0>>, const cute::Layout<cute::tuple<cute::C<8>, cute::C<16>, cute::C<1>>, cute::tuple<cute::ScaledBasis<cute::C<1>, 2>, cute::ScaledBasis<cute::C<1>, 1>, cute::ScaledBasis<cute::C<1>, 0>>> &, const cute::Swizzle<0, 4, 3> &>>, cutlass::bfloat16_t>, cute::Layout<cute::tuple<cute::_1, cute::tuple<cute::tuple<cute::tuple<cute::C<8>, cute::C<16>>, cute::_16>>>, cute::tuple<cute::C<0>, cute::tuple<cute::tuple<cute::tuple<cute::_16, cute::_1>, cute::_128>>>>, cute::tuple<cute::_1, cute::_16, cute::_128>>, TmaLoadWsGT=cute::TiledCopy<cute::Copy_Atom<cute::Copy_Traits<cute::SM90_TMA_LOAD, cute::C<4096>, cute::AuxTmaParams<cute::tuple<cute::ScaledBasis<cute::C<1>, 1>, cute::ScaledBasis<cute::C<1>, 0>>, const cute::Layout<cute::tuple<cute::_128, cute::_1>, cute::tuple<cute::ScaledBasis<cute::C<1>, 1>, cute::ScaledBasis<cute::C<1>, 0>>> &, const cute::Swizzle<0, 4, 3> &>>, float>, cute::Layout<cute::tuple<cute::_1, cute::tuple<cute::tuple<cute::_128, cute::_1>>>, cute::tuple<cute::C<0>, cute::tuple<cute::tuple<cute::_1, cute::C<0>>>>>, cute::tuple<cute::_1, cute::_128>>, TmaLoadWsINV=cute::TiledCopy<cute::Copy_Atom<cute::Copy_Traits<cute::SM90_TMA_LOAD, cute::C<2048>, cute::AuxTmaParams<cute::tuple<cute::ScaledBasis<cute::C<1>, 2>, cute::ScaledBasis<cute::C<1>, 1>, cute::ScaledBasis<cute::C<1>, 0>>, const cute::Layout<cute::tuple<cute::C<8>, cute::C<16>, cute::C<1>>, cute::tuple<cute::ScaledBasis<cute::C<1>, 2>, cute::ScaledBasis<cute::C<1>, 1>, cute::ScaledBasis<cute::C<1>, 0>>> &, const cute::Swizzle<0, 4, 3> &>>, cutlass::bfloat16_t>, cute::Layout<cute::tuple<cute::_1, cute::tuple<cute::tuple<cute::tuple<cute::C<8>, cute::C<16>>, cute::_2>>>, cute::tuple<cute::C<0>, cute::tuple<cute::tuple<cute::tuple<cute::_16, cute::_1>, cute::_128>>>>, cute::tuple<cute::_1, cute::C<16>, cute::C<16>>>, TmaLoadWsMqk=cute::TiledCopy<cute::Copy_Atom<cute::Copy_Traits<cute::SM90_TMA_LOAD, cute::C<2048>, cute::AuxTmaParams<cute::tuple<cute::ScaledBasis<cute::C<1>, 2>, cute::ScaledBasis<cute::C<1>, 1>, cute::ScaledBasis<cute::C<1>, 0>>, const cute::Layout<cute::tuple<cute::C<8>, cute::C<16>, cute::C<1>>, cute::tuple<cute::ScaledBasis<cute::C<1>, 2>, cute::ScaledBasis<cute::C<1>, 1>, cute::ScaledBasis<cute::C<1>, 0>>> &, const cute::Swizzle<0, 4, 3> &>>, cutlass::bfloat16_t>, cute::Layout<cute::tuple<cute::_1, cute::tuple<cute::tuple<cute::tuple<cute::C<8>, cute::C<16>>, cute::_2>>>, cute::tuple<cute::C<0>, cute::tuple<cute::tuple<cute::tuple<cute::_16, cute::_1>, cute::_128>>>>, cute::tuple<cute::_1, cute::C<16>, cute::C<16>>>, TmaLoadState=cute::TiledCopy<cute::Copy_Atom<cute::Copy_Traits<cute::SM90_TMA_LOAD, cute::C<4096>, cute::AuxTmaParams<cute::tuple<cute::ScaledBasis<cute::C<1>, 2>, cute::ScaledBasis<cute::C<1>, 1>, cute::ScaledBasis<cute::C<1>, 0>>, const cute::Layout<cute::tuple<cute::C<8>, cute::C<32>, cute::C<1>>, cute::tuple<cute::ScaledBasis<cute::C<1>, 2>, cute::ScaledBasis<cute::C<1>, 1>, cute::ScaledBasis<cute::C<1>, 0>>> &, const cute::Swizzle<0, 4, 3> &>>, cutlass::bfloat16_t>, cute::Layout<cute::tuple<cute::_1, cute::tuple<cute::tuple<cute::tuple<cute::C<8>, cute::C<32>>, cute::_16>>>, cute::tuple<cute::C<0>, cute::tuple<cute::tuple<cute::tuple<cute::_32, cute::_1>, cute::_256>>>>, cute::tuple<cute::_1, cute::C<32>, cute::C<128>>>, TmaStoreState=cute::TiledCopy<cute::Copy_Atom<cute::Copy_Traits<cute::SM90_TMA_STORE, cute::C<4096>, cute::AuxTmaParams<cute::tuple<cute::ScaledBasis<cute::C<1>, 2>, cute::ScaledBasis<cute::C<1>, 1>, cute::ScaledBasis<cute::C<1>, 0>>, const cute::Layout<cute::tuple<cute::C<8>, cute::C<32>, cute::C<1>>, cute::tuple<cute::ScaledBasis<cute::C<1>, 2>, cute::ScaledBasis<cute::C<1>, 1>, cute::ScaledBasis<cute::C<1>, 0>>> &, const cute::Swizzle<0, 4, 3> &>>, cutlass::bfloat16_t>, cute::Layout<cute::tuple<cute::_1, cute::tuple<cute::tuple<cute::tuple<cute::C<8>, cute::C<32>>, cute::_16>>>, cute::tuple<cute::C<0>, cute::tuple<cute::tuple<cute::tuple<cute::_32, cute::_1>, cute::_256>>>>, cute::tuple<cute::_1, cute::C<32>, cute::C<128>>>, TmaStoreOut=cute::TiledCopy<cute::Copy_Atom<cute::Copy_Traits<cute::SM90_TMA_STORE, cute::C<2048>, cute::AuxTmaParams<cute::tuple<cute::ScaledBasis<cute::C<1>, 2>, cute::ScaledBasis<cute::C<1>, 1>, cute::ScaledBasis<int, 0>>, const cute::Layout<cute::tuple<cute::C<8>, cute::C<16>, cute::C<1>>, cute::tuple<cute::ScaledBasis<cute::C<1>, 2>, cute::ScaledBasis<cute::C<1>, 1>, cute::ScaledBasis<cute::C<1>, 0>>> &, const cute::Swizzle<0, 4, 3> &>>, cutlass::bfloat16_t>, cute::Layout<cute::tuple<cute::_1, cute::tuple<cute::tuple<cute::tuple<cute::C<8>, cute::C<16>>, cute::_4>>>, cute::tuple<cute::C<0>, cute::tuple<cute::tuple<cute::tuple<cute::_16, cute::_1>, cute::_128>>>>, cute::tuple<cute::_1, cute::C<16>, cute::C<32>>>, CHUNK=16, KDim=128, VDim=32, InputStages=3, OutputStages=2, NumThreads=128, HasStateIn=false, HasStateOut=true, StateFP32=false, IsVarlen=true]" at line 1399 of csrc/smxx/fwd_launch.cu
            instantiation of "void launch_fwd_vshard4_p2_phase1pf<D,HasStateIn,HasStateOut,StateFP32,IsVarlen>(const cutlass::bfloat16_t *, const cutlass::bfloat16_t *, const cutlass::bfloat16_t *, const cutlass::bfloat16_t *, const cutlass::bfloat16_t *, const void *, float, void *, cutlass::bfloat16_t *, void *, int, int, int, int, const int64_t *, const float *, const float *, float, cudaStream_t) [with D=128, HasStateIn=false, HasStateOut=true, StateFP32=false, IsVarlen=true]" at line 1437 of csrc/smxx/fwd_launch.cu

csrc/smxx/fwd_kernel2_vshard4_p2_phase1pf.cuh(687): error: no instance of overloaded function "copy" matches the argument list
            argument types are: (cute::TiledCopy<cute::Copy_Atom<cute::SM75_U32x4_LDSM_N, cutlass::bfloat16_t>, cute::Layout<cute::tuple<cute::tuple<cute::_4, cute::_8>, cute::tuple<cute::tuple<cute::_2, cute::_2, cute::_2>, cute::tuple<cute::_1, cute::_1>>>, cute::tuple<cute::tuple<cute::_32, cute::_1>, cute::tuple<cute::tuple<cute::_16, cute::_8, cute::_128>, cute::tuple<cute::_0, cute::_0>>>>, cute::tuple<cute::C<16>, cute::C<16>>>, cute::Tensor<cute::ViewEngine<cute::smem_ptr<cutlass::bfloat16_t *>>, cute::Layout<cute::tuple<cute::tuple<cute::_8, cute::_1>, cute::_1, cute::_1>, cute::tuple<cute::tuple<cute::_1, cute::C<0>>, cute::C<0>, cute::C<0>>>>, Phase1AInputViewT [2])
              copy(smem_tiled_copy_A, smem_thr_copy_A.partition_S(Mqk), tCrAi_k_view);
              ^
/home/lcpu/85117379/flashkda-phase1-prefetch-1ce47ea-b300-r2/cutlass/include/cute/algorithm/copy.hpp(173): note #3326-D: function template "cute::copy(const cute::AutoCopyAsync &, const cute::Tensor<SrcEngine, SrcLayout> &, cute::Tensor<DstEngine, DstLayout> &)" does not match because argument #1 does not match parameter
  copy(AutoCopyAsync const& cpy,
  ^
/home/lcpu/85117379/flashkda-phase1-prefetch-1ce47ea-b300-r2/cutlass/include/cute/algorithm/copy.hpp(189): note #3327-D: candidate function template "cute::copy(const cute::Copy_Atom<CopyArgs...> &, const cute::Tensor<SrcEngine, SrcLayout> &, cute::Tensor<DstEngine, DstLayout> &)" failed deduction
  copy(Copy_Atom<CopyArgs...> const& copy_atom,
  ^
/home/lcpu/85117379/flashkda-phase1-prefetch-1ce47ea-b300-r2/cutlass/include/cute/algorithm/copy.hpp(247): note #3327-D: candidate function template "cute::copy(const cute::AutoVectorizingCopyWithAssumedAlignment<MaxVecBits> &, const cute::Tensor<SrcEngine, SrcLayout> &, cute::Tensor<DstEngine, DstLayout> &)" failed deduction
  copy(AutoVectorizingCopyWithAssumedAlignment<MaxVecBits> const&,
  ^
/home/lcpu/85117379/flashkda-phase1-prefetch-1ce47ea-b300-r2/cutlass/include/cute/algorithm/copy.hpp(288): note #3327-D: candidate function template "cute::copy(const cute::AutoFilter<CopyOp> &, const cute::Tensor<SrcEngine, SrcLayout> &, cute::Tensor<DstEngine, DstLayout> &)" failed deduction
  copy(AutoFilter<CopyOp> const& copy_op,
  ^
/home/lcpu/85117379/flashkda-phase1-prefetch-1ce47ea-b300-r2/cutlass/include/cute/algorithm/copy.hpp(312): note #3322-D: number of parameters of function template "cute::copy(const cute::Tensor<SrcEngine, SrcLayout> &, cute::Tensor<DstEngine, DstLayout> &)" does not match the call
  copy(Tensor<SrcEngine, SrcLayout> const& src,
  ^
/home/lcpu/85117379/flashkda-phase1-prefetch-1ce47ea-b300-r2/cutlass/include/cute/algorithm/copy.hpp(350): note #3327-D: candidate function template "cute::copy(const cute::Copy_Atom<cute::AutoVectorizingCopyWithAssumedAlignment<MaxVecBits>, Args...> &, const cute::Tensor<SrcEngine, SrcLayout> &, cute::Tensor<DstEngine, DstLayout> &)" failed deduction
  copy(Copy_Atom<AutoVectorizingCopyWithAssumedAlignment<MaxVecBits>, Args...> const&,
  ^
/home/lcpu/85117379/flashkda-phase1-prefetch-1ce47ea-b300-r2/cutlass/include/cute/algorithm/copy.hpp(362): note #3327-D: candidate function template "cute::copy(const cute::Copy_Atom<cute::Copy_Traits<cute::AutoVectorizingCopyWithAssumedAlignment<MaxVecBits>>, Args...> &, const cute::Tensor<SrcEngine, SrcLayout> &, cute::Tensor<DstEngine, DstLayout> &)" failed deduction
  copy(Copy_Atom<Copy_Traits<AutoVectorizingCopyWithAssumedAlignment<MaxVecBits>>, Args...> const&,
  ^
/home/lcpu/85117379/flashkda-phase1-prefetch-1ce47ea-b300-r2/cutlass/include/cute/algorithm/copy.hpp(375): note #3327-D: candidate function template "cute::copy(const cute::Copy_Traits<cute::SM90_BULK_COPY_AUTO, CT_Args...> &, const cute::Tensor<SrcEngine, SrcLayout> &, cute::Tensor<DstEngine, DstLayout> &)" failed deduction
  copy(Copy_Traits<SM90_BULK_COPY_AUTO, CT_Args...> const& atom,
  ^
/home/lcpu/85117379/flashkda-phase1-prefetch-1ce47ea-b300-r2/cutlass/include/cute/algorithm/copy.hpp(408): note #3327-D: candidate function template "cute::copy(const cute::Copy_Atom<cute::Copy_Traits<cute::SM90_BULK_COPY_AUTO, CT_Args...>, CA_Args...> &, const cute::Tensor<SrcEngine, SrcLayout> &, cute::Tensor<DstEngine, DstLayout> &)" failed deduction
  copy(Copy_Atom<Copy_Traits<SM90_BULK_COPY_AUTO, CT_Args...>, CA_Args...> const& atom,
  ^
/home/lcpu/85117379/flashkda-phase1-prefetch-1ce47ea-b300-r2/cutlass/include/cute/algorithm/copy.hpp(439): note #3327-D: candidate function template "cute::copy(const cute::TiledCopy<CopyAtom, TV, Tiler> &, const cute::Tensor<SrcEngine, SrcLayout> &, cute::Tensor<DstEngine, DstLayout> &)" failed deduction
  copy(TiledCopy<CopyAtom, TV, Tiler> const& tiled_copy,
  ^
/home/lcpu/85117379/flashkda-phase1-prefetch-1ce47ea-b300-r2/cutlass/include/cute/algorithm/copy.hpp(462): note #3327-D: candidate function template "cute::copy(const cute::ThrCopy<TiledCopy, ThrIdx> &, const cute::Tensor<SrcEngine, SrcLayout> &, cute::Tensor<DstEngine, DstLayout> &)" failed deduction
  copy(ThrCopy<TiledCopy, ThrIdx> const& thr_copy,
  ^
/home/lcpu/85117379/flashkda-phase1-prefetch-1ce47ea-b300-r2/cutlass/include/cute/algorithm/copy.hpp(489): note #3327-D: candidate function template "cute::copy(const CopyPolicy &, const cute::Tensor<SrcEngine, SrcLayout> &, cute::Tensor<DstEngine, DstLayout> &)" failed deduction
  copy(CopyPolicy const& cpy,
  ^
/home/lcpu/85117379/flashkda-phase1-prefetch-1ce47ea-b300-r2/cutlass/include/cute/algorithm/copy.hpp(530): note #3322-D: number of parameters of function template "cute::copy(const cute::Tensor<SrcEngine, SrcLayout> &, cute::Tensor<DstEngine, DstLayout> &&)" does not match the call
  copy(Tensor<SrcEngine, SrcLayout> const& src,
  ^
/home/lcpu/85117379/flashkda-phase1-prefetch-1ce47ea-b300-r2/cutlass/include/cute/algorithm/copy.hpp(541): note #3327-D: candidate function template "cute::copy(const CopyPolicy &, const cute::Tensor<SrcEngine, SrcLayout> &, cute::Tensor<DstEngine, DstLayout> &&)" failed deduction
  copy(CopyPolicy const& copy_policy,
  ^
          detected during:
            instantiation of "void _flash_kda_fwd_recurrence_vshard4_p2_phase1pf<TmaLoadV,TmaLoadBeta,TmaLoadWsKD,TmaLoadWsQD,TmaLoadWsKR,TmaLoadWsGT,TmaLoadWsINV,TmaLoadWsMqk,TmaLoadState,TmaStoreState,TmaStoreOut,CHUNK,KDim,VDim,InputStages,OutputStages,NumThreads,HasStateIn,HasStateOut,StateFP32,IsVarlen>(TmaLoadV, TmaLoadBeta, TmaLoadWsKD, TmaLoadWsQD, TmaLoadWsKR, TmaLoadWsGT, TmaLoadWsINV, TmaLoadWsMqk, TmaLoadState, TmaStoreState, TmaStoreOut, cutlass::bfloat16_t *, int, int, int, const int64_t *, int) [with TmaLoadV=cute::TiledCopy<cute::Copy_Atom<cute::Copy_Traits<cute::SM90_TMA_LOAD, cute::C<2048>, cute::AuxTmaParams<cute::tuple<cute::ScaledBasis<cute::C<1>, 2>, cute::ScaledBasis<cute::C<1>, 1>, cute::ScaledBasis<int, 0>>, const cute::Layout<cute::tuple<cute::C<8>, cute::C<16>, cute::C<1>>, cute::tuple<cute::ScaledBasis<cute::C<1>, 2>, cute::ScaledBasis<cute::C<1>, 1>, cute::ScaledBasis<cute::C<1>, 0>>> &, const cute::Swizzle<0, 4, 3> &>>, cutlass::bfloat16_t>, cute::Layout<cute::tuple<cute::_1, cute::tuple<cute::tuple<cute::tuple<cute::C<8>, cute::C<16>>, cute::_4>>>, cute::tuple<cute::C<0>, cute::tuple<cute::tuple<cute::tuple<cute::_16, cute::_1>, cute::_128>>>>, cute::tuple<cute::_1, cute::C<16>, cute::C<32>>>, TmaLoadBeta=cute::TiledCopy<cute::Copy_Atom<cute::Copy_Traits<cute::SM90_TMA_LOAD, cute::C<512>, cute::AuxTmaParams<cute::tuple<cute::ScaledBasis<cute::C<1>, 0>>, const cute::Layout<cute::tuple<cute::_32>, cute::tuple<cute::ScaledBasis<cute::C<1>, 0>>> &, const cute::Swizzle<0, 4, 3> &>>, cutlass::bfloat16_t>, cute::Layout<cute::tuple<cute::_1, cute::tuple<cute::tuple<cute::_32, cute::_1>>>, cute::tuple<cute::C<0>, cute::tuple<cute::tuple<cute::_1, cute::C<0>>>>>, cute::tuple<cute::_32>>, TmaLoadWsKD=cute::TiledCopy<cute::Copy_Atom<cute::Copy_Traits<cute::SM90_TMA_LOAD, cute::C<2048>, cute::AuxTmaParams<cute::tuple<cute::ScaledBasis<cute::C<1>, 2>, cute::ScaledBasis<cute::C<1>, 1>, cute::ScaledBasis<cute::C<1>, 0>>, const cute::Layout<cute::tuple<cute::C<8>, cute::C<16>, cute::C<1>>, cute::tuple<cute::ScaledBasis<cute::C<1>, 2>, cute::ScaledBasis<cute::C<1>, 1>, cute::ScaledBasis<cute::C<1>, 0>>> &, const cute::Swizzle<0, 4, 3> &>>, cutlass::bfloat16_t>, cute::Layout<cute::tuple<cute::_1, cute::tuple<cute::tuple<cute::tuple<cute::C<8>, cute::C<16>>, cute::_16>>>, cute::tuple<cute::C<0>, cute::tuple<cute::tuple<cute::tuple<cute::_16, cute::_1>, cute::_128>>>>, cute::tuple<cute::_1, cute::_16, cute::_128>>, TmaLoadWsQD=cute::TiledCopy<cute::Copy_Atom<cute::Copy_Traits<cute::SM90_TMA_LOAD, cute::C<2048>, cute::AuxTmaParams<cute::tuple<cute::ScaledBasis<cute::C<1>, 2>, cute::ScaledBasis<cute::C<1>, 1>, cute::ScaledBasis<cute::C<1>, 0>>, const cute::Layout<cute::tuple<cute::C<8>, cute::C<16>, cute::C<1>>, cute::tuple<cute::ScaledBasis<cute::C<1>, 2>, cute::ScaledBasis<cute::C<1>, 1>, cute::ScaledBasis<cute::C<1>, 0>>> &, const cute::Swizzle<0, 4, 3> &>>, cutlass::bfloat16_t>, cute::Layout<cute::tuple<cute::_1, cute::tuple<cute::tuple<cute::tuple<cute::C<8>, cute::C<16>>, cute::_16>>>, cute::tuple<cute::C<0>, cute::tuple<cute::tuple<cute::tuple<cute::_16, cute::_1>, cute::_128>>>>, cute::tuple<cute::_1, cute::_16, cute::_128>>, TmaLoadWsKR=cute::TiledCopy<cute::Copy_Atom<cute::Copy_Traits<cute::SM90_TMA_LOAD, cute::C<2048>, cute::AuxTmaParams<cute::tuple<cute::ScaledBasis<cute::C<1>, 2>, cute::ScaledBasis<cute::C<1>, 1>, cute::ScaledBasis<cute::C<1>, 0>>, const cute::Layout<cute::tuple<cute::C<8>, cute::C<16>, cute::C<1>>, cute::tuple<cute::ScaledBasis<cute::C<1>, 2>, cute::ScaledBasis<cute::C<1>, 1>, cute::ScaledBasis<cute::C<1>, 0>>> &, const cute::Swizzle<0, 4, 3> &>>, cutlass::bfloat16_t>, cute::Layout<cute::tuple<cute::_1, cute::tuple<cute::tuple<cute::tuple<cute::C<8>, cute::C<16>>, cute::_16>>>, cute::tuple<cute::C<0>, cute::tuple<cute::tuple<cute::tuple<cute::_16, cute::_1>, cute::_128>>>>, cute::tuple<cute::_1, cute::_16, cute::_128>>, TmaLoadWsGT=cute::TiledCopy<cute::Copy_Atom<cute::Copy_Traits<cute::SM90_TMA_LOAD, cute::C<4096>, cute::AuxTmaParams<cute::tuple<cute::ScaledBasis<cute::C<1>, 1>, cute::ScaledBasis<cute::C<1>, 0>>, const cute::Layout<cute::tuple<cute::_128, cute::_1>, cute::tuple<cute::ScaledBasis<cute::C<1>, 1>, cute::ScaledBasis<cute::C<1>, 0>>> &, const cute::Swizzle<0, 4, 3> &>>, float>, cute::Layout<cute::tuple<cute::_1, cute::tuple<cute::tuple<cute::_128, cute::_1>>>, cute::tuple<cute::C<0>, cute::tuple<cute::tuple<cute::_1, cute::C<0>>>>>, cute::tuple<cute::_1, cute::_128>>, TmaLoadWsINV=cute::TiledCopy<cute::Copy_Atom<cute::Copy_Traits<cute::SM90_TMA_LOAD, cute::C<2048>, cute::AuxTmaParams<cute::tuple<cute::ScaledBasis<cute::C<1>, 2>, cute::ScaledBasis<cute::C<1>, 1>, cute::ScaledBasis<cute::C<1>, 0>>, const cute::Layout<cute::tuple<cute::C<8>, cute::C<16>, cute::C<1>>, cute::tuple<cute::ScaledBasis<cute::C<1>, 2>, cute::ScaledBasis<cute::C<1>, 1>, cute::ScaledBasis<cute::C<1>, 0>>> &, const cute::Swizzle<0, 4, 3> &>>, cutlass::bfloat16_t>, cute::Layout<cute::tuple<cute::_1, cute::tuple<cute::tuple<cute::tuple<cute::C<8>, cute::C<16>>, cute::_2>>>, cute::tuple<cute::C<0>, cute::tuple<cute::tuple<cute::tuple<cute::_16, cute::_1>, cute::_128>>>>, cute::tuple<cute::_1, cute::C<16>, cute::C<16>>>, TmaLoadWsMqk=cute::TiledCopy<cute::Copy_Atom<cute::Copy_Traits<cute::SM90_TMA_LOAD, cute::C<2048>, cute::AuxTmaParams<cute::tuple<cute::ScaledBasis<cute::C<1>, 2>, cute::ScaledBasis<cute::C<1>, 1>, cute::ScaledBasis<cute::C<1>, 0>>, const cute::Layout<cute::tuple<cute::C<8>, cute::C<16>, cute::C<1>>, cute::tuple<cute::ScaledBasis<cute::C<1>, 2>, cute::ScaledBasis<cute::C<1>, 1>, cute::ScaledBasis<cute::C<1>, 0>>> &, const cute::Swizzle<0, 4, 3> &>>, cutlass::bfloat16_t>, cute::Layout<cute::tuple<cute::_1, cute::tuple<cute::tuple<cute::tuple<cute::C<8>, cute::C<16>>, cute::_2>>>, cute::tuple<cute::C<0>, cute::tuple<cute::tuple<cute::tuple<cute::_16, cute::_1>, cute::_128>>>>, cute::tuple<cute::_1, cute::C<16>, cute::C<16>>>, TmaLoadState=cute::TiledCopy<cute::Copy_Atom<cute::Copy_Traits<cute::SM90_TMA_LOAD, cute::C<4096>, cute::AuxTmaParams<cute::tuple<cute::ScaledBasis<cute::C<1>, 2>, cute::ScaledBasis<cute::C<1>, 1>, cute::ScaledBasis<cute::C<1>, 0>>, const cute::Layout<cute::tuple<cute::C<8>, cute::C<32>, cute::C<1>>, cute::tuple<cute::ScaledBasis<cute::C<1>, 2>, cute::ScaledBasis<cute::C<1>, 1>, cute::ScaledBasis<cute::C<1>, 0>>> &, const cute::Swizzle<0, 4, 3> &>>, cutlass::bfloat16_t>, cute::Layout<cute::tuple<cute::_1, cute::tuple<cute::tuple<cute::tuple<cute::C<8>, cute::C<32>>, cute::_16>>>, cute::tuple<cute::C<0>, cute::tuple<cute::tuple<cute::tuple<cute::_32, cute::_1>, cute::_256>>>>, cute::tuple<cute::_1, cute::C<32>, cute::C<128>>>, TmaStoreState=cute::TiledCopy<cute::Copy_Atom<cute::Copy_Traits<cute::SM90_TMA_STORE, cute::C<4096>, cute::AuxTmaParams<cute::tuple<cute::ScaledBasis<cute::C<1>, 2>, cute::ScaledBasis<cute::C<1>, 1>, cute::ScaledBasis<cute::C<1>, 0>>, const cute::Layout<cute::tuple<cute::C<8>, cute::C<32>, cute::C<1>>, cute::tuple<cute::ScaledBasis<cute::C<1>, 2>, cute::ScaledBasis<cute::C<1>, 1>, cute::ScaledBasis<cute::C<1>, 0>>> &, const cute::Swizzle<0, 4, 3> &>>, cutlass::bfloat16_t>, cute::Layout<cute::tuple<cute::_1, cute::tuple<cute::tuple<cute::tuple<cute::C<8>, cute::C<32>>, cute::_16>>>, cute::tuple<cute::C<0>, cute::tuple<cute::tuple<cute::tuple<cute::_32, cute::_1>, cute::_256>>>>, cute::tuple<cute::_1, cute::C<32>, cute::C<128>>>, TmaStoreOut=cute::TiledCopy<cute::Copy_Atom<cute::Copy_Traits<cute::SM90_TMA_STORE, cute::C<2048>, cute::AuxTmaParams<cute::tuple<cute::ScaledBasis<cute::C<1>, 2>, cute::ScaledBasis<cute::C<1>, 1>, cute::ScaledBasis<int, 0>>, const cute::Layout<cute::tuple<cute::C<8>, cute::C<16>, cute::C<1>>, cute::tuple<cute::ScaledBasis<cute::C<1>, 2>, cute::ScaledBasis<cute::C<1>, 1>, cute::ScaledBasis<cute::C<1>, 0>>> &, const cute::Swizzle<0, 4, 3> &>>, cutlass::bfloat16_t>, cute::Layout<cute::tuple<cute::_1, cute::tuple<cute::tuple<cute::tuple<cute::C<8>, cute::C<16>>, cute::_4>>>, cute::tuple<cute::C<0>, cute::tuple<cute::tuple<cute::tuple<cute::_16, cute::_1>, cute::_128>>>>, cute::tuple<cute::_1, cute::C<16>, cute::C<32>>>, CHUNK=16, KDim=128, VDim=32, InputStages=3, OutputStages=2, NumThreads=128, HasStateIn=false, HasStateOut=true, StateFP32=false, IsVarlen=true]" at line 1399 of csrc/smxx/fwd_launch.cu
            instantiation of "void launch_fwd_vshard4_p2_phase1pf<D,HasStateIn,HasStateOut,StateFP32,IsVarlen>(const cutlass::bfloat16_t *, const cutlass::bfloat16_t *, const cutlass::bfloat16_t *, const cutlass::bfloat16_t *, const cutlass::bfloat16_t *, const void *, float, void *, cutlass::bfloat16_t *, void *, int, int, int, int, const int64_t *, const float *, const float *, float, cudaStream_t) [with D=128, HasStateIn=false, HasStateOut=true, StateFP32=false, IsVarlen=true]" at line 1437 of csrc/smxx/fwd_launch.cu

csrc/smxx/fwd_kernel2_vshard4_p2_phase1pf.cuh(644): error: no instance of overloaded function "copy" matches the argument list
            argument types are: (cute::TiledCopy<cute::Copy_Atom<cute::SM75_U32x4_LDSM_N, cutlass::bfloat16_t>, cute::Layout<cute::tuple<cute::tuple<cute::_4, cute::_8>, cute::tuple<cute::tuple<cute::_2, cute::_2, cute::_2>, cute::tuple<cute::_1, cute::_1>>>, cute::tuple<cute::tuple<cute::_32, cute::_1>, cute::tuple<cute::tuple<cute::_16, cute::_8, cute::_128>, cute::tuple<cute::_0, cute::_0>>>>, cute::tuple<cute::C<16>, cute::C<16>>>, cute::Tensor<cute::ViewEngine<cute::smem_ptr<cutlass::bfloat16_t *>>, cute::Layout<cute::tuple<cute::tuple<cute::_8, cute::_1>, cute::_1, cute::_1>, cute::tuple<cute::tuple<cute::_1, cute::C<0>>, cute::C<0>, cute::C<0>>>>, Phase1AInputViewT [2])
              copy(smem_tiled_copy_A, smem_thr_copy_A.partition_S(INV), tCrAi_k_view);
              ^
/home/lcpu/85117379/flashkda-phase1-prefetch-1ce47ea-b300-r2/cutlass/include/cute/algorithm/copy.hpp(173): note #3326-D: function template "cute::copy(const cute::AutoCopyAsync &, const cute::Tensor<SrcEngine, SrcLayout> &, cute::Tensor<DstEngine, DstLayout> &)" does not match because argument #1 does not match parameter
  copy(AutoCopyAsync const& cpy,
  ^
/home/lcpu/85117379/flashkda-phase1-prefetch-1ce47ea-b300-r2/cutlass/include/cute/algorithm/copy.hpp(189): note #3327-D: candidate function template "cute::copy(const cute::Copy_Atom<CopyArgs...> &, const cute::Tensor<SrcEngine, SrcLayout> &, cute::Tensor<DstEngine, DstLayout> &)" failed deduction
  copy(Copy_Atom<CopyArgs...> const& copy_atom,
  ^
/home/lcpu/85117379/flashkda-phase1-prefetch-1ce47ea-b300-r2/cutlass/include/cute/algorithm/copy.hpp(247): note #3327-D: candidate function template "cute::copy(const cute::AutoVectorizingCopyWithAssumedAlignment<MaxVecBits> &, const cute::Tensor<SrcEngine, SrcLayout> &, cute::Tensor<DstEngine, DstLayout> &)" failed deduction
  copy(AutoVectorizingCopyWithAssumedAlignment<MaxVecBits> const&,
  ^
/home/lcpu/85117379/flashkda-phase1-prefetch-1ce47ea-b300-r2/cutlass/include/cute/algorithm/copy.hpp(288): note #3327-D: candidate function template "cute::copy(const cute::AutoFilter<CopyOp> &, const cute::Tensor<SrcEngine, SrcLayout> &, cute::Tensor<DstEngine, DstLayout> &)" failed deduction
  copy(AutoFilter<CopyOp> const& copy_op,
  ^
/home/lcpu/85117379/flashkda-phase1-prefetch-1ce47ea-b300-r2/cutlass/include/cute/algorithm/copy.hpp(312): note #3322-D: number of parameters of function template "cute::copy(const cute::Tensor<SrcEngine, SrcLayout> &, cute::Tensor<DstEngine, DstLayout> &)" does not match the call
  copy(Tensor<SrcEngine, SrcLayout> const& src,
  ^
/home/lcpu/85117379/flashkda-phase1-prefetch-1ce47ea-b300-r2/cutlass/include/cute/algorithm/copy.hpp(350): note #3327-D: candidate function template "cute::copy(const cute::Copy_Atom<cute::AutoVectorizingCopyWithAssumedAlignment<MaxVecBits>, Args...> &, const cute::Tensor<SrcEngine, SrcLayout> &, cute::Tensor<DstEngine, DstLayout> &)" failed deduction
  copy(Copy_Atom<AutoVectorizingCopyWithAssumedAlignment<MaxVecBits>, Args...> const&,
  ^
/home/lcpu/85117379/flashkda-phase1-prefetch-1ce47ea-b300-r2/cutlass/include/cute/algorithm/copy.hpp(362): note #3327-D: candidate function template "cute::copy(const cute::Copy_Atom<cute::Copy_Traits<cute::AutoVectorizingCopyWithAssumedAlignment<MaxVecBits>>, Args...> &, const cute::Tensor<SrcEngine, SrcLayout> &, cute::Tensor<DstEngine, DstLayout> &)" failed deduction
  copy(Copy_Atom<Copy_Traits<AutoVectorizingCopyWithAssumedAlignment<MaxVecBits>>, Args...> const&,
  ^
/home/lcpu/85117379/flashkda-phase1-prefetch-1ce47ea-b300-r2/cutlass/include/cute/algorithm/copy.hpp(375): note #3327-D: candidate function template "cute::copy(const cute::Copy_Traits<cute::SM90_BULK_COPY_AUTO, CT_Args...> &, const cute::Tensor<SrcEngine, SrcLayout> &, cute::Tensor<DstEngine, DstLayout> &)" failed deduction
  copy(Copy_Traits<SM90_BULK_COPY_AUTO, CT_Args...> const& atom,
  ^
/home/lcpu/85117379/flashkda-phase1-prefetch-1ce47ea-b300-r2/cutlass/include/cute/algorithm/copy.hpp(408): note #3327-D: candidate function template "cute::copy(const cute::Copy_Atom<cute::Copy_Traits<cute::SM90_BULK_COPY_AUTO, CT_Args...>, CA_Args...> &, const cute::Tensor<SrcEngine, SrcLayout> &, cute::Tensor<DstEngine, DstLayout> &)" failed deduction
  copy(Copy_Atom<Copy_Traits<SM90_BULK_COPY_AUTO, CT_Args...>, CA_Args...> const& atom,
  ^
/home/lcpu/85117379/flashkda-phase1-prefetch-1ce47ea-b300-r2/cutlass/include/cute/algorithm/copy.hpp(439): note #3327-D: candidate function template "cute::copy(const cute::TiledCopy<CopyAtom, TV, Tiler> &, const cute::Tensor<SrcEngine, SrcLayout> &, cute::Tensor<DstEngine, DstLayout> &)" failed deduction
  copy(TiledCopy<CopyAtom, TV, Tiler> const& tiled_copy,
  ^
/home/lcpu/85117379/flashkda-phase1-prefetch-1ce47ea-b300-r2/cutlass/include/cute/algorithm/copy.hpp(462): note #3327-D: candidate function template "cute::copy(const cute::ThrCopy<TiledCopy, ThrIdx> &, const cute::Tensor<SrcEngine, SrcLayout> &, cute::Tensor<DstEngine, DstLayout> &)" failed deduction
  copy(ThrCopy<TiledCopy, ThrIdx> const& thr_copy,
  ^
/home/lcpu/85117379/flashkda-phase1-prefetch-1ce47ea-b300-r2/cutlass/include/cute/algorithm/copy.hpp(489): note #3327-D: candidate function template "cute::copy(const CopyPolicy &, const cute::Tensor<SrcEngine, SrcLayout> &, cute::Tensor<DstEngine, DstLayout> &)" failed deduction
  copy(CopyPolicy const& cpy,
  ^
/home/lcpu/85117379/flashkda-phase1-prefetch-1ce47ea-b300-r2/cutlass/include/cute/algorithm/copy.hpp(530): note #3322-D: number of parameters of function template "cute::copy(const cute::Tensor<SrcEngine, SrcLayout> &, cute::Tensor<DstEngine, DstLayout> &&)" does not match the call
  copy(Tensor<SrcEngine, SrcLayout> const& src,
  ^
/home/lcpu/85117379/flashkda-phase1-prefetch-1ce47ea-b300-r2/cutlass/include/cute/algorithm/copy.hpp(541): note #3327-D: candidate function template "cute::copy(const CopyPolicy &, const cute::Tensor<SrcEngine, SrcLayout> &, cute::Tensor<DstEngine, DstLayout> &&)" failed deduction
  copy(CopyPolicy const& copy_policy,
  ^
          detected during:
            instantiation of "void _flash_kda_fwd_recurrence_vshard4_p2_phase1pf<TmaLoadV,TmaLoadBeta,TmaLoadWsKD,TmaLoadWsQD,TmaLoadWsKR,TmaLoadWsGT,TmaLoadWsINV,TmaLoadWsMqk,TmaLoadState,TmaStoreState,TmaStoreOut,CHUNK,KDim,VDim,InputStages,OutputStages,NumThreads,HasStateIn,HasStateOut,StateFP32,IsVarlen>(TmaLoadV, TmaLoadBeta, TmaLoadWsKD, TmaLoadWsQD, TmaLoadWsKR, TmaLoadWsGT, TmaLoadWsINV, TmaLoadWsMqk, TmaLoadState, TmaStoreState, TmaStoreOut, cutlass::bfloat16_t *, int, int, int, const int64_t *, int) [with TmaLoadV=cute::TiledCopy<cute::Copy_Atom<cute::Copy_Traits<cute::SM90_TMA_LOAD, cute::C<2048>, cute::AuxTmaParams<cute::tuple<cute::ScaledBasis<cute::C<1>, 2>, cute::ScaledBasis<cute::C<1>, 1>, cute::ScaledBasis<int, 0>>, const cute::Layout<cute::tuple<cute::C<8>, cute::C<16>, cute::C<1>>, cute::tuple<cute::ScaledBasis<cute::C<1>, 2>, cute::ScaledBasis<cute::C<1>, 1>, cute::ScaledBasis<cute::C<1>, 0>>> &, const cute::Swizzle<0, 4, 3> &>>, cutlass::bfloat16_t>, cute::Layout<cute::tuple<cute::_1, cute::tuple<cute::tuple<cute::tuple<cute::C<8>, cute::C<16>>, cute::_4>>>, cute::tuple<cute::C<0>, cute::tuple<cute::tuple<cute::tuple<cute::_16, cute::_1>, cute::_128>>>>, cute::tuple<cute::_1, cute::C<16>, cute::C<32>>>, TmaLoadBeta=cute::TiledCopy<cute::Copy_Atom<cute::Copy_Traits<cute::SM90_TMA_LOAD, cute::C<512>, cute::AuxTmaParams<cute::tuple<cute::ScaledBasis<cute::C<1>, 0>>, const cute::Layout<cute::tuple<cute::_32>, cute::tuple<cute::ScaledBasis<cute::C<1>, 0>>> &, const cute::Swizzle<0, 4, 3> &>>, cutlass::bfloat16_t>, cute::Layout<cute::tuple<cute::_1, cute::tuple<cute::tuple<cute::_32, cute::_1>>>, cute::tuple<cute::C<0>, cute::tuple<cute::tuple<cute::_1, cute::C<0>>>>>, cute::tuple<cute::_32>>, TmaLoadWsKD=cute::TiledCopy<cute::Copy_Atom<cute::Copy_Traits<cute::SM90_TMA_LOAD, cute::C<2048>, cute::AuxTmaParams<cute::tuple<cute::ScaledBasis<cute::C<1>, 2>, cute::ScaledBasis<cute::C<1>, 1>, cute::ScaledBasis<cute::C<1>, 0>>, const cute::Layout<cute::tuple<cute::C<8>, cute::C<16>, cute::C<1>>, cute::tuple<cute::ScaledBasis<cute::C<1>, 2>, cute::ScaledBasis<cute::C<1>, 1>, cute::ScaledBasis<cute::C<1>, 0>>> &, const cute::Swizzle<0, 4, 3> &>>, cutlass::bfloat16_t>, cute::Layout<cute::tuple<cute::_1, cute::tuple<cute::tuple<cute::tuple<cute::C<8>, cute::C<16>>, cute::_16>>>, cute::tuple<cute::C<0>, cute::tuple<cute::tuple<cute::tuple<cute::_16, cute::_1>, cute::_128>>>>, cute::tuple<cute::_1, cute::_16, cute::_128>>, TmaLoadWsQD=cute::TiledCopy<cute::Copy_Atom<cute::Copy_Traits<cute::SM90_TMA_LOAD, cute::C<2048>, cute::AuxTmaParams<cute::tuple<cute::ScaledBasis<cute::C<1>, 2>, cute::ScaledBasis<cute::C<1>, 1>, cute::ScaledBasis<cute::C<1>, 0>>, const cute::Layout<cute::tuple<cute::C<8>, cute::C<16>, cute::C<1>>, cute::tuple<cute::ScaledBasis<cute::C<1>, 2>, cute::ScaledBasis<cute::C<1>, 1>, cute::ScaledBasis<cute::C<1>, 0>>> &, const cute::Swizzle<0, 4, 3> &>>, cutlass::bfloat16_t>, cute::Layout<cute::tuple<cute::_1, cute::tuple<cute::tuple<cute::tuple<cute::C<8>, cute::C<16>>, cute::_16>>>, cute::tuple<cute::C<0>, cute::tuple<cute::tuple<cute::tuple<cute::_16, cute::_1>, cute::_128>>>>, cute::tuple<cute::_1, cute::_16, cute::_128>>, TmaLoadWsKR=cute::TiledCopy<cute::Copy_Atom<cute::Copy_Traits<cute::SM90_TMA_LOAD, cute::C<2048>, cute::AuxTmaParams<cute::tuple<cute::ScaledBasis<cute::C<1>, 2>, cute::ScaledBasis<cute::C<1>, 1>, cute::ScaledBasis<cute::C<1>, 0>>, const cute::Layout<cute::tuple<cute::C<8>, cute::C<16>, cute::C<1>>, cute::tuple<cute::ScaledBasis<cute::C<1>, 2>, cute::ScaledBasis<cute::C<1>, 1>, cute::ScaledBasis<cute::C<1>, 0>>> &, const cute::Swizzle<0, 4, 3> &>>, cutlass::bfloat16_t>, cute::Layout<cute::tuple<cute::_1, cute::tuple<cute::tuple<cute::tuple<cute::C<8>, cute::C<16>>, cute::_16>>>, cute::tuple<cute::C<0>, cute::tuple<cute::tuple<cute::tuple<cute::_16, cute::_1>, cute::_128>>>>, cute::tuple<cute::_1, cute::_16, cute::_128>>, TmaLoadWsGT=cute::TiledCopy<cute::Copy_Atom<cute::Copy_Traits<cute::SM90_TMA_LOAD, cute::C<4096>, cute::AuxTmaParams<cute::tuple<cute::ScaledBasis<cute::C<1>, 1>, cute::ScaledBasis<cute::C<1>, 0>>, const cute::Layout<cute::tuple<cute::_128, cute::_1>, cute::tuple<cute::ScaledBasis<cute::C<1>, 1>, cute::ScaledBasis<cute::C<1>, 0>>> &, const cute::Swizzle<0, 4, 3> &>>, float>, cute::Layout<cute::tuple<cute::_1, cute::tuple<cute::tuple<cute::_128, cute::_1>>>, cute::tuple<cute::C<0>, cute::tuple<cute::tuple<cute::_1, cute::C<0>>>>>, cute::tuple<cute::_1, cute::_128>>, TmaLoadWsINV=cute::TiledCopy<cute::Copy_Atom<cute::Copy_Traits<cute::SM90_TMA_LOAD, cute::C<2048>, cute::AuxTmaParams<cute::tuple<cute::ScaledBasis<cute::C<1>, 2>, cute::ScaledBasis<cute::C<1>, 1>, cute::ScaledBasis<cute::C<1>, 0>>, const cute::Layout<cute::tuple<cute::C<8>, cute::C<16>, cute::C<1>>, cute::tuple<cute::ScaledBasis<cute::C<1>, 2>, cute::ScaledBasis<cute::C<1>, 1>, cute::ScaledBasis<cute::C<1>, 0>>> &, const cute::Swizzle<0, 4, 3> &>>, cutlass::bfloat16_t>, cute::Layout<cute::tuple<cute::_1, cute::tuple<cute::tuple<cute::tuple<cute::C<8>, cute::C<16>>, cute::_2>>>, cute::tuple<cute::C<0>, cute::tuple<cute::tuple<cute::tuple<cute::_16, cute::_1>, cute::_128>>>>, cute::tuple<cute::_1, cute::C<16>, cute::C<16>>>, TmaLoadWsMqk=cute::TiledCopy<cute::Copy_Atom<cute::Copy_Traits<cute::SM90_TMA_LOAD, cute::C<2048>, cute::AuxTmaParams<cute::tuple<cute::ScaledBasis<cute::C<1>, 2>, cute::ScaledBasis<cute::C<1>, 1>, cute::ScaledBasis<cute::C<1>, 0>>, const cute::Layout<cute::tuple<cute::C<8>, cute::C<16>, cute::C<1>>, cute::tuple<cute::ScaledBasis<cute::C<1>, 2>, cute::ScaledBasis<cute::C<1>, 1>, cute::ScaledBasis<cute::C<1>, 0>>> &, const cute::Swizzle<0, 4, 3> &>>, cutlass::bfloat16_t>, cute::Layout<cute::tuple<cute::_1, cute::tuple<cute::tuple<cute::tuple<cute::C<8>, cute::C<16>>, cute::_2>>>, cute::tuple<cute::C<0>, cute::tuple<cute::tuple<cute::tuple<cute::_16, cute::_1>, cute::_128>>>>, cute::tuple<cute::_1, cute::C<16>, cute::C<16>>>, TmaLoadState=cute::TiledCopy<cute::Copy_Atom<cute::Copy_Traits<cute::SM90_TMA_LOAD, cute::C<4096>, cute::AuxTmaParams<cute::tuple<cute::ScaledBasis<cute::C<1>, 2>, cute::ScaledBasis<cute::C<1>, 1>, cute::ScaledBasis<cute::C<1>, 0>>, const cute::Layout<cute::tuple<cute::C<8>, cute::C<32>, cute::C<1>>, cute::tuple<cute::ScaledBasis<cute::C<1>, 2>, cute::ScaledBasis<cute::C<1>, 1>, cute::ScaledBasis<cute::C<1>, 0>>> &, const cute::Swizzle<0, 4, 3> &>>, cutlass::bfloat16_t>, cute::Layout<cute::tuple<cute::_1, cute::tuple<cute::tuple<cute::tuple<cute::C<8>, cute::C<32>>, cute::_16>>>, cute::tuple<cute::C<0>, cute::tuple<cute::tuple<cute::tuple<cute::_32, cute::_1>, cute::_256>>>>, cute::tuple<cute::_1, cute::C<32>, cute::C<128>>>, TmaStoreState=cute::TiledCopy<cute::Copy_Atom<cute::Copy_Traits<cute::SM90_TMA_STORE, cute::C<4096>, cute::AuxTmaParams<cute::tuple<cute::ScaledBasis<cute::C<1>, 2>, cute::ScaledBasis<cute::C<1>, 1>, cute::ScaledBasis<cute::C<1>, 0>>, const cute::Layout<cute::tuple<cute::C<8>, cute::C<32>, cute::C<1>>, cute::tuple<cute::ScaledBasis<cute::C<1>, 2>, cute::ScaledBasis<cute::C<1>, 1>, cute::ScaledBasis<cute::C<1>, 0>>> &, const cute::Swizzle<0, 4, 3> &>>, cutlass::bfloat16_t>, cute::Layout<cute::tuple<cute::_1, cute::tuple<cute::tuple<cute::tuple<cute::C<8>, cute::C<32>>, cute::_16>>>, cute::tuple<cute::C<0>, cute::tuple<cute::tuple<cute::tuple<cute::_32, cute::_1>, cute::_256>>>>, cute::tuple<cute::_1, cute::C<32>, cute::C<128>>>, TmaStoreOut=cute::TiledCopy<cute::Copy_Atom<cute::Copy_Traits<cute::SM90_TMA_STORE, cute::C<2048>, cute::AuxTmaParams<cute::tuple<cute::ScaledBasis<cute::C<1>, 2>, cute::ScaledBasis<cute::C<1>, 1>, cute::ScaledBasis<int, 0>>, const cute::Layout<cute::tuple<cute::C<8>, cute::C<16>, cute::C<1>>, cute::tuple<cute::ScaledBasis<cute::C<1>, 2>, cute::ScaledBasis<cute::C<1>, 1>, cute::ScaledBasis<cute::C<1>, 0>>> &, const cute::Swizzle<0, 4, 3> &>>, cutlass::bfloat16_t>, cute::Layout<cute::tuple<cute::_1, cute::tuple<cute::tuple<cute::tuple<cute::C<8>, cute::C<16>>, cute::_4>>>, cute::tuple<cute::C<0>, cute::tuple<cute::tuple<cute::tuple<cute::_16, cute::_1>, cute::_128>>>>, cute::tuple<cute::_1, cute::C<16>, cute::C<32>>>, CHUNK=16, KDim=128, VDim=32, InputStages=3, OutputStages=2, NumThreads=128, HasStateIn=true, HasStateOut=false, StateFP32=false, IsVarlen=true]" at line 1399 of csrc/smxx/fwd_launch.cu
            instantiation of "void launch_fwd_vshard4_p2_phase1pf<D,HasStateIn,HasStateOut,StateFP32,IsVarlen>(const cutlass::bfloat16_t *, const cutlass::bfloat16_t *, const cutlass::bfloat16_t *, const cutlass::bfloat16_t *, const cutlass::bfloat16_t *, const void *, float, void *, cutlass::bfloat16_t *, void *, int, int, int, int, const int64_t *, const float *, const float *, float, cudaStream_t) [with D=128, HasStateIn=true, HasStateOut=false, StateFP32=false, IsVarlen=true]" at line 1437 of csrc/smxx/fwd_launch.cu

csrc/smxx/fwd_kernel2_vshard4_p2_phase1pf.cuh(687): error: no instance of overloaded function "copy" matches the argument list
            argument types are: (cute::TiledCopy<cute::Copy_Atom<cute::SM75_U32x4_LDSM_N, cutlass::bfloat16_t>, cute::Layout<cute::tuple<cute::tuple<cute::_4, cute::_8>, cute::tuple<cute::tuple<cute::_2, cute::_2, cute::_2>, cute::tuple<cute::_1, cute::_1>>>, cute::tuple<cute::tuple<cute::_32, cute::_1>, cute::tuple<cute::tuple<cute::_16, cute::_8, cute::_128>, cute::tuple<cute::_0, cute::_0>>>>, cute::tuple<cute::C<16>, cute::C<16>>>, cute::Tensor<cute::ViewEngine<cute::smem_ptr<cutlass::bfloat16_t *>>, cute::Layout<cute::tuple<cute::tuple<cute::_8, cute::_1>, cute::_1, cute::_1>, cute::tuple<cute::tuple<cute::_1, cute::C<0>>, cute::C<0>, cute::C<0>>>>, Phase1AInputViewT [2])
              copy(smem_tiled_copy_A, smem_thr_copy_A.partition_S(Mqk), tCrAi_k_view);
              ^
/home/lcpu/85117379/flashkda-phase1-prefetch-1ce47ea-b300-r2/cutlass/include/cute/algorithm/copy.hpp(173): note #3326-D: function template "cute::copy(const cute::AutoCopyAsync &, const cute::Tensor<SrcEngine, SrcLayout> &, cute::Tensor<DstEngine, DstLayout> &)" does not match because argument #1 does not match parameter
  copy(AutoCopyAsync const& cpy,
  ^
/home/lcpu/85117379/flashkda-phase1-prefetch-1ce47ea-b300-r2/cutlass/include/cute/algorithm/copy.hpp(189): note #3327-D: candidate function template "cute::copy(const cute::Copy_Atom<CopyArgs...> &, const cute::Tensor<SrcEngine, SrcLayout> &, cute::Tensor<DstEngine, DstLayout> &)" failed deduction
  copy(Copy_Atom<CopyArgs...> const& copy_atom,
  ^
/home/lcpu/85117379/flashkda-phase1-prefetch-1ce47ea-b300-r2/cutlass/include/cute/algorithm/copy.hpp(247): note #3327-D: candidate function template "cute::copy(const cute::AutoVectorizingCopyWithAssumedAlignment<MaxVecBits> &, const cute::Tensor<SrcEngine, SrcLayout> &, cute::Tensor<DstEngine, DstLayout> &)" failed deduction
  copy(AutoVectorizingCopyWithAssumedAlignment<MaxVecBits> const&,
  ^
/home/lcpu/85117379/flashkda-phase1-prefetch-1ce47ea-b300-r2/cutlass/include/cute/algorithm/copy.hpp(288): note #3327-D: candidate function template "cute::copy(const cute::AutoFilter<CopyOp> &, const cute::Tensor<SrcEngine, SrcLayout> &, cute::Tensor<DstEngine, DstLayout> &)" failed deduction
  copy(AutoFilter<CopyOp> const& copy_op,
  ^
/home/lcpu/85117379/flashkda-phase1-prefetch-1ce47ea-b300-r2/cutlass/include/cute/algorithm/copy.hpp(312): note #3322-D: number of parameters of function template "cute::copy(const cute::Tensor<SrcEngine, SrcLayout> &, cute::Tensor<DstEngine, DstLayout> &)" does not match the call
  copy(Tensor<SrcEngine, SrcLayout> const& src,
  ^
/home/lcpu/85117379/flashkda-phase1-prefetch-1ce47ea-b300-r2/cutlass/include/cute/algorithm/copy.hpp(350): note #3327-D: candidate function template "cute::copy(const cute::Copy_Atom<cute::AutoVectorizingCopyWithAssumedAlignment<MaxVecBits>, Args...> &, const cute::Tensor<SrcEngine, SrcLayout> &, cute::Tensor<DstEngine, DstLayout> &)" failed deduction
  copy(Copy_Atom<AutoVectorizingCopyWithAssumedAlignment<MaxVecBits>, Args...> const&,
  ^
/home/lcpu/85117379/flashkda-phase1-prefetch-1ce47ea-b300-r2/cutlass/include/cute/algorithm/copy.hpp(362): note #3327-D: candidate function template "cute::copy(const cute::Copy_Atom<cute::Copy_Traits<cute::AutoVectorizingCopyWithAssumedAlignment<MaxVecBits>>, Args...> &, const cute::Tensor<SrcEngine, SrcLayout> &, cute::Tensor<DstEngine, DstLayout> &)" failed deduction
  copy(Copy_Atom<Copy_Traits<AutoVectorizingCopyWithAssumedAlignment<MaxVecBits>>, Args...> const&,
  ^
/home/lcpu/85117379/flashkda-phase1-prefetch-1ce47ea-b300-r2/cutlass/include/cute/algorithm/copy.hpp(375): note #3327-D: candidate function template "cute::copy(const cute::Copy_Traits<cute::SM90_BULK_COPY_AUTO, CT_Args...> &, const cute::Tensor<SrcEngine, SrcLayout> &, cute::Tensor<DstEngine, DstLayout> &)" failed deduction
  copy(Copy_Traits<SM90_BULK_COPY_AUTO, CT_Args...> const& atom,
  ^
/home/lcpu/85117379/flashkda-phase1-prefetch-1ce47ea-b300-r2/cutlass/include/cute/algorithm/copy.hpp(408): note #3327-D: candidate function template "cute::copy(const cute::Copy_Atom<cute::Copy_Traits<cute::SM90_BULK_COPY_AUTO, CT_Args...>, CA_Args...> &, const cute::Tensor<SrcEngine, SrcLayout> &, cute::Tensor<DstEngine, DstLayout> &)" failed deduction
  copy(Copy_Atom<Copy_Traits<SM90_BULK_COPY_AUTO, CT_Args...>, CA_Args...> const& atom,
  ^
/home/lcpu/85117379/flashkda-phase1-prefetch-1ce47ea-b300-r2/cutlass/include/cute/algorithm/copy.hpp(439): note #3327-D: candidate function template "cute::copy(const cute::TiledCopy<CopyAtom, TV, Tiler> &, const cute::Tensor<SrcEngine, SrcLayout> &, cute::Tensor<DstEngine, DstLayout> &)" failed deduction
  copy(TiledCopy<CopyAtom, TV, Tiler> const& tiled_copy,
  ^
/home/lcpu/85117379/flashkda-phase1-prefetch-1ce47ea-b300-r2/cutlass/include/cute/algorithm/copy.hpp(462): note #3327-D: candidate function template "cute::copy(const cute::ThrCopy<TiledCopy, ThrIdx> &, const cute::Tensor<SrcEngine, SrcLayout> &, cute::Tensor<DstEngine, DstLayout> &)" failed deduction
  copy(ThrCopy<TiledCopy, ThrIdx> const& thr_copy,
  ^
/home/lcpu/85117379/flashkda-phase1-prefetch-1ce47ea-b300-r2/cutlass/include/cute/algorithm/copy.hpp(489): note #3327-D: candidate function template "cute::copy(const CopyPolicy &, const cute::Tensor<SrcEngine, SrcLayout> &, cute::Tensor<DstEngine, DstLayout> &)" failed deduction
  copy(CopyPolicy const& cpy,
  ^
/home/lcpu/85117379/flashkda-phase1-prefetch-1ce47ea-b300-r2/cutlass/include/cute/algorithm/copy.hpp(530): note #3322-D: number of parameters of function template "cute::copy(const cute::Tensor<SrcEngine, SrcLayout> &, cute::Tensor<DstEngine, DstLayout> &&)" does not match the call
  copy(Tensor<SrcEngine, SrcLayout> const& src,
  ^
/home/lcpu/85117379/flashkda-phase1-prefetch-1ce47ea-b300-r2/cutlass/include/cute/algorithm/copy.hpp(541): note #3327-D: candidate function template "cute::copy(const CopyPolicy &, const cute::Tensor<SrcEngine, SrcLayout> &, cute::Tensor<DstEngine, DstLayout> &&)" failed deduction
  copy(CopyPolicy const& copy_policy,
  ^
          detected during:
            instantiation of "void _flash_kda_fwd_recurrence_vshard4_p2_phase1pf<TmaLoadV,TmaLoadBeta,TmaLoadWsKD,TmaLoadWsQD,TmaLoadWsKR,TmaLoadWsGT,TmaLoadWsINV,TmaLoadWsMqk,TmaLoadState,TmaStoreState,TmaStoreOut,CHUNK,KDim,VDim,InputStages,OutputStages,NumThreads,HasStateIn,HasStateOut,StateFP32,IsVarlen>(TmaLoadV, TmaLoadBeta, TmaLoadWsKD, TmaLoadWsQD, TmaLoadWsKR, TmaLoadWsGT, TmaLoadWsINV, TmaLoadWsMqk, TmaLoadState, TmaStoreState, TmaStoreOut, cutlass::bfloat16_t *, int, int, int, const int64_t *, int) [with TmaLoadV=cute::TiledCopy<cute::Copy_Atom<cute::Copy_Traits<cute::SM90_TMA_LOAD, cute::C<2048>, cute::AuxTmaParams<cute::tuple<cute::ScaledBasis<cute::C<1>, 2>, cute::ScaledBasis<cute::C<1>, 1>, cute::ScaledBasis<int, 0>>, const cute::Layout<cute::tuple<cute::C<8>, cute::C<16>, cute::C<1>>, cute::tuple<cute::ScaledBasis<cute::C<1>, 2>, cute::ScaledBasis<cute::C<1>, 1>, cute::ScaledBasis<cute::C<1>, 0>>> &, const cute::Swizzle<0, 4, 3> &>>, cutlass::bfloat16_t>, cute::Layout<cute::tuple<cute::_1, cute::tuple<cute::tuple<cute::tuple<cute::C<8>, cute::C<16>>, cute::_4>>>, cute::tuple<cute::C<0>, cute::tuple<cute::tuple<cute::tuple<cute::_16, cute::_1>, cute::_128>>>>, cute::tuple<cute::_1, cute::C<16>, cute::C<32>>>, TmaLoadBeta=cute::TiledCopy<cute::Copy_Atom<cute::Copy_Traits<cute::SM90_TMA_LOAD, cute::C<512>, cute::AuxTmaParams<cute::tuple<cute::ScaledBasis<cute::C<1>, 0>>, const cute::Layout<cute::tuple<cute::_32>, cute::tuple<cute::ScaledBasis<cute::C<1>, 0>>> &, const cute::Swizzle<0, 4, 3> &>>, cutlass::bfloat16_t>, cute::Layout<cute::tuple<cute::_1, cute::tuple<cute::tuple<cute::_32, cute::_1>>>, cute::tuple<cute::C<0>, cute::tuple<cute::tuple<cute::_1, cute::C<0>>>>>, cute::tuple<cute::_32>>, TmaLoadWsKD=cute::TiledCopy<cute::Copy_Atom<cute::Copy_Traits<cute::SM90_TMA_LOAD, cute::C<2048>, cute::AuxTmaParams<cute::tuple<cute::ScaledBasis<cute::C<1>, 2>, cute::ScaledBasis<cute::C<1>, 1>, cute::ScaledBasis<cute::C<1>, 0>>, const cute::Layout<cute::tuple<cute::C<8>, cute::C<16>, cute::C<1>>, cute::tuple<cute::ScaledBasis<cute::C<1>, 2>, cute::ScaledBasis<cute::C<1>, 1>, cute::ScaledBasis<cute::C<1>, 0>>> &, const cute::Swizzle<0, 4, 3> &>>, cutlass::bfloat16_t>, cute::Layout<cute::tuple<cute::_1, cute::tuple<cute::tuple<cute::tuple<cute::C<8>, cute::C<16>>, cute::_16>>>, cute::tuple<cute::C<0>, cute::tuple<cute::tuple<cute::tuple<cute::_16, cute::_1>, cute::_128>>>>, cute::tuple<cute::_1, cute::_16, cute::_128>>, TmaLoadWsQD=cute::TiledCopy<cute::Copy_Atom<cute::Copy_Traits<cute::SM90_TMA_LOAD, cute::C<2048>, cute::AuxTmaParams<cute::tuple<cute::ScaledBasis<cute::C<1>, 2>, cute::ScaledBasis<cute::C<1>, 1>, cute::ScaledBasis<cute::C<1>, 0>>, const cute::Layout<cute::tuple<cute::C<8>, cute::C<16>, cute::C<1>>, cute::tuple<cute::ScaledBasis<cute::C<1>, 2>, cute::ScaledBasis<cute::C<1>, 1>, cute::ScaledBasis<cute::C<1>, 0>>> &, const cute::Swizzle<0, 4, 3> &>>, cutlass::bfloat16_t>, cute::Layout<cute::tuple<cute::_1, cute::tuple<cute::tuple<cute::tuple<cute::C<8>, cute::C<16>>, cute::_16>>>, cute::tuple<cute::C<0>, cute::tuple<cute::tuple<cute::tuple<cute::_16, cute::_1>, cute::_128>>>>, cute::tuple<cute::_1, cute::_16, cute::_128>>, TmaLoadWsKR=cute::TiledCopy<cute::Copy_Atom<cute::Copy_Traits<cute::SM90_TMA_LOAD, cute::C<2048>, cute::AuxTmaParams<cute::tuple<cute::ScaledBasis<cute::C<1>, 2>, cute::ScaledBasis<cute::C<1>, 1>, cute::ScaledBasis<cute::C<1>, 0>>, const cute::Layout<cute::tuple<cute::C<8>, cute::C<16>, cute::C<1>>, cute::tuple<cute::ScaledBasis<cute::C<1>, 2>, cute::ScaledBasis<cute::C<1>, 1>, cute::ScaledBasis<cute::C<1>, 0>>> &, const cute::Swizzle<0, 4, 3> &>>, cutlass::bfloat16_t>, cute::Layout<cute::tuple<cute::_1, cute::tuple<cute::tuple<cute::tuple<cute::C<8>, cute::C<16>>, cute::_16>>>, cute::tuple<cute::C<0>, cute::tuple<cute::tuple<cute::tuple<cute::_16, cute::_1>, cute::_128>>>>, cute::tuple<cute::_1, cute::_16, cute::_128>>, TmaLoadWsGT=cute::TiledCopy<cute::Copy_Atom<cute::Copy_Traits<cute::SM90_TMA_LOAD, cute::C<4096>, cute::AuxTmaParams<cute::tuple<cute::ScaledBasis<cute::C<1>, 1>, cute::ScaledBasis<cute::C<1>, 0>>, const cute::Layout<cute::tuple<cute::_128, cute::_1>, cute::tuple<cute::ScaledBasis<cute::C<1>, 1>, cute::ScaledBasis<cute::C<1>, 0>>> &, const cute::Swizzle<0, 4, 3> &>>, float>, cute::Layout<cute::tuple<cute::_1, cute::tuple<cute::tuple<cute::_128, cute::_1>>>, cute::tuple<cute::C<0>, cute::tuple<cute::tuple<cute::_1, cute::C<0>>>>>, cute::tuple<cute::_1, cute::_128>>, TmaLoadWsINV=cute::TiledCopy<cute::Copy_Atom<cute::Copy_Traits<cute::SM90_TMA_LOAD, cute::C<2048>, cute::AuxTmaParams<cute::tuple<cute::ScaledBasis<cute::C<1>, 2>, cute::ScaledBasis<cute::C<1>, 1>, cute::ScaledBasis<cute::C<1>, 0>>, const cute::Layout<cute::tuple<cute::C<8>, cute::C<16>, cute::C<1>>, cute::tuple<cute::ScaledBasis<cute::C<1>, 2>, cute::ScaledBasis<cute::C<1>, 1>, cute::ScaledBasis<cute::C<1>, 0>>> &, const cute::Swizzle<0, 4, 3> &>>, cutlass::bfloat16_t>, cute::Layout<cute::tuple<cute::_1, cute::tuple<cute::tuple<cute::tuple<cute::C<8>, cute::C<16>>, cute::_2>>>, cute::tuple<cute::C<0>, cute::tuple<cute::tuple<cute::tuple<cute::_16, cute::_1>, cute::_128>>>>, cute::tuple<cute::_1, cute::C<16>, cute::C<16>>>, TmaLoadWsMqk=cute::TiledCopy<cute::Copy_Atom<cute::Copy_Traits<cute::SM90_TMA_LOAD, cute::C<2048>, cute::AuxTmaParams<cute::tuple<cute::ScaledBasis<cute::C<1>, 2>, cute::ScaledBasis<cute::C<1>, 1>, cute::ScaledBasis<cute::C<1>, 0>>, const cute::Layout<cute::tuple<cute::C<8>, cute::C<16>, cute::C<1>>, cute::tuple<cute::ScaledBasis<cute::C<1>, 2>, cute::ScaledBasis<cute::C<1>, 1>, cute::ScaledBasis<cute::C<1>, 0>>> &, const cute::Swizzle<0, 4, 3> &>>, cutlass::bfloat16_t>, cute::Layout<cute::tuple<cute::_1, cute::tuple<cute::tuple<cute::tuple<cute::C<8>, cute::C<16>>, cute::_2>>>, cute::tuple<cute::C<0>, cute::tuple<cute::tuple<cute::tuple<cute::_16, cute::_1>, cute::_128>>>>, cute::tuple<cute::_1, cute::C<16>, cute::C<16>>>, TmaLoadState=cute::TiledCopy<cute::Copy_Atom<cute::Copy_Traits<cute::SM90_TMA_LOAD, cute::C<4096>, cute::AuxTmaParams<cute::tuple<cute::ScaledBasis<cute::C<1>, 2>, cute::ScaledBasis<cute::C<1>, 1>, cute::ScaledBasis<cute::C<1>, 0>>, const cute::Layout<cute::tuple<cute::C<8>, cute::C<32>, cute::C<1>>, cute::tuple<cute::ScaledBasis<cute::C<1>, 2>, cute::ScaledBasis<cute::C<1>, 1>, cute::ScaledBasis<cute::C<1>, 0>>> &, const cute::Swizzle<0, 4, 3> &>>, cutlass::bfloat16_t>, cute::Layout<cute::tuple<cute::_1, cute::tuple<cute::tuple<cute::tuple<cute::C<8>, cute::C<32>>, cute::_16>>>, cute::tuple<cute::C<0>, cute::tuple<cute::tuple<cute::tuple<cute::_32, cute::_1>, cute::_256>>>>, cute::tuple<cute::_1, cute::C<32>, cute::C<128>>>, TmaStoreState=cute::TiledCopy<cute::Copy_Atom<cute::Copy_Traits<cute::SM90_TMA_STORE, cute::C<4096>, cute::AuxTmaParams<cute::tuple<cute::ScaledBasis<cute::C<1>, 2>, cute::ScaledBasis<cute::C<1>, 1>, cute::ScaledBasis<cute::C<1>, 0>>, const cute::Layout<cute::tuple<cute::C<8>, cute::C<32>, cute::C<1>>, cute::tuple<cute::ScaledBasis<cute::C<1>, 2>, cute::ScaledBasis<cute::C<1>, 1>, cute::ScaledBasis<cute::C<1>, 0>>> &, const cute::Swizzle<0, 4, 3> &>>, cutlass::bfloat16_t>, cute::Layout<cute::tuple<cute::_1, cute::tuple<cute::tuple<cute::tuple<cute::C<8>, cute::C<32>>, cute::_16>>>, cute::tuple<cute::C<0>, cute::tuple<cute::tuple<cute::tuple<cute::_32, cute::_1>, cute::_256>>>>, cute::tuple<cute::_1, cute::C<32>, cute::C<128>>>, TmaStoreOut=cute::TiledCopy<cute::Copy_Atom<cute::Copy_Traits<cute::SM90_TMA_STORE, cute::C<2048>, cute::AuxTmaParams<cute::tuple<cute::ScaledBasis<cute::C<1>, 2>, cute::ScaledBasis<cute::C<1>, 1>, cute::ScaledBasis<int, 0>>, const cute::Layout<cute::tuple<cute::C<8>, cute::C<16>, cute::C<1>>, cute::tuple<cute::ScaledBasis<cute::C<1>, 2>, cute::ScaledBasis<cute::C<1>, 1>, cute::ScaledBasis<cute::C<1>, 0>>> &, const cute::Swizzle<0, 4, 3> &>>, cutlass::bfloat16_t>, cute::Layout<cute::tuple<cute::_1, cute::tuple<cute::tuple<cute::tuple<cute::C<8>, cute::C<16>>, cute::_4>>>, cute::tuple<cute::C<0>, cute::tuple<cute::tuple<cute::tuple<cute::_16, cute::_1>, cute::_128>>>>, cute::tuple<cute::_1, cute::C<16>, cute::C<32>>>, CHUNK=16, KDim=128, VDim=32, InputStages=3, OutputStages=2, NumThreads=128, HasStateIn=true, HasStateOut=false, StateFP32=false, IsVarlen=true]" at line 1399 of csrc/smxx/fwd_launch.cu
            instantiation of "void launch_fwd_vshard4_p2_phase1pf<D,HasStateIn,HasStateOut,StateFP32,IsVarlen>(const cutlass::bfloat16_t *, const cutlass::bfloat16_t *, const cutlass::bfloat16_t *, const cutlass::bfloat16_t *, const cutlass::bfloat16_t *, const void *, float, void *, cutlass::bfloat16_t *, void *, int, int, int, int, const int64_t *, const float *, const float *, float, cudaStream_t) [with D=128, HasStateIn=true, HasStateOut=false, StateFP32=false, IsVarlen=true]" at line 1437 of csrc/smxx/fwd_launch.cu

csrc/smxx/fwd_kernel2_vshard4_p2_phase1pf.cuh(644): error: no instance of overloaded function "copy" matches the argument list
            argument types are: (cute::TiledCopy<cute::Copy_Atom<cute::SM75_U32x4_LDSM_N, cutlass::bfloat16_t>, cute::Layout<cute::tuple<cute::tuple<cute::_4, cute::_8>, cute::tuple<cute::tuple<cute::_2, cute::_2, cute::_2>, cute::tuple<cute::_1, cute::_1>>>, cute::tuple<cute::tuple<cute::_32, cute::_1>, cute::tuple<cute::tuple<cute::_16, cute::_8, cute::_128>, cute::tuple<cute::_0, cute::_0>>>>, cute::tuple<cute::C<16>, cute::C<16>>>, cute::Tensor<cute::ViewEngine<cute::smem_ptr<cutlass::bfloat16_t *>>, cute::Layout<cute::tuple<cute::tuple<cute::_8, cute::_1>, cute::_1, cute::_1>, cute::tuple<cute::tuple<cute::_1, cute::C<0>>, cute::C<0>, cute::C<0>>>>, Phase1AInputViewT [2])
              copy(smem_tiled_copy_A, smem_thr_copy_A.partition_S(INV), tCrAi_k_view);
              ^
/home/lcpu/85117379/flashkda-phase1-prefetch-1ce47ea-b300-r2/cutlass/include/cute/algorithm/copy.hpp(173): note #3326-D: function template "cute::copy(const cute::AutoCopyAsync &, const cute::Tensor<SrcEngine, SrcLayout> &, cute::Tensor<DstEngine, DstLayout> &)" does not match because argument #1 does not match parameter
  copy(AutoCopyAsync const& cpy,
  ^
/home/lcpu/85117379/flashkda-phase1-prefetch-1ce47ea-b300-r2/cutlass/include/cute/algorithm/copy.hpp(189): note #3327-D: candidate function template "cute::copy(const cute::Copy_Atom<CopyArgs...> &, const cute::Tensor<SrcEngine, SrcLayout> &, cute::Tensor<DstEngine, DstLayout> &)" failed deduction
  copy(Copy_Atom<CopyArgs...> const& copy_atom,
  ^
/home/lcpu/85117379/flashkda-phase1-prefetch-1ce47ea-b300-r2/cutlass/include/cute/algorithm/copy.hpp(247): note #3327-D: candidate function template "cute::copy(const cute::AutoVectorizingCopyWithAssumedAlignment<MaxVecBits> &, const cute::Tensor<SrcEngine, SrcLayout> &, cute::Tensor<DstEngine, DstLayout> &)" failed deduction
  copy(AutoVectorizingCopyWithAssumedAlignment<MaxVecBits> const&,
  ^
/home/lcpu/85117379/flashkda-phase1-prefetch-1ce47ea-b300-r2/cutlass/include/cute/algorithm/copy.hpp(288): note #3327-D: candidate function template "cute::copy(const cute::AutoFilter<CopyOp> &, const cute::Tensor<SrcEngine, SrcLayout> &, cute::Tensor<DstEngine, DstLayout> &)" failed deduction
  copy(AutoFilter<CopyOp> const& copy_op,
  ^
/home/lcpu/85117379/flashkda-phase1-prefetch-1ce47ea-b300-r2/cutlass/include/cute/algorithm/copy.hpp(312): note #3322-D: number of parameters of function template "cute::copy(const cute::Tensor<SrcEngine, SrcLayout> &, cute::Tensor<DstEngine, DstLayout> &)" does not match the call
  copy(Tensor<SrcEngine, SrcLayout> const& src,
  ^
/home/lcpu/85117379/flashkda-phase1-prefetch-1ce47ea-b300-r2/cutlass/include/cute/algorithm/copy.hpp(350): note #3327-D: candidate function template "cute::copy(const cute::Copy_Atom<cute::AutoVectorizingCopyWithAssumedAlignment<MaxVecBits>, Args...> &, const cute::Tensor<SrcEngine, SrcLayout> &, cute::Tensor<DstEngine, DstLayout> &)" failed deduction
  copy(Copy_Atom<AutoVectorizingCopyWithAssumedAlignment<MaxVecBits>, Args...> const&,
  ^
/home/lcpu/85117379/flashkda-phase1-prefetch-1ce47ea-b300-r2/cutlass/include/cute/algorithm/copy.hpp(362): note #3327-D: candidate function template "cute::copy(const cute::Copy_Atom<cute::Copy_Traits<cute::AutoVectorizingCopyWithAssumedAlignment<MaxVecBits>>, Args...> &, const cute::Tensor<SrcEngine, SrcLayout> &, cute::Tensor<DstEngine, DstLayout> &)" failed deduction
  copy(Copy_Atom<Copy_Traits<AutoVectorizingCopyWithAssumedAlignment<MaxVecBits>>, Args...> const&,
  ^
/home/lcpu/85117379/flashkda-phase1-prefetch-1ce47ea-b300-r2/cutlass/include/cute/algorithm/copy.hpp(375): note #3327-D: candidate function template "cute::copy(const cute::Copy_Traits<cute::SM90_BULK_COPY_AUTO, CT_Args...> &, const cute::Tensor<SrcEngine, SrcLayout> &, cute::Tensor<DstEngine, DstLayout> &)" failed deduction
  copy(Copy_Traits<SM90_BULK_COPY_AUTO, CT_Args...> const& atom,
  ^
/home/lcpu/85117379/flashkda-phase1-prefetch-1ce47ea-b300-r2/cutlass/include/cute/algorithm/copy.hpp(408): note #3327-D: candidate function template "cute::copy(const cute::Copy_Atom<cute::Copy_Traits<cute::SM90_BULK_COPY_AUTO, CT_Args...>, CA_Args...> &, const cute::Tensor<SrcEngine, SrcLayout> &, cute::Tensor<DstEngine, DstLayout> &)" failed deduction
  copy(Copy_Atom<Copy_Traits<SM90_BULK_COPY_AUTO, CT_Args...>, CA_Args...> const& atom,
  ^
/home/lcpu/85117379/flashkda-phase1-prefetch-1ce47ea-b300-r2/cutlass/include/cute/algorithm/copy.hpp(439): note #3327-D: candidate function template "cute::copy(const cute::TiledCopy<CopyAtom, TV, Tiler> &, const cute::Tensor<SrcEngine, SrcLayout> &, cute::Tensor<DstEngine, DstLayout> &)" failed deduction
  copy(TiledCopy<CopyAtom, TV, Tiler> const& tiled_copy,
  ^
/home/lcpu/85117379/flashkda-phase1-prefetch-1ce47ea-b300-r2/cutlass/include/cute/algorithm/copy.hpp(462): note #3327-D: candidate function template "cute::copy(const cute::ThrCopy<TiledCopy, ThrIdx> &, const cute::Tensor<SrcEngine, SrcLayout> &, cute::Tensor<DstEngine, DstLayout> &)" failed deduction
  copy(ThrCopy<TiledCopy, ThrIdx> const& thr_copy,
  ^
/home/lcpu/85117379/flashkda-phase1-prefetch-1ce47ea-b300-r2/cutlass/include/cute/algorithm/copy.hpp(489): note #3327-D: candidate function template "cute::copy(const CopyPolicy &, const cute::Tensor<SrcEngine, SrcLayout> &, cute::Tensor<DstEngine, DstLayout> &)" failed deduction
  copy(CopyPolicy const& cpy,
  ^
/home/lcpu/85117379/flashkda-phase1-prefetch-1ce47ea-b300-r2/cutlass/include/cute/algorithm/copy.hpp(530): note #3322-D: number of parameters of function template "cute::copy(const cute::Tensor<SrcEngine, SrcLayout> &, cute::Tensor<DstEngine, DstLayout> &&)" does not match the call
  copy(Tensor<SrcEngine, SrcLayout> const& src,
  ^
/home/lcpu/85117379/flashkda-phase1-prefetch-1ce47ea-b300-r2/cutlass/include/cute/algorithm/copy.hpp(541): note #3327-D: candidate function template "cute::copy(const CopyPolicy &, const cute::Tensor<SrcEngine, SrcLayout> &, cute::Tensor<DstEngine, DstLayout> &&)" failed deduction
  copy(CopyPolicy const& copy_policy,
  ^
          detected during:
            instantiation of "void _flash_kda_fwd_recurrence_vshard4_p2_phase1pf<TmaLoadV,TmaLoadBeta,TmaLoadWsKD,TmaLoadWsQD,TmaLoadWsKR,TmaLoadWsGT,TmaLoadWsINV,TmaLoadWsMqk,TmaLoadState,TmaStoreState,TmaStoreOut,CHUNK,KDim,VDim,InputStages,OutputStages,NumThreads,HasStateIn,HasStateOut,StateFP32,IsVarlen>(TmaLoadV, TmaLoadBeta, TmaLoadWsKD, TmaLoadWsQD, TmaLoadWsKR, TmaLoadWsGT, TmaLoadWsINV, TmaLoadWsMqk, TmaLoadState, TmaStoreState, TmaStoreOut, cutlass::bfloat16_t *, int, int, int, const int64_t *, int) [with TmaLoadV=cute::TiledCopy<cute::Copy_Atom<cute::Copy_Traits<cute::SM90_TMA_LOAD, cute::C<2048>, cute::AuxTmaParams<cute::tuple<cute::ScaledBasis<cute::C<1>, 2>, cute::ScaledBasis<cute::C<1>, 1>, cute::ScaledBasis<int, 0>>, const cute::Layout<cute::tuple<cute::C<8>, cute::C<16>, cute::C<1>>, cute::tuple<cute::ScaledBasis<cute::C<1>, 2>, cute::ScaledBasis<cute::C<1>, 1>, cute::ScaledBasis<cute::C<1>, 0>>> &, const cute::Swizzle<0, 4, 3> &>>, cutlass::bfloat16_t>, cute::Layout<cute::tuple<cute::_1, cute::tuple<cute::tuple<cute::tuple<cute::C<8>, cute::C<16>>, cute::_4>>>, cute::tuple<cute::C<0>, cute::tuple<cute::tuple<cute::tuple<cute::_16, cute::_1>, cute::_128>>>>, cute::tuple<cute::_1, cute::C<16>, cute::C<32>>>, TmaLoadBeta=cute::TiledCopy<cute::Copy_Atom<cute::Copy_Traits<cute::SM90_TMA_LOAD, cute::C<512>, cute::AuxTmaParams<cute::tuple<cute::ScaledBasis<cute::C<1>, 0>>, const cute::Layout<cute::tuple<cute::_32>, cute::tuple<cute::ScaledBasis<cute::C<1>, 0>>> &, const cute::Swizzle<0, 4, 3> &>>, cutlass::bfloat16_t>, cute::Layout<cute::tuple<cute::_1, cute::tuple<cute::tuple<cute::_32, cute::_1>>>, cute::tuple<cute::C<0>, cute::tuple<cute::tuple<cute::_1, cute::C<0>>>>>, cute::tuple<cute::_32>>, TmaLoadWsKD=cute::TiledCopy<cute::Copy_Atom<cute::Copy_Traits<cute::SM90_TMA_LOAD, cute::C<2048>, cute::AuxTmaParams<cute::tuple<cute::ScaledBasis<cute::C<1>, 2>, cute::ScaledBasis<cute::C<1>, 1>, cute::ScaledBasis<cute::C<1>, 0>>, const cute::Layout<cute::tuple<cute::C<8>, cute::C<16>, cute::C<1>>, cute::tuple<cute::ScaledBasis<cute::C<1>, 2>, cute::ScaledBasis<cute::C<1>, 1>, cute::ScaledBasis<cute::C<1>, 0>>> &, const cute::Swizzle<0, 4, 3> &>>, cutlass::bfloat16_t>, cute::Layout<cute::tuple<cute::_1, cute::tuple<cute::tuple<cute::tuple<cute::C<8>, cute::C<16>>, cute::_16>>>, cute::tuple<cute::C<0>, cute::tuple<cute::tuple<cute::tuple<cute::_16, cute::_1>, cute::_128>>>>, cute::tuple<cute::_1, cute::_16, cute::_128>>, TmaLoadWsQD=cute::TiledCopy<cute::Copy_Atom<cute::Copy_Traits<cute::SM90_TMA_LOAD, cute::C<2048>, cute::AuxTmaParams<cute::tuple<cute::ScaledBasis<cute::C<1>, 2>, cute::ScaledBasis<cute::C<1>, 1>, cute::ScaledBasis<cute::C<1>, 0>>, const cute::Layout<cute::tuple<cute::C<8>, cute::C<16>, cute::C<1>>, cute::tuple<cute::ScaledBasis<cute::C<1>, 2>, cute::ScaledBasis<cute::C<1>, 1>, cute::ScaledBasis<cute::C<1>, 0>>> &, const cute::Swizzle<0, 4, 3> &>>, cutlass::bfloat16_t>, cute::Layout<cute::tuple<cute::_1, cute::tuple<cute::tuple<cute::tuple<cute::C<8>, cute::C<16>>, cute::_16>>>, cute::tuple<cute::C<0>, cute::tuple<cute::tuple<cute::tuple<cute::_16, cute::_1>, cute::_128>>>>, cute::tuple<cute::_1, cute::_16, cute::_128>>, TmaLoadWsKR=cute::TiledCopy<cute::Copy_Atom<cute::Copy_Traits<cute::SM90_TMA_LOAD, cute::C<2048>, cute::AuxTmaParams<cute::tuple<cute::ScaledBasis<cute::C<1>, 2>, cute::ScaledBasis<cute::C<1>, 1>, cute::ScaledBasis<cute::C<1>, 0>>, const cute::Layout<cute::tuple<cute::C<8>, cute::C<16>, cute::C<1>>, cute::tuple<cute::ScaledBasis<cute::C<1>, 2>, cute::ScaledBasis<cute::C<1>, 1>, cute::ScaledBasis<cute::C<1>, 0>>> &, const cute::Swizzle<0, 4, 3> &>>, cutlass::bfloat16_t>, cute::Layout<cute::tuple<cute::_1, cute::tuple<cute::tuple<cute::tuple<cute::C<8>, cute::C<16>>, cute::_16>>>, cute::tuple<cute::C<0>, cute::tuple<cute::tuple<cute::tuple<cute::_16, cute::_1>, cute::_128>>>>, cute::tuple<cute::_1, cute::_16, cute::_128>>, TmaLoadWsGT=cute::TiledCopy<cute::Copy_Atom<cute::Copy_Traits<cute::SM90_TMA_LOAD, cute::C<4096>, cute::AuxTmaParams<cute::tuple<cute::ScaledBasis<cute::C<1>, 1>, cute::ScaledBasis<cute::C<1>, 0>>, const cute::Layout<cute::tuple<cute::_128, cute::_1>, cute::tuple<cute::ScaledBasis<cute::C<1>, 1>, cute::ScaledBasis<cute::C<1>, 0>>> &, const cute::Swizzle<0, 4, 3> &>>, float>, cute::Layout<cute::tuple<cute::_1, cute::tuple<cute::tuple<cute::_128, cute::_1>>>, cute::tuple<cute::C<0>, cute::tuple<cute::tuple<cute::_1, cute::C<0>>>>>, cute::tuple<cute::_1, cute::_128>>, TmaLoadWsINV=cute::TiledCopy<cute::Copy_Atom<cute::Copy_Traits<cute::SM90_TMA_LOAD, cute::C<2048>, cute::AuxTmaParams<cute::tuple<cute::ScaledBasis<cute::C<1>, 2>, cute::ScaledBasis<cute::C<1>, 1>, cute::ScaledBasis<cute::C<1>, 0>>, const cute::Layout<cute::tuple<cute::C<8>, cute::C<16>, cute::C<1>>, cute::tuple<cute::ScaledBasis<cute::C<1>, 2>, cute::ScaledBasis<cute::C<1>, 1>, cute::ScaledBasis<cute::C<1>, 0>>> &, const cute::Swizzle<0, 4, 3> &>>, cutlass::bfloat16_t>, cute::Layout<cute::tuple<cute::_1, cute::tuple<cute::tuple<cute::tuple<cute::C<8>, cute::C<16>>, cute::_2>>>, cute::tuple<cute::C<0>, cute::tuple<cute::tuple<cute::tuple<cute::_16, cute::_1>, cute::_128>>>>, cute::tuple<cute::_1, cute::C<16>, cute::C<16>>>, TmaLoadWsMqk=cute::TiledCopy<cute::Copy_Atom<cute::Copy_Traits<cute::SM90_TMA_LOAD, cute::C<2048>, cute::AuxTmaParams<cute::tuple<cute::ScaledBasis<cute::C<1>, 2>, cute::ScaledBasis<cute::C<1>, 1>, cute::ScaledBasis<cute::C<1>, 0>>, const cute::Layout<cute::tuple<cute::C<8>, cute::C<16>, cute::C<1>>, cute::tuple<cute::ScaledBasis<cute::C<1>, 2>, cute::ScaledBasis<cute::C<1>, 1>, cute::ScaledBasis<cute::C<1>, 0>>> &, const cute::Swizzle<0, 4, 3> &>>, cutlass::bfloat16_t>, cute::Layout<cute::tuple<cute::_1, cute::tuple<cute::tuple<cute::tuple<cute::C<8>, cute::C<16>>, cute::_2>>>, cute::tuple<cute::C<0>, cute::tuple<cute::tuple<cute::tuple<cute::_16, cute::_1>, cute::_128>>>>, cute::tuple<cute::_1, cute::C<16>, cute::C<16>>>, TmaLoadState=cute::TiledCopy<cute::Copy_Atom<cute::Copy_Traits<cute::SM90_TMA_LOAD, cute::C<8192>, cute::AuxTmaParams<cute::tuple<cute::ScaledBasis<cute::C<1>, 2>, cute::ScaledBasis<cute::C<1>, 1>, cute::ScaledBasis<cute::C<1>, 0>>, const cute::Layout<cute::tuple<cute::C<8>, cute::C<32>, cute::C<1>>, cute::tuple<cute::ScaledBasis<cute::C<1>, 2>, cute::ScaledBasis<cute::C<1>, 1>, cute::ScaledBasis<cute::C<1>, 0>>> &, const cute::Swizzle<1, 4, 3> &>>, float>, cute::Layout<cute::tuple<cute::_1, cute::tuple<cute::tuple<cute::tuple<cute::C<8>, cute::C<32>>, cute::_16>>>, cute::tuple<cute::C<0>, cute::tuple<cute::tuple<cute::tuple<cute::_32, cute::_1>, cute::_256>>>>, cute::tuple<cute::_1, cute::C<32>, cute::C<128>>>, TmaStoreState=cute::TiledCopy<cute::Copy_Atom<cute::Copy_Traits<cute::SM90_TMA_STORE, cute::C<8192>, cute::AuxTmaParams<cute::tuple<cute::ScaledBasis<cute::C<1>, 2>, cute::ScaledBasis<cute::C<1>, 1>, cute::ScaledBasis<cute::C<1>, 0>>, const cute::Layout<cute::tuple<cute::C<8>, cute::C<32>, cute::C<1>>, cute::tuple<cute::ScaledBasis<cute::C<1>, 2>, cute::ScaledBasis<cute::C<1>, 1>, cute::ScaledBasis<cute::C<1>, 0>>> &, const cute::Swizzle<1, 4, 3> &>>, float>, cute::Layout<cute::tuple<cute::_1, cute::tuple<cute::tuple<cute::tuple<cute::C<8>, cute::C<32>>, cute::_16>>>, cute::tuple<cute::C<0>, cute::tuple<cute::tuple<cute::tuple<cute::_32, cute::_1>, cute::_256>>>>, cute::tuple<cute::_1, cute::C<32>, cute::C<128>>>, TmaStoreOut=cute::TiledCopy<cute::Copy_Atom<cute::Copy_Traits<cute::SM90_TMA_STORE, cute::C<2048>, cute::AuxTmaParams<cute::tuple<cute::ScaledBasis<cute::C<1>, 2>, cute::ScaledBasis<cute::C<1>, 1>, cute::ScaledBasis<int, 0>>, const cute::Layout<cute::tuple<cute::C<8>, cute::C<16>, cute::C<1>>, cute::tuple<cute::ScaledBasis<cute::C<1>, 2>, cute::ScaledBasis<cute::C<1>, 1>, cute::ScaledBasis<cute::C<1>, 0>>> &, const cute::Swizzle<0, 4, 3> &>>, cutlass::bfloat16_t>, cute::Layout<cute::tuple<cute::_1, cute::tuple<cute::tuple<cute::tuple<cute::C<8>, cute::C<16>>, cute::_4>>>, cute::tuple<cute::C<0>, cute::tuple<cute::tuple<cute::tuple<cute::_16, cute::_1>, cute::_128>>>>, cute::tuple<cute::_1, cute::C<16>, cute::C<32>>>, CHUNK=16, KDim=128, VDim=32, InputStages=3, OutputStages=2, NumThreads=128, HasStateIn=false, HasStateOut=true, StateFP32=true, IsVarlen=true]" at line 1399 of csrc/smxx/fwd_launch.cu
            instantiation of "void launch_fwd_vshard4_p2_phase1pf<D,HasStateIn,HasStateOut,StateFP32,IsVarlen>(const cutlass::bfloat16_t *, const cutlass::bfloat16_t *, const cutlass::bfloat16_t *, const cutlass::bfloat16_t *, const cutlass::bfloat16_t *, const void *, float, void *, cutlass::bfloat16_t *, void *, int, int, int, int, const int64_t *, const float *, const float *, float, cudaStream_t) [with D=128, HasStateIn=false, HasStateOut=true, StateFP32=true, IsVarlen=true]" at line 1437 of csrc/smxx/fwd_launch.cu

csrc/smxx/fwd_kernel2_vshard4_p2_phase1pf.cuh(687): error: no instance of overloaded function "copy" matches the argument list
            argument types are: (cute::TiledCopy<cute::Copy_Atom<cute::SM75_U32x4_LDSM_N, cutlass::bfloat16_t>, cute::Layout<cute::tuple<cute::tuple<cute::_4, cute::_8>, cute::tuple<cute::tuple<cute::_2, cute::_2, cute::_2>, cute::tuple<cute::_1, cute::_1>>>, cute::tuple<cute::tuple<cute::_32, cute::_1>, cute::tuple<cute::tuple<cute::_16, cute::_8, cute::_128>, cute::tuple<cute::_0, cute::_0>>>>, cute::tuple<cute::C<16>, cute::C<16>>>, cute::Tensor<cute::ViewEngine<cute::smem_ptr<cutlass::bfloat16_t *>>, cute::Layout<cute::tuple<cute::tuple<cute::_8, cute::_1>, cute::_1, cute::_1>, cute::tuple<cute::tuple<cute::_1, cute::C<0>>, cute::C<0>, cute::C<0>>>>, Phase1AInputViewT [2])
              copy(smem_tiled_copy_A, smem_thr_copy_A.partition_S(Mqk), tCrAi_k_view);
              ^
/home/lcpu/85117379/flashkda-phase1-prefetch-1ce47ea-b300-r2/cutlass/include/cute/algorithm/copy.hpp(173): note #3326-D: function template "cute::copy(const cute::AutoCopyAsync &, const cute::Tensor<SrcEngine, SrcLayout> &, cute::Tensor<DstEngine, DstLayout> &)" does not match because argument #1 does not match parameter
  copy(AutoCopyAsync const& cpy,
  ^
/home/lcpu/85117379/flashkda-phase1-prefetch-1ce47ea-b300-r2/cutlass/include/cute/algorithm/copy.hpp(189): note #3327-D: candidate function template "cute::copy(const cute::Copy_Atom<CopyArgs...> &, const cute::Tensor<SrcEngine, SrcLayout> &, cute::Tensor<DstEngine, DstLayout> &)" failed deduction
  copy(Copy_Atom<CopyArgs...> const& copy_atom,
  ^
/home/lcpu/85117379/flashkda-phase1-prefetch-1ce47ea-b300-r2/cutlass/include/cute/algorithm/copy.hpp(247): note #3327-D: candidate function template "cute::copy(const cute::AutoVectorizingCopyWithAssumedAlignment<MaxVecBits> &, const cute::Tensor<SrcEngine, SrcLayout> &, cute::Tensor<DstEngine, DstLayout> &)" failed deduction
  copy(AutoVectorizingCopyWithAssumedAlignment<MaxVecBits> const&,
  ^
/home/lcpu/85117379/flashkda-phase1-prefetch-1ce47ea-b300-r2/cutlass/include/cute/algorithm/copy.hpp(288): note #3327-D: candidate function template "cute::copy(const cute::AutoFilter<CopyOp> &, const cute::Tensor<SrcEngine, SrcLayout> &, cute::Tensor<DstEngine, DstLayout> &)" failed deduction
  copy(AutoFilter<CopyOp> const& copy_op,
  ^
/home/lcpu/85117379/flashkda-phase1-prefetch-1ce47ea-b300-r2/cutlass/include/cute/algorithm/copy.hpp(312): note #3322-D: number of parameters of function template "cute::copy(const cute::Tensor<SrcEngine, SrcLayout> &, cute::Tensor<DstEngine, DstLayout> &)" does not match the call
  copy(Tensor<SrcEngine, SrcLayout> const& src,
  ^
/home/lcpu/85117379/flashkda-phase1-prefetch-1ce47ea-b300-r2/cutlass/include/cute/algorithm/copy.hpp(350): note #3327-D: candidate function template "cute::copy(const cute::Copy_Atom<cute::AutoVectorizingCopyWithAssumedAlignment<MaxVecBits>, Args...> &, const cute::Tensor<SrcEngine, SrcLayout> &, cute::Tensor<DstEngine, DstLayout> &)" failed deduction
  copy(Copy_Atom<AutoVectorizingCopyWithAssumedAlignment<MaxVecBits>, Args...> const&,
  ^
/home/lcpu/85117379/flashkda-phase1-prefetch-1ce47ea-b300-r2/cutlass/include/cute/algorithm/copy.hpp(362): note #3327-D: candidate function template "cute::copy(const cute::Copy_Atom<cute::Copy_Traits<cute::AutoVectorizingCopyWithAssumedAlignment<MaxVecBits>>, Args...> &, const cute::Tensor<SrcEngine, SrcLayout> &, cute::Tensor<DstEngine, DstLayout> &)" failed deduction
  copy(Copy_Atom<Copy_Traits<AutoVectorizingCopyWithAssumedAlignment<MaxVecBits>>, Args...> const&,
  ^
/home/lcpu/85117379/flashkda-phase1-prefetch-1ce47ea-b300-r2/cutlass/include/cute/algorithm/copy.hpp(375): note #3327-D: candidate function template "cute::copy(const cute::Copy_Traits<cute::SM90_BULK_COPY_AUTO, CT_Args...> &, const cute::Tensor<SrcEngine, SrcLayout> &, cute::Tensor<DstEngine, DstLayout> &)" failed deduction
  copy(Copy_Traits<SM90_BULK_COPY_AUTO, CT_Args...> const& atom,
  ^
/home/lcpu/85117379/flashkda-phase1-prefetch-1ce47ea-b300-r2/cutlass/include/cute/algorithm/copy.hpp(408): note #3327-D: candidate function template "cute::copy(const cute::Copy_Atom<cute::Copy_Traits<cute::SM90_BULK_COPY_AUTO, CT_Args...>, CA_Args...> &, const cute::Tensor<SrcEngine, SrcLayout> &, cute::Tensor<DstEngine, DstLayout> &)" failed deduction
  copy(Copy_Atom<Copy_Traits<SM90_BULK_COPY_AUTO, CT_Args...>, CA_Args...> const& atom,
  ^
/home/lcpu/85117379/flashkda-phase1-prefetch-1ce47ea-b300-r2/cutlass/include/cute/algorithm/copy.hpp(439): note #3327-D: candidate function template "cute::copy(const cute::TiledCopy<CopyAtom, TV, Tiler> &, const cute::Tensor<SrcEngine, SrcLayout> &, cute::Tensor<DstEngine, DstLayout> &)" failed deduction
  copy(TiledCopy<CopyAtom, TV, Tiler> const& tiled_copy,
  ^
/home/lcpu/85117379/flashkda-phase1-prefetch-1ce47ea-b300-r2/cutlass/include/cute/algorithm/copy.hpp(462): note #3327-D: candidate function template "cute::copy(const cute::ThrCopy<TiledCopy, ThrIdx> &, const cute::Tensor<SrcEngine, SrcLayout> &, cute::Tensor<DstEngine, DstLayout> &)" failed deduction
  copy(ThrCopy<TiledCopy, ThrIdx> const& thr_copy,
  ^
/home/lcpu/85117379/flashkda-phase1-prefetch-1ce47ea-b300-r2/cutlass/include/cute/algorithm/copy.hpp(489): note #3327-D: candidate function template "cute::copy(const CopyPolicy &, const cute::Tensor<SrcEngine, SrcLayout> &, cute::Tensor<DstEngine, DstLayout> &)" failed deduction
  copy(CopyPolicy const& cpy,
  ^
/home/lcpu/85117379/flashkda-phase1-prefetch-1ce47ea-b300-r2/cutlass/include/cute/algorithm/copy.hpp(530): note #3322-D: number of parameters of function template "cute::copy(const cute::Tensor<SrcEngine, SrcLayout> &, cute::Tensor<DstEngine, DstLayout> &&)" does not match the call
  copy(Tensor<SrcEngine, SrcLayout> const& src,
  ^
/home/lcpu/85117379/flashkda-phase1-prefetch-1ce47ea-b300-r2/cutlass/include/cute/algorithm/copy.hpp(541): note #3327-D: candidate function template "cute::copy(const CopyPolicy &, const cute::Tensor<SrcEngine, SrcLayout> &, cute::Tensor<DstEngine, DstLayout> &&)" failed deduction
  copy(CopyPolicy const& copy_policy,
  ^
          detected during:
            instantiation of "void _flash_kda_fwd_recurrence_vshard4_p2_phase1pf<TmaLoadV,TmaLoadBeta,TmaLoadWsKD,TmaLoadWsQD,TmaLoadWsKR,TmaLoadWsGT,TmaLoadWsINV,TmaLoadWsMqk,TmaLoadState,TmaStoreState,TmaStoreOut,CHUNK,KDim,VDim,InputStages,OutputStages,NumThreads,HasStateIn,HasStateOut,StateFP32,IsVarlen>(TmaLoadV, TmaLoadBeta, TmaLoadWsKD, TmaLoadWsQD, TmaLoadWsKR, TmaLoadWsGT, TmaLoadWsINV, TmaLoadWsMqk, TmaLoadState, TmaStoreState, TmaStoreOut, cutlass::bfloat16_t *, int, int, int, const int64_t *, int) [with TmaLoadV=cute::TiledCopy<cute::Copy_Atom<cute::Copy_Traits<cute::SM90_TMA_LOAD, cute::C<2048>, cute::AuxTmaParams<cute::tuple<cute::ScaledBasis<cute::C<1>, 2>, cute::ScaledBasis<cute::C<1>, 1>, cute::ScaledBasis<int, 0>>, const cute::Layout<cute::tuple<cute::C<8>, cute::C<16>, cute::C<1>>, cute::tuple<cute::ScaledBasis<cute::C<1>, 2>, cute::ScaledBasis<cute::C<1>, 1>, cute::ScaledBasis<cute::C<1>, 0>>> &, const cute::Swizzle<0, 4, 3> &>>, cutlass::bfloat16_t>, cute::Layout<cute::tuple<cute::_1, cute::tuple<cute::tuple<cute::tuple<cute::C<8>, cute::C<16>>, cute::_4>>>, cute::tuple<cute::C<0>, cute::tuple<cute::tuple<cute::tuple<cute::_16, cute::_1>, cute::_128>>>>, cute::tuple<cute::_1, cute::C<16>, cute::C<32>>>, TmaLoadBeta=cute::TiledCopy<cute::Copy_Atom<cute::Copy_Traits<cute::SM90_TMA_LOAD, cute::C<512>, cute::AuxTmaParams<cute::tuple<cute::ScaledBasis<cute::C<1>, 0>>, const cute::Layout<cute::tuple<cute::_32>, cute::tuple<cute::ScaledBasis<cute::C<1>, 0>>> &, const cute::Swizzle<0, 4, 3> &>>, cutlass::bfloat16_t>, cute::Layout<cute::tuple<cute::_1, cute::tuple<cute::tuple<cute::_32, cute::_1>>>, cute::tuple<cute::C<0>, cute::tuple<cute::tuple<cute::_1, cute::C<0>>>>>, cute::tuple<cute::_32>>, TmaLoadWsKD=cute::TiledCopy<cute::Copy_Atom<cute::Copy_Traits<cute::SM90_TMA_LOAD, cute::C<2048>, cute::AuxTmaParams<cute::tuple<cute::ScaledBasis<cute::C<1>, 2>, cute::ScaledBasis<cute::C<1>, 1>, cute::ScaledBasis<cute::C<1>, 0>>, const cute::Layout<cute::tuple<cute::C<8>, cute::C<16>, cute::C<1>>, cute::tuple<cute::ScaledBasis<cute::C<1>, 2>, cute::ScaledBasis<cute::C<1>, 1>, cute::ScaledBasis<cute::C<1>, 0>>> &, const cute::Swizzle<0, 4, 3> &>>, cutlass::bfloat16_t>, cute::Layout<cute::tuple<cute::_1, cute::tuple<cute::tuple<cute::tuple<cute::C<8>, cute::C<16>>, cute::_16>>>, cute::tuple<cute::C<0>, cute::tuple<cute::tuple<cute::tuple<cute::_16, cute::_1>, cute::_128>>>>, cute::tuple<cute::_1, cute::_16, cute::_128>>, TmaLoadWsQD=cute::TiledCopy<cute::Copy_Atom<cute::Copy_Traits<cute::SM90_TMA_LOAD, cute::C<2048>, cute::AuxTmaParams<cute::tuple<cute::ScaledBasis<cute::C<1>, 2>, cute::ScaledBasis<cute::C<1>, 1>, cute::ScaledBasis<cute::C<1>, 0>>, const cute::Layout<cute::tuple<cute::C<8>, cute::C<16>, cute::C<1>>, cute::tuple<cute::ScaledBasis<cute::C<1>, 2>, cute::ScaledBasis<cute::C<1>, 1>, cute::ScaledBasis<cute::C<1>, 0>>> &, const cute::Swizzle<0, 4, 3> &>>, cutlass::bfloat16_t>, cute::Layout<cute::tuple<cute::_1, cute::tuple<cute::tuple<cute::tuple<cute::C<8>, cute::C<16>>, cute::_16>>>, cute::tuple<cute::C<0>, cute::tuple<cute::tuple<cute::tuple<cute::_16, cute::_1>, cute::_128>>>>, cute::tuple<cute::_1, cute::_16, cute::_128>>, TmaLoadWsKR=cute::TiledCopy<cute::Copy_Atom<cute::Copy_Traits<cute::SM90_TMA_LOAD, cute::C<2048>, cute::AuxTmaParams<cute::tuple<cute::ScaledBasis<cute::C<1>, 2>, cute::ScaledBasis<cute::C<1>, 1>, cute::ScaledBasis<cute::C<1>, 0>>, const cute::Layout<cute::tuple<cute::C<8>, cute::C<16>, cute::C<1>>, cute::tuple<cute::ScaledBasis<cute::C<1>, 2>, cute::ScaledBasis<cute::C<1>, 1>, cute::ScaledBasis<cute::C<1>, 0>>> &, const cute::Swizzle<0, 4, 3> &>>, cutlass::bfloat16_t>, cute::Layout<cute::tuple<cute::_1, cute::tuple<cute::tuple<cute::tuple<cute::C<8>, cute::C<16>>, cute::_16>>>, cute::tuple<cute::C<0>, cute::tuple<cute::tuple<cute::tuple<cute::_16, cute::_1>, cute::_128>>>>, cute::tuple<cute::_1, cute::_16, cute::_128>>, TmaLoadWsGT=cute::TiledCopy<cute::Copy_Atom<cute::Copy_Traits<cute::SM90_TMA_LOAD, cute::C<4096>, cute::AuxTmaParams<cute::tuple<cute::ScaledBasis<cute::C<1>, 1>, cute::ScaledBasis<cute::C<1>, 0>>, const cute::Layout<cute::tuple<cute::_128, cute::_1>, cute::tuple<cute::ScaledBasis<cute::C<1>, 1>, cute::ScaledBasis<cute::C<1>, 0>>> &, const cute::Swizzle<0, 4, 3> &>>, float>, cute::Layout<cute::tuple<cute::_1, cute::tuple<cute::tuple<cute::_128, cute::_1>>>, cute::tuple<cute::C<0>, cute::tuple<cute::tuple<cute::_1, cute::C<0>>>>>, cute::tuple<cute::_1, cute::_128>>, TmaLoadWsINV=cute::TiledCopy<cute::Copy_Atom<cute::Copy_Traits<cute::SM90_TMA_LOAD, cute::C<2048>, cute::AuxTmaParams<cute::tuple<cute::ScaledBasis<cute::C<1>, 2>, cute::ScaledBasis<cute::C<1>, 1>, cute::ScaledBasis<cute::C<1>, 0>>, const cute::Layout<cute::tuple<cute::C<8>, cute::C<16>, cute::C<1>>, cute::tuple<cute::ScaledBasis<cute::C<1>, 2>, cute::ScaledBasis<cute::C<1>, 1>, cute::ScaledBasis<cute::C<1>, 0>>> &, const cute::Swizzle<0, 4, 3> &>>, cutlass::bfloat16_t>, cute::Layout<cute::tuple<cute::_1, cute::tuple<cute::tuple<cute::tuple<cute::C<8>, cute::C<16>>, cute::_2>>>, cute::tuple<cute::C<0>, cute::tuple<cute::tuple<cute::tuple<cute::_16, cute::_1>, cute::_128>>>>, cute::tuple<cute::_1, cute::C<16>, cute::C<16>>>, TmaLoadWsMqk=cute::TiledCopy<cute::Copy_Atom<cute::Copy_Traits<cute::SM90_TMA_LOAD, cute::C<2048>, cute::AuxTmaParams<cute::tuple<cute::ScaledBasis<cute::C<1>, 2>, cute::ScaledBasis<cute::C<1>, 1>, cute::ScaledBasis<cute::C<1>, 0>>, const cute::Layout<cute::tuple<cute::C<8>, cute::C<16>, cute::C<1>>, cute::tuple<cute::ScaledBasis<cute::C<1>, 2>, cute::ScaledBasis<cute::C<1>, 1>, cute::ScaledBasis<cute::C<1>, 0>>> &, const cute::Swizzle<0, 4, 3> &>>, cutlass::bfloat16_t>, cute::Layout<cute::tuple<cute::_1, cute::tuple<cute::tuple<cute::tuple<cute::C<8>, cute::C<16>>, cute::_2>>>, cute::tuple<cute::C<0>, cute::tuple<cute::tuple<cute::tuple<cute::_16, cute::_1>, cute::_128>>>>, cute::tuple<cute::_1, cute::C<16>, cute::C<16>>>, TmaLoadState=cute::TiledCopy<cute::Copy_Atom<cute::Copy_Traits<cute::SM90_TMA_LOAD, cute::C<8192>, cute::AuxTmaParams<cute::tuple<cute::ScaledBasis<cute::C<1>, 2>, cute::ScaledBasis<cute::C<1>, 1>, cute::ScaledBasis<cute::C<1>, 0>>, const cute::Layout<cute::tuple<cute::C<8>, cute::C<32>, cute::C<1>>, cute::tuple<cute::ScaledBasis<cute::C<1>, 2>, cute::ScaledBasis<cute::C<1>, 1>, cute::ScaledBasis<cute::C<1>, 0>>> &, const cute::Swizzle<1, 4, 3> &>>, float>, cute::Layout<cute::tuple<cute::_1, cute::tuple<cute::tuple<cute::tuple<cute::C<8>, cute::C<32>>, cute::_16>>>, cute::tuple<cute::C<0>, cute::tuple<cute::tuple<cute::tuple<cute::_32, cute::_1>, cute::_256>>>>, cute::tuple<cute::_1, cute::C<32>, cute::C<128>>>, TmaStoreState=cute::TiledCopy<cute::Copy_Atom<cute::Copy_Traits<cute::SM90_TMA_STORE, cute::C<8192>, cute::AuxTmaParams<cute::tuple<cute::ScaledBasis<cute::C<1>, 2>, cute::ScaledBasis<cute::C<1>, 1>, cute::ScaledBasis<cute::C<1>, 0>>, const cute::Layout<cute::tuple<cute::C<8>, cute::C<32>, cute::C<1>>, cute::tuple<cute::ScaledBasis<cute::C<1>, 2>, cute::ScaledBasis<cute::C<1>, 1>, cute::ScaledBasis<cute::C<1>, 0>>> &, const cute::Swizzle<1, 4, 3> &>>, float>, cute::Layout<cute::tuple<cute::_1, cute::tuple<cute::tuple<cute::tuple<cute::C<8>, cute::C<32>>, cute::_16>>>, cute::tuple<cute::C<0>, cute::tuple<cute::tuple<cute::tuple<cute::_32, cute::_1>, cute::_256>>>>, cute::tuple<cute::_1, cute::C<32>, cute::C<128>>>, TmaStoreOut=cute::TiledCopy<cute::Copy_Atom<cute::Copy_Traits<cute::SM90_TMA_STORE, cute::C<2048>, cute::AuxTmaParams<cute::tuple<cute::ScaledBasis<cute::C<1>, 2>, cute::ScaledBasis<cute::C<1>, 1>, cute::ScaledBasis<int, 0>>, const cute::Layout<cute::tuple<cute::C<8>, cute::C<16>, cute::C<1>>, cute::tuple<cute::ScaledBasis<cute::C<1>, 2>, cute::ScaledBasis<cute::C<1>, 1>, cute::ScaledBasis<cute::C<1>, 0>>> &, const cute::Swizzle<0, 4, 3> &>>, cutlass::bfloat16_t>, cute::Layout<cute::tuple<cute::_1, cute::tuple<cute::tuple<cute::tuple<cute::C<8>, cute::C<16>>, cute::_4>>>, cute::tuple<cute::C<0>, cute::tuple<cute::tuple<cute::tuple<cute::_16, cute::_1>, cute::_128>>>>, cute::tuple<cute::_1, cute::C<16>, cute::C<32>>>, CHUNK=16, KDim=128, VDim=32, InputStages=3, OutputStages=2, NumThreads=128, HasStateIn=false, HasStateOut=true, StateFP32=true, IsVarlen=true]" at line 1399 of csrc/smxx/fwd_launch.cu
            instantiation of "void launch_fwd_vshard4_p2_phase1pf<D,HasStateIn,HasStateOut,StateFP32,IsVarlen>(const cutlass::bfloat16_t *, const cutlass::bfloat16_t *, const cutlass::bfloat16_t *, const cutlass::bfloat16_t *, const cutlass::bfloat16_t *, const void *, float, void *, cutlass::bfloat16_t *, void *, int, int, int, int, const int64_t *, const float *, const float *, float, cudaStream_t) [with D=128, HasStateIn=false, HasStateOut=true, StateFP32=true, IsVarlen=true]" at line 1437 of csrc/smxx/fwd_launch.cu

csrc/smxx/fwd_kernel2_vshard4_p2_phase1pf.cuh(644): error: no instance of overloaded function "copy" matches the argument list
            argument types are: (cute::TiledCopy<cute::Copy_Atom<cute::SM75_U32x4_LDSM_N, cutlass::bfloat16_t>, cute::Layout<cute::tuple<cute::tuple<cute::_4, cute::_8>, cute::tuple<cute::tuple<cute::_2, cute::_2, cute::_2>, cute::tuple<cute::_1, cute::_1>>>, cute::tuple<cute::tuple<cute::_32, cute::_1>, cute::tuple<cute::tuple<cute::_16, cute::_8, cute::_128>, cute::tuple<cute::_0, cute::_0>>>>, cute::tuple<cute::C<16>, cute::C<16>>>, cute::Tensor<cute::ViewEngine<cute::smem_ptr<cutlass::bfloat16_t *>>, cute::Layout<cute::tuple<cute::tuple<cute::_8, cute::_1>, cute::_1, cute::_1>, cute::tuple<cute::tuple<cute::_1, cute::C<0>>, cute::C<0>, cute::C<0>>>>, Phase1AInputViewT [2])
              copy(smem_tiled_copy_A, smem_thr_copy_A.partition_S(INV), tCrAi_k_view);
              ^
/home/lcpu/85117379/flashkda-phase1-prefetch-1ce47ea-b300-r2/cutlass/include/cute/algorithm/copy.hpp(173): note #3326-D: function template "cute::copy(const cute::AutoCopyAsync &, const cute::Tensor<SrcEngine, SrcLayout> &, cute::Tensor<DstEngine, DstLayout> &)" does not match because argument #1 does not match parameter
  copy(AutoCopyAsync const& cpy,
  ^
/home/lcpu/85117379/flashkda-phase1-prefetch-1ce47ea-b300-r2/cutlass/include/cute/algorithm/copy.hpp(189): note #3327-D: candidate function template "cute::copy(const cute::Copy_Atom<CopyArgs...> &, const cute::Tensor<SrcEngine, SrcLayout> &, cute::Tensor<DstEngine, DstLayout> &)" failed deduction
  copy(Copy_Atom<CopyArgs...> const& copy_atom,
  ^
/home/lcpu/85117379/flashkda-phase1-prefetch-1ce47ea-b300-r2/cutlass/include/cute/algorithm/copy.hpp(247): note #3327-D: candidate function template "cute::copy(const cute::AutoVectorizingCopyWithAssumedAlignment<MaxVecBits> &, const cute::Tensor<SrcEngine, SrcLayout> &, cute::Tensor<DstEngine, DstLayout> &)" failed deduction
  copy(AutoVectorizingCopyWithAssumedAlignment<MaxVecBits> const&,
  ^
/home/lcpu/85117379/flashkda-phase1-prefetch-1ce47ea-b300-r2/cutlass/include/cute/algorithm/copy.hpp(288): note #3327-D: candidate function template "cute::copy(const cute::AutoFilter<CopyOp> &, const cute::Tensor<SrcEngine, SrcLayout> &, cute::Tensor<DstEngine, DstLayout> &)" failed deduction
  copy(AutoFilter<CopyOp> const& copy_op,
  ^
/home/lcpu/85117379/flashkda-phase1-prefetch-1ce47ea-b300-r2/cutlass/include/cute/algorithm/copy.hpp(312): note #3322-D: number of parameters of function template "cute::copy(const cute::Tensor<SrcEngine, SrcLayout> &, cute::Tensor<DstEngine, DstLayout> &)" does not match the call
  copy(Tensor<SrcEngine, SrcLayout> const& src,
  ^
/home/lcpu/85117379/flashkda-phase1-prefetch-1ce47ea-b300-r2/cutlass/include/cute/algorithm/copy.hpp(350): note #3327-D: candidate function template "cute::copy(const cute::Copy_Atom<cute::AutoVectorizingCopyWithAssumedAlignment<MaxVecBits>, Args...> &, const cute::Tensor<SrcEngine, SrcLayout> &, cute::Tensor<DstEngine, DstLayout> &)" failed deduction
  copy(Copy_Atom<AutoVectorizingCopyWithAssumedAlignment<MaxVecBits>, Args...> const&,
  ^
/home/lcpu/85117379/flashkda-phase1-prefetch-1ce47ea-b300-r2/cutlass/include/cute/algorithm/copy.hpp(362): note #3327-D: candidate function template "cute::copy(const cute::Copy_Atom<cute::Copy_Traits<cute::AutoVectorizingCopyWithAssumedAlignment<MaxVecBits>>, Args...> &, const cute::Tensor<SrcEngine, SrcLayout> &, cute::Tensor<DstEngine, DstLayout> &)" failed deduction
  copy(Copy_Atom<Copy_Traits<AutoVectorizingCopyWithAssumedAlignment<MaxVecBits>>, Args...> const&,
  ^
/home/lcpu/85117379/flashkda-phase1-prefetch-1ce47ea-b300-r2/cutlass/include/cute/algorithm/copy.hpp(375): note #3327-D: candidate function template "cute::copy(const cute::Copy_Traits<cute::SM90_BULK_COPY_AUTO, CT_Args...> &, const cute::Tensor<SrcEngine, SrcLayout> &, cute::Tensor<DstEngine, DstLayout> &)" failed deduction
  copy(Copy_Traits<SM90_BULK_COPY_AUTO, CT_Args...> const& atom,
  ^
/home/lcpu/85117379/flashkda-phase1-prefetch-1ce47ea-b300-r2/cutlass/include/cute/algorithm/copy.hpp(408): note #3327-D: candidate function template "cute::copy(const cute::Copy_Atom<cute::Copy_Traits<cute::SM90_BULK_COPY_AUTO, CT_Args...>, CA_Args...> &, const cute::Tensor<SrcEngine, SrcLayout> &, cute::Tensor<DstEngine, DstLayout> &)" failed deduction
  copy(Copy_Atom<Copy_Traits<SM90_BULK_COPY_AUTO, CT_Args...>, CA_Args...> const& atom,
  ^
/home/lcpu/85117379/flashkda-phase1-prefetch-1ce47ea-b300-r2/cutlass/include/cute/algorithm/copy.hpp(439): note #3327-D: candidate function template "cute::copy(const cute::TiledCopy<CopyAtom, TV, Tiler> &, const cute::Tensor<SrcEngine, SrcLayout> &, cute::Tensor<DstEngine, DstLayout> &)" failed deduction
  copy(TiledCopy<CopyAtom, TV, Tiler> const& tiled_copy,
  ^
/home/lcpu/85117379/flashkda-phase1-prefetch-1ce47ea-b300-r2/cutlass/include/cute/algorithm/copy.hpp(462): note #3327-D: candidate function template "cute::copy(const cute::ThrCopy<TiledCopy, ThrIdx> &, const cute::Tensor<SrcEngine, SrcLayout> &, cute::Tensor<DstEngine, DstLayout> &)" failed deduction
  copy(ThrCopy<TiledCopy, ThrIdx> const& thr_copy,
  ^
/home/lcpu/85117379/flashkda-phase1-prefetch-1ce47ea-b300-r2/cutlass/include/cute/algorithm/copy.hpp(489): note #3327-D: candidate function template "cute::copy(const CopyPolicy &, const cute::Tensor<SrcEngine, SrcLayout> &, cute::Tensor<DstEngine, DstLayout> &)" failed deduction
  copy(CopyPolicy const& cpy,
  ^
/home/lcpu/85117379/flashkda-phase1-prefetch-1ce47ea-b300-r2/cutlass/include/cute/algorithm/copy.hpp(530): note #3322-D: number of parameters of function template "cute::copy(const cute::Tensor<SrcEngine, SrcLayout> &, cute::Tensor<DstEngine, DstLayout> &&)" does not match the call
  copy(Tensor<SrcEngine, SrcLayout> const& src,
  ^
/home/lcpu/85117379/flashkda-phase1-prefetch-1ce47ea-b300-r2/cutlass/include/cute/algorithm/copy.hpp(541): note #3327-D: candidate function template "cute::copy(const CopyPolicy &, const cute::Tensor<SrcEngine, SrcLayout> &, cute::Tensor<DstEngine, DstLayout> &&)" failed deduction
  copy(CopyPolicy const& copy_policy,
  ^
          detected during:
            instantiation of "void _flash_kda_fwd_recurrence_vshard4_p2_phase1pf<TmaLoadV,TmaLoadBeta,TmaLoadWsKD,TmaLoadWsQD,TmaLoadWsKR,TmaLoadWsGT,TmaLoadWsINV,TmaLoadWsMqk,TmaLoadState,TmaStoreState,TmaStoreOut,CHUNK,KDim,VDim,InputStages,OutputStages,NumThreads,HasStateIn,HasStateOut,StateFP32,IsVarlen>(TmaLoadV, TmaLoadBeta, TmaLoadWsKD, TmaLoadWsQD, TmaLoadWsKR, TmaLoadWsGT, TmaLoadWsINV, TmaLoadWsMqk, TmaLoadState, TmaStoreState, TmaStoreOut, cutlass::bfloat16_t *, int, int, int, const int64_t *, int) [with TmaLoadV=cute::TiledCopy<cute::Copy_Atom<cute::Copy_Traits<cute::SM90_TMA_LOAD, cute::C<2048>, cute::AuxTmaParams<cute::tuple<cute::ScaledBasis<cute::C<1>, 2>, cute::ScaledBasis<cute::C<1>, 1>, cute::ScaledBasis<int, 0>>, const cute::Layout<cute::tuple<cute::C<8>, cute::C<16>, cute::C<1>>, cute::tuple<cute::ScaledBasis<cute::C<1>, 2>, cute::ScaledBasis<cute::C<1>, 1>, cute::ScaledBasis<cute::C<1>, 0>>> &, const cute::Swizzle<0, 4, 3> &>>, cutlass::bfloat16_t>, cute::Layout<cute::tuple<cute::_1, cute::tuple<cute::tuple<cute::tuple<cute::C<8>, cute::C<16>>, cute::_4>>>, cute::tuple<cute::C<0>, cute::tuple<cute::tuple<cute::tuple<cute::_16, cute::_1>, cute::_128>>>>, cute::tuple<cute::_1, cute::C<16>, cute::C<32>>>, TmaLoadBeta=cute::TiledCopy<cute::Copy_Atom<cute::Copy_Traits<cute::SM90_TMA_LOAD, cute::C<512>, cute::AuxTmaParams<cute::tuple<cute::ScaledBasis<cute::C<1>, 0>>, const cute::Layout<cute::tuple<cute::_32>, cute::tuple<cute::ScaledBasis<cute::C<1>, 0>>> &, const cute::Swizzle<0, 4, 3> &>>, cutlass::bfloat16_t>, cute::Layout<cute::tuple<cute::_1, cute::tuple<cute::tuple<cute::_32, cute::_1>>>, cute::tuple<cute::C<0>, cute::tuple<cute::tuple<cute::_1, cute::C<0>>>>>, cute::tuple<cute::_32>>, TmaLoadWsKD=cute::TiledCopy<cute::Copy_Atom<cute::Copy_Traits<cute::SM90_TMA_LOAD, cute::C<2048>, cute::AuxTmaParams<cute::tuple<cute::ScaledBasis<cute::C<1>, 2>, cute::ScaledBasis<cute::C<1>, 1>, cute::ScaledBasis<cute::C<1>, 0>>, const cute::Layout<cute::tuple<cute::C<8>, cute::C<16>, cute::C<1>>, cute::tuple<cute::ScaledBasis<cute::C<1>, 2>, cute::ScaledBasis<cute::C<1>, 1>, cute::ScaledBasis<cute::C<1>, 0>>> &, const cute::Swizzle<0, 4, 3> &>>, cutlass::bfloat16_t>, cute::Layout<cute::tuple<cute::_1, cute::tuple<cute::tuple<cute::tuple<cute::C<8>, cute::C<16>>, cute::_16>>>, cute::tuple<cute::C<0>, cute::tuple<cute::tuple<cute::tuple<cute::_16, cute::_1>, cute::_128>>>>, cute::tuple<cute::_1, cute::_16, cute::_128>>, TmaLoadWsQD=cute::TiledCopy<cute::Copy_Atom<cute::Copy_Traits<cute::SM90_TMA_LOAD, cute::C<2048>, cute::AuxTmaParams<cute::tuple<cute::ScaledBasis<cute::C<1>, 2>, cute::ScaledBasis<cute::C<1>, 1>, cute::ScaledBasis<cute::C<1>, 0>>, const cute::Layout<cute::tuple<cute::C<8>, cute::C<16>, cute::C<1>>, cute::tuple<cute::ScaledBasis<cute::C<1>, 2>, cute::ScaledBasis<cute::C<1>, 1>, cute::ScaledBasis<cute::C<1>, 0>>> &, const cute::Swizzle<0, 4, 3> &>>, cutlass::bfloat16_t>, cute::Layout<cute::tuple<cute::_1, cute::tuple<cute::tuple<cute::tuple<cute::C<8>, cute::C<16>>, cute::_16>>>, cute::tuple<cute::C<0>, cute::tuple<cute::tuple<cute::tuple<cute::_16, cute::_1>, cute::_128>>>>, cute::tuple<cute::_1, cute::_16, cute::_128>>, TmaLoadWsKR=cute::TiledCopy<cute::Copy_Atom<cute::Copy_Traits<cute::SM90_TMA_LOAD, cute::C<2048>, cute::AuxTmaParams<cute::tuple<cute::ScaledBasis<cute::C<1>, 2>, cute::ScaledBasis<cute::C<1>, 1>, cute::ScaledBasis<cute::C<1>, 0>>, const cute::Layout<cute::tuple<cute::C<8>, cute::C<16>, cute::C<1>>, cute::tuple<cute::ScaledBasis<cute::C<1>, 2>, cute::ScaledBasis<cute::C<1>, 1>, cute::ScaledBasis<cute::C<1>, 0>>> &, const cute::Swizzle<0, 4, 3> &>>, cutlass::bfloat16_t>, cute::Layout<cute::tuple<cute::_1, cute::tuple<cute::tuple<cute::tuple<cute::C<8>, cute::C<16>>, cute::_16>>>, cute::tuple<cute::C<0>, cute::tuple<cute::tuple<cute::tuple<cute::_16, cute::_1>, cute::_128>>>>, cute::tuple<cute::_1, cute::_16, cute::_128>>, TmaLoadWsGT=cute::TiledCopy<cute::Copy_Atom<cute::Copy_Traits<cute::SM90_TMA_LOAD, cute::C<4096>, cute::AuxTmaParams<cute::tuple<cute::ScaledBasis<cute::C<1>, 1>, cute::ScaledBasis<cute::C<1>, 0>>, const cute::Layout<cute::tuple<cute::_128, cute::_1>, cute::tuple<cute::ScaledBasis<cute::C<1>, 1>, cute::ScaledBasis<cute::C<1>, 0>>> &, const cute::Swizzle<0, 4, 3> &>>, float>, cute::Layout<cute::tuple<cute::_1, cute::tuple<cute::tuple<cute::_128, cute::_1>>>, cute::tuple<cute::C<0>, cute::tuple<cute::tuple<cute::_1, cute::C<0>>>>>, cute::tuple<cute::_1, cute::_128>>, TmaLoadWsINV=cute::TiledCopy<cute::Copy_Atom<cute::Copy_Traits<cute::SM90_TMA_LOAD, cute::C<2048>, cute::AuxTmaParams<cute::tuple<cute::ScaledBasis<cute::C<1>, 2>, cute::ScaledBasis<cute::C<1>, 1>, cute::ScaledBasis<cute::C<1>, 0>>, const cute::Layout<cute::tuple<cute::C<8>, cute::C<16>, cute::C<1>>, cute::tuple<cute::ScaledBasis<cute::C<1>, 2>, cute::ScaledBasis<cute::C<1>, 1>, cute::ScaledBasis<cute::C<1>, 0>>> &, const cute::Swizzle<0, 4, 3> &>>, cutlass::bfloat16_t>, cute::Layout<cute::tuple<cute::_1, cute::tuple<cute::tuple<cute::tuple<cute::C<8>, cute::C<16>>, cute::_2>>>, cute::tuple<cute::C<0>, cute::tuple<cute::tuple<cute::tuple<cute::_16, cute::_1>, cute::_128>>>>, cute::tuple<cute::_1, cute::C<16>, cute::C<16>>>, TmaLoadWsMqk=cute::TiledCopy<cute::Copy_Atom<cute::Copy_Traits<cute::SM90_TMA_LOAD, cute::C<2048>, cute::AuxTmaParams<cute::tuple<cute::ScaledBasis<cute::C<1>, 2>, cute::ScaledBasis<cute::C<1>, 1>, cute::ScaledBasis<cute::C<1>, 0>>, const cute::Layout<cute::tuple<cute::C<8>, cute::C<16>, cute::C<1>>, cute::tuple<cute::ScaledBasis<cute::C<1>, 2>, cute::ScaledBasis<cute::C<1>, 1>, cute::ScaledBasis<cute::C<1>, 0>>> &, const cute::Swizzle<0, 4, 3> &>>, cutlass::bfloat16_t>, cute::Layout<cute::tuple<cute::_1, cute::tuple<cute::tuple<cute::tuple<cute::C<8>, cute::C<16>>, cute::_2>>>, cute::tuple<cute::C<0>, cute::tuple<cute::tuple<cute::tuple<cute::_16, cute::_1>, cute::_128>>>>, cute::tuple<cute::_1, cute::C<16>, cute::C<16>>>, TmaLoadState=cute::TiledCopy<cute::Copy_Atom<cute::Copy_Traits<cute::SM90_TMA_LOAD, cute::C<8192>, cute::AuxTmaParams<cute::tuple<cute::ScaledBasis<cute::C<1>, 2>, cute::ScaledBasis<cute::C<1>, 1>, cute::ScaledBasis<cute::C<1>, 0>>, const cute::Layout<cute::tuple<cute::C<8>, cute::C<32>, cute::C<1>>, cute::tuple<cute::ScaledBasis<cute::C<1>, 2>, cute::ScaledBasis<cute::C<1>, 1>, cute::ScaledBasis<cute::C<1>, 0>>> &, const cute::Swizzle<1, 4, 3> &>>, float>, cute::Layout<cute::tuple<cute::_1, cute::tuple<cute::tuple<cute::tuple<cute::C<8>, cute::C<32>>, cute::_16>>>, cute::tuple<cute::C<0>, cute::tuple<cute::tuple<cute::tuple<cute::_32, cute::_1>, cute::_256>>>>, cute::tuple<cute::_1, cute::C<32>, cute::C<128>>>, TmaStoreState=cute::TiledCopy<cute::Copy_Atom<cute::Copy_Traits<cute::SM90_TMA_STORE, cute::C<8192>, cute::AuxTmaParams<cute::tuple<cute::ScaledBasis<cute::C<1>, 2>, cute::ScaledBasis<cute::C<1>, 1>, cute::ScaledBasis<cute::C<1>, 0>>, const cute::Layout<cute::tuple<cute::C<8>, cute::C<32>, cute::C<1>>, cute::tuple<cute::ScaledBasis<cute::C<1>, 2>, cute::ScaledBasis<cute::C<1>, 1>, cute::ScaledBasis<cute::C<1>, 0>>> &, const cute::Swizzle<1, 4, 3> &>>, float>, cute::Layout<cute::tuple<cute::_1, cute::tuple<cute::tuple<cute::tuple<cute::C<8>, cute::C<32>>, cute::_16>>>, cute::tuple<cute::C<0>, cute::tuple<cute::tuple<cute::tuple<cute::_32, cute::_1>, cute::_256>>>>, cute::tuple<cute::_1, cute::C<32>, cute::C<128>>>, TmaStoreOut=cute::TiledCopy<cute::Copy_Atom<cute::Copy_Traits<cute::SM90_TMA_STORE, cute::C<2048>, cute::AuxTmaParams<cute::tuple<cute::ScaledBasis<cute::C<1>, 2>, cute::ScaledBasis<cute::C<1>, 1>, cute::ScaledBasis<int, 0>>, const cute::Layout<cute::tuple<cute::C<8>, cute::C<16>, cute::C<1>>, cute::tuple<cute::ScaledBasis<cute::C<1>, 2>, cute::ScaledBasis<cute::C<1>, 1>, cute::ScaledBasis<cute::C<1>, 0>>> &, const cute::Swizzle<0, 4, 3> &>>, cutlass::bfloat16_t>, cute::Layout<cute::tuple<cute::_1, cute::tuple<cute::tuple<cute::tuple<cute::C<8>, cute::C<16>>, cute::_4>>>, cute::tuple<cute::C<0>, cute::tuple<cute::tuple<cute::tuple<cute::_16, cute::_1>, cute::_128>>>>, cute::tuple<cute::_1, cute::C<16>, cute::C<32>>>, CHUNK=16, KDim=128, VDim=32, InputStages=3, OutputStages=2, NumThreads=128, HasStateIn=true, HasStateOut=false, StateFP32=true, IsVarlen=true]" at line 1399 of csrc/smxx/fwd_launch.cu
            instantiation of "void launch_fwd_vshard4_p2_phase1pf<D,HasStateIn,HasStateOut,StateFP32,IsVarlen>(const cutlass::bfloat16_t *, const cutlass::bfloat16_t *, const cutlass::bfloat16_t *, const cutlass::bfloat16_t *, const cutlass::bfloat16_t *, const void *, float, void *, cutlass::bfloat16_t *, void *, int, int, int, int, const int64_t *, const float *, const float *, float, cudaStream_t) [with D=128, HasStateIn=true, HasStateOut=false, StateFP32=true, IsVarlen=true]" at line 1437 of csrc/smxx/fwd_launch.cu

csrc/smxx/fwd_kernel2_vshard4_p2_phase1pf.cuh(687): error: no instance of overloaded function "copy" matches the argument list
            argument types are: (cute::TiledCopy<cute::Copy_Atom<cute::SM75_U32x4_LDSM_N, cutlass::bfloat16_t>, cute::Layout<cute::tuple<cute::tuple<cute::_4, cute::_8>, cute::tuple<cute::tuple<cute::_2, cute::_2, cute::_2>, cute::tuple<cute::_1, cute::_1>>>, cute::tuple<cute::tuple<cute::_32, cute::_1>, cute::tuple<cute::tuple<cute::_16, cute::_8, cute::_128>, cute::tuple<cute::_0, cute::_0>>>>, cute::tuple<cute::C<16>, cute::C<16>>>, cute::Tensor<cute::ViewEngine<cute::smem_ptr<cutlass::bfloat16_t *>>, cute::Layout<cute::tuple<cute::tuple<cute::_8, cute::_1>, cute::_1, cute::_1>, cute::tuple<cute::tuple<cute::_1, cute::C<0>>, cute::C<0>, cute::C<0>>>>, Phase1AInputViewT [2])
              copy(smem_tiled_copy_A, smem_thr_copy_A.partition_S(Mqk), tCrAi_k_view);
              ^
/home/lcpu/85117379/flashkda-phase1-prefetch-1ce47ea-b300-r2/cutlass/include/cute/algorithm/copy.hpp(173): note #3326-D: function template "cute::copy(const cute::AutoCopyAsync &, const cute::Tensor<SrcEngine, SrcLayout> &, cute::Tensor<DstEngine, DstLayout> &)" does not match because argument #1 does not match parameter
  copy(AutoCopyAsync const& cpy,
  ^
/home/lcpu/85117379/flashkda-phase1-prefetch-1ce47ea-b300-r2/cutlass/include/cute/algorithm/copy.hpp(189): note #3327-D: candidate function template "cute::copy(const cute::Copy_Atom<CopyArgs...> &, const cute::Tensor<SrcEngine, SrcLayout> &, cute::Tensor<DstEngine, DstLayout> &)" failed deduction
  copy(Copy_Atom<CopyArgs...> const& copy_atom,
  ^
/home/lcpu/85117379/flashkda-phase1-prefetch-1ce47ea-b300-r2/cutlass/include/cute/algorithm/copy.hpp(247): note #3327-D: candidate function template "cute::copy(const cute::AutoVectorizingCopyWithAssumedAlignment<MaxVecBits> &, const cute::Tensor<SrcEngine, SrcLayout> &, cute::Tensor<DstEngine, DstLayout> &)" failed deduction
  copy(AutoVectorizingCopyWithAssumedAlignment<MaxVecBits> const&,
  ^
/home/lcpu/85117379/flashkda-phase1-prefetch-1ce47ea-b300-r2/cutlass/include/cute/algorithm/copy.hpp(288): note #3327-D: candidate function template "cute::copy(const cute::AutoFilter<CopyOp> &, const cute::Tensor<SrcEngine, SrcLayout> &, cute::Tensor<DstEngine, DstLayout> &)" failed deduction
  copy(AutoFilter<CopyOp> const& copy_op,
  ^
/home/lcpu/85117379/flashkda-phase1-prefetch-1ce47ea-b300-r2/cutlass/include/cute/algorithm/copy.hpp(312): note #3322-D: number of parameters of function template "cute::copy(const cute::Tensor<SrcEngine, SrcLayout> &, cute::Tensor<DstEngine, DstLayout> &)" does not match the call
  copy(Tensor<SrcEngine, SrcLayout> const& src,
  ^
/home/lcpu/85117379/flashkda-phase1-prefetch-1ce47ea-b300-r2/cutlass/include/cute/algorithm/copy.hpp(350): note #3327-D: candidate function template "cute::copy(const cute::Copy_Atom<cute::AutoVectorizingCopyWithAssumedAlignment<MaxVecBits>, Args...> &, const cute::Tensor<SrcEngine, SrcLayout> &, cute::Tensor<DstEngine, DstLayout> &)" failed deduction
  copy(Copy_Atom<AutoVectorizingCopyWithAssumedAlignment<MaxVecBits>, Args...> const&,
  ^
/home/lcpu/85117379/flashkda-phase1-prefetch-1ce47ea-b300-r2/cutlass/include/cute/algorithm/copy.hpp(362): note #3327-D: candidate function template "cute::copy(const cute::Copy_Atom<cute::Copy_Traits<cute::AutoVectorizingCopyWithAssumedAlignment<MaxVecBits>>, Args...> &, const cute::Tensor<SrcEngine, SrcLayout> &, cute::Tensor<DstEngine, DstLayout> &)" failed deduction
  copy(Copy_Atom<Copy_Traits<AutoVectorizingCopyWithAssumedAlignment<MaxVecBits>>, Args...> const&,
  ^
/home/lcpu/85117379/flashkda-phase1-prefetch-1ce47ea-b300-r2/cutlass/include/cute/algorithm/copy.hpp(375): note #3327-D: candidate function template "cute::copy(const cute::Copy_Traits<cute::SM90_BULK_COPY_AUTO, CT_Args...> &, const cute::Tensor<SrcEngine, SrcLayout> &, cute::Tensor<DstEngine, DstLayout> &)" failed deduction
  copy(Copy_Traits<SM90_BULK_COPY_AUTO, CT_Args...> const& atom,
  ^
/home/lcpu/85117379/flashkda-phase1-prefetch-1ce47ea-b300-r2/cutlass/include/cute/algorithm/copy.hpp(408): note #3327-D: candidate function template "cute::copy(const cute::Copy_Atom<cute::Copy_Traits<cute::SM90_BULK_COPY_AUTO, CT_Args...>, CA_Args...> &, const cute::Tensor<SrcEngine, SrcLayout> &, cute::Tensor<DstEngine, DstLayout> &)" failed deduction
  copy(Copy_Atom<Copy_Traits<SM90_BULK_COPY_AUTO, CT_Args...>, CA_Args...> const& atom,
  ^
/home/lcpu/85117379/flashkda-phase1-prefetch-1ce47ea-b300-r2/cutlass/include/cute/algorithm/copy.hpp(439): note #3327-D: candidate function template "cute::copy(const cute::TiledCopy<CopyAtom, TV, Tiler> &, const cute::Tensor<SrcEngine, SrcLayout> &, cute::Tensor<DstEngine, DstLayout> &)" failed deduction
  copy(TiledCopy<CopyAtom, TV, Tiler> const& tiled_copy,
  ^
/home/lcpu/85117379/flashkda-phase1-prefetch-1ce47ea-b300-r2/cutlass/include/cute/algorithm/copy.hpp(462): note #3327-D: candidate function template "cute::copy(const cute::ThrCopy<TiledCopy, ThrIdx> &, const cute::Tensor<SrcEngine, SrcLayout> &, cute::Tensor<DstEngine, DstLayout> &)" failed deduction
  copy(ThrCopy<TiledCopy, ThrIdx> const& thr_copy,
  ^
/home/lcpu/85117379/flashkda-phase1-prefetch-1ce47ea-b300-r2/cutlass/include/cute/algorithm/copy.hpp(489): note #3327-D: candidate function template "cute::copy(const CopyPolicy &, const cute::Tensor<SrcEngine, SrcLayout> &, cute::Tensor<DstEngine, DstLayout> &)" failed deduction
  copy(CopyPolicy const& cpy,
  ^
/home/lcpu/85117379/flashkda-phase1-prefetch-1ce47ea-b300-r2/cutlass/include/cute/algorithm/copy.hpp(530): note #3322-D: number of parameters of function template "cute::copy(const cute::Tensor<SrcEngine, SrcLayout> &, cute::Tensor<DstEngine, DstLayout> &&)" does not match the call
  copy(Tensor<SrcEngine, SrcLayout> const& src,
  ^
/home/lcpu/85117379/flashkda-phase1-prefetch-1ce47ea-b300-r2/cutlass/include/cute/algorithm/copy.hpp(541): note #3327-D: candidate function template "cute::copy(const CopyPolicy &, const cute::Tensor<SrcEngine, SrcLayout> &, cute::Tensor<DstEngine, DstLayout> &&)" failed deduction
  copy(CopyPolicy const& copy_policy,
  ^
          detected during:
            instantiation of "void _flash_kda_fwd_recurrence_vshard4_p2_phase1pf<TmaLoadV,TmaLoadBeta,TmaLoadWsKD,TmaLoadWsQD,TmaLoadWsKR,TmaLoadWsGT,TmaLoadWsINV,TmaLoadWsMqk,TmaLoadState,TmaStoreState,TmaStoreOut,CHUNK,KDim,VDim,InputStages,OutputStages,NumThreads,HasStateIn,HasStateOut,StateFP32,IsVarlen>(TmaLoadV, TmaLoadBeta, TmaLoadWsKD, TmaLoadWsQD, TmaLoadWsKR, TmaLoadWsGT, TmaLoadWsINV, TmaLoadWsMqk, TmaLoadState, TmaStoreState, TmaStoreOut, cutlass::bfloat16_t *, int, int, int, const int64_t *, int) [with TmaLoadV=cute::TiledCopy<cute::Copy_Atom<cute::Copy_Traits<cute::SM90_TMA_LOAD, cute::C<2048>, cute::AuxTmaParams<cute::tuple<cute::ScaledBasis<cute::C<1>, 2>, cute::ScaledBasis<cute::C<1>, 1>, cute::ScaledBasis<int, 0>>, const cute::Layout<cute::tuple<cute::C<8>, cute::C<16>, cute::C<1>>, cute::tuple<cute::ScaledBasis<cute::C<1>, 2>, cute::ScaledBasis<cute::C<1>, 1>, cute::ScaledBasis<cute::C<1>, 0>>> &, const cute::Swizzle<0, 4, 3> &>>, cutlass::bfloat16_t>, cute::Layout<cute::tuple<cute::_1, cute::tuple<cute::tuple<cute::tuple<cute::C<8>, cute::C<16>>, cute::_4>>>, cute::tuple<cute::C<0>, cute::tuple<cute::tuple<cute::tuple<cute::_16, cute::_1>, cute::_128>>>>, cute::tuple<cute::_1, cute::C<16>, cute::C<32>>>, TmaLoadBeta=cute::TiledCopy<cute::Copy_Atom<cute::Copy_Traits<cute::SM90_TMA_LOAD, cute::C<512>, cute::AuxTmaParams<cute::tuple<cute::ScaledBasis<cute::C<1>, 0>>, const cute::Layout<cute::tuple<cute::_32>, cute::tuple<cute::ScaledBasis<cute::C<1>, 0>>> &, const cute::Swizzle<0, 4, 3> &>>, cutlass::bfloat16_t>, cute::Layout<cute::tuple<cute::_1, cute::tuple<cute::tuple<cute::_32, cute::_1>>>, cute::tuple<cute::C<0>, cute::tuple<cute::tuple<cute::_1, cute::C<0>>>>>, cute::tuple<cute::_32>>, TmaLoadWsKD=cute::TiledCopy<cute::Copy_Atom<cute::Copy_Traits<cute::SM90_TMA_LOAD, cute::C<2048>, cute::AuxTmaParams<cute::tuple<cute::ScaledBasis<cute::C<1>, 2>, cute::ScaledBasis<cute::C<1>, 1>, cute::ScaledBasis<cute::C<1>, 0>>, const cute::Layout<cute::tuple<cute::C<8>, cute::C<16>, cute::C<1>>, cute::tuple<cute::ScaledBasis<cute::C<1>, 2>, cute::ScaledBasis<cute::C<1>, 1>, cute::ScaledBasis<cute::C<1>, 0>>> &, const cute::Swizzle<0, 4, 3> &>>, cutlass::bfloat16_t>, cute::Layout<cute::tuple<cute::_1, cute::tuple<cute::tuple<cute::tuple<cute::C<8>, cute::C<16>>, cute::_16>>>, cute::tuple<cute::C<0>, cute::tuple<cute::tuple<cute::tuple<cute::_16, cute::_1>, cute::_128>>>>, cute::tuple<cute::_1, cute::_16, cute::_128>>, TmaLoadWsQD=cute::TiledCopy<cute::Copy_Atom<cute::Copy_Traits<cute::SM90_TMA_LOAD, cute::C<2048>, cute::AuxTmaParams<cute::tuple<cute::ScaledBasis<cute::C<1>, 2>, cute::ScaledBasis<cute::C<1>, 1>, cute::ScaledBasis<cute::C<1>, 0>>, const cute::Layout<cute::tuple<cute::C<8>, cute::C<16>, cute::C<1>>, cute::tuple<cute::ScaledBasis<cute::C<1>, 2>, cute::ScaledBasis<cute::C<1>, 1>, cute::ScaledBasis<cute::C<1>, 0>>> &, const cute::Swizzle<0, 4, 3> &>>, cutlass::bfloat16_t>, cute::Layout<cute::tuple<cute::_1, cute::tuple<cute::tuple<cute::tuple<cute::C<8>, cute::C<16>>, cute::_16>>>, cute::tuple<cute::C<0>, cute::tuple<cute::tuple<cute::tuple<cute::_16, cute::_1>, cute::_128>>>>, cute::tuple<cute::_1, cute::_16, cute::_128>>, TmaLoadWsKR=cute::TiledCopy<cute::Copy_Atom<cute::Copy_Traits<cute::SM90_TMA_LOAD, cute::C<2048>, cute::AuxTmaParams<cute::tuple<cute::ScaledBasis<cute::C<1>, 2>, cute::ScaledBasis<cute::C<1>, 1>, cute::ScaledBasis<cute::C<1>, 0>>, const cute::Layout<cute::tuple<cute::C<8>, cute::C<16>, cute::C<1>>, cute::tuple<cute::ScaledBasis<cute::C<1>, 2>, cute::ScaledBasis<cute::C<1>, 1>, cute::ScaledBasis<cute::C<1>, 0>>> &, const cute::Swizzle<0, 4, 3> &>>, cutlass::bfloat16_t>, cute::Layout<cute::tuple<cute::_1, cute::tuple<cute::tuple<cute::tuple<cute::C<8>, cute::C<16>>, cute::_16>>>, cute::tuple<cute::C<0>, cute::tuple<cute::tuple<cute::tuple<cute::_16, cute::_1>, cute::_128>>>>, cute::tuple<cute::_1, cute::_16, cute::_128>>, TmaLoadWsGT=cute::TiledCopy<cute::Copy_Atom<cute::Copy_Traits<cute::SM90_TMA_LOAD, cute::C<4096>, cute::AuxTmaParams<cute::tuple<cute::ScaledBasis<cute::C<1>, 1>, cute::ScaledBasis<cute::C<1>, 0>>, const cute::Layout<cute::tuple<cute::_128, cute::_1>, cute::tuple<cute::ScaledBasis<cute::C<1>, 1>, cute::ScaledBasis<cute::C<1>, 0>>> &, const cute::Swizzle<0, 4, 3> &>>, float>, cute::Layout<cute::tuple<cute::_1, cute::tuple<cute::tuple<cute::_128, cute::_1>>>, cute::tuple<cute::C<0>, cute::tuple<cute::tuple<cute::_1, cute::C<0>>>>>, cute::tuple<cute::_1, cute::_128>>, TmaLoadWsINV=cute::TiledCopy<cute::Copy_Atom<cute::Copy_Traits<cute::SM90_TMA_LOAD, cute::C<2048>, cute::AuxTmaParams<cute::tuple<cute::ScaledBasis<cute::C<1>, 2>, cute::ScaledBasis<cute::C<1>, 1>, cute::ScaledBasis<cute::C<1>, 0>>, const cute::Layout<cute::tuple<cute::C<8>, cute::C<16>, cute::C<1>>, cute::tuple<cute::ScaledBasis<cute::C<1>, 2>, cute::ScaledBasis<cute::C<1>, 1>, cute::ScaledBasis<cute::C<1>, 0>>> &, const cute::Swizzle<0, 4, 3> &>>, cutlass::bfloat16_t>, cute::Layout<cute::tuple<cute::_1, cute::tuple<cute::tuple<cute::tuple<cute::C<8>, cute::C<16>>, cute::_2>>>, cute::tuple<cute::C<0>, cute::tuple<cute::tuple<cute::tuple<cute::_16, cute::_1>, cute::_128>>>>, cute::tuple<cute::_1, cute::C<16>, cute::C<16>>>, TmaLoadWsMqk=cute::TiledCopy<cute::Copy_Atom<cute::Copy_Traits<cute::SM90_TMA_LOAD, cute::C<2048>, cute::AuxTmaParams<cute::tuple<cute::ScaledBasis<cute::C<1>, 2>, cute::ScaledBasis<cute::C<1>, 1>, cute::ScaledBasis<cute::C<1>, 0>>, const cute::Layout<cute::tuple<cute::C<8>, cute::C<16>, cute::C<1>>, cute::tuple<cute::ScaledBasis<cute::C<1>, 2>, cute::ScaledBasis<cute::C<1>, 1>, cute::ScaledBasis<cute::C<1>, 0>>> &, const cute::Swizzle<0, 4, 3> &>>, cutlass::bfloat16_t>, cute::Layout<cute::tuple<cute::_1, cute::tuple<cute::tuple<cute::tuple<cute::C<8>, cute::C<16>>, cute::_2>>>, cute::tuple<cute::C<0>, cute::tuple<cute::tuple<cute::tuple<cute::_16, cute::_1>, cute::_128>>>>, cute::tuple<cute::_1, cute::C<16>, cute::C<16>>>, TmaLoadState=cute::TiledCopy<cute::Copy_Atom<cute::Copy_Traits<cute::SM90_TMA_LOAD, cute::C<8192>, cute::AuxTmaParams<cute::tuple<cute::ScaledBasis<cute::C<1>, 2>, cute::ScaledBasis<cute::C<1>, 1>, cute::ScaledBasis<cute::C<1>, 0>>, const cute::Layout<cute::tuple<cute::C<8>, cute::C<32>, cute::C<1>>, cute::tuple<cute::ScaledBasis<cute::C<1>, 2>, cute::ScaledBasis<cute::C<1>, 1>, cute::ScaledBasis<cute::C<1>, 0>>> &, const cute::Swizzle<1, 4, 3> &>>, float>, cute::Layout<cute::tuple<cute::_1, cute::tuple<cute::tuple<cute::tuple<cute::C<8>, cute::C<32>>, cute::_16>>>, cute::tuple<cute::C<0>, cute::tuple<cute::tuple<cute::tuple<cute::_32, cute::_1>, cute::_256>>>>, cute::tuple<cute::_1, cute::C<32>, cute::C<128>>>, TmaStoreState=cute::TiledCopy<cute::Copy_Atom<cute::Copy_Traits<cute::SM90_TMA_STORE, cute::C<8192>, cute::AuxTmaParams<cute::tuple<cute::ScaledBasis<cute::C<1>, 2>, cute::ScaledBasis<cute::C<1>, 1>, cute::ScaledBasis<cute::C<1>, 0>>, const cute::Layout<cute::tuple<cute::C<8>, cute::C<32>, cute::C<1>>, cute::tuple<cute::ScaledBasis<cute::C<1>, 2>, cute::ScaledBasis<cute::C<1>, 1>, cute::ScaledBasis<cute::C<1>, 0>>> &, const cute::Swizzle<1, 4, 3> &>>, float>, cute::Layout<cute::tuple<cute::_1, cute::tuple<cute::tuple<cute::tuple<cute::C<8>, cute::C<32>>, cute::_16>>>, cute::tuple<cute::C<0>, cute::tuple<cute::tuple<cute::tuple<cute::_32, cute::_1>, cute::_256>>>>, cute::tuple<cute::_1, cute::C<32>, cute::C<128>>>, TmaStoreOut=cute::TiledCopy<cute::Copy_Atom<cute::Copy_Traits<cute::SM90_TMA_STORE, cute::C<2048>, cute::AuxTmaParams<cute::tuple<cute::ScaledBasis<cute::C<1>, 2>, cute::ScaledBasis<cute::C<1>, 1>, cute::ScaledBasis<int, 0>>, const cute::Layout<cute::tuple<cute::C<8>, cute::C<16>, cute::C<1>>, cute::tuple<cute::ScaledBasis<cute::C<1>, 2>, cute::ScaledBasis<cute::C<1>, 1>, cute::ScaledBasis<cute::C<1>, 0>>> &, const cute::Swizzle<0, 4, 3> &>>, cutlass::bfloat16_t>, cute::Layout<cute::tuple<cute::_1, cute::tuple<cute::tuple<cute::tuple<cute::C<8>, cute::C<16>>, cute::_4>>>, cute::tuple<cute::C<0>, cute::tuple<cute::tuple<cute::tuple<cute::_16, cute::_1>, cute::_128>>>>, cute::tuple<cute::_1, cute::C<16>, cute::C<32>>>, CHUNK=16, KDim=128, VDim=32, InputStages=3, OutputStages=2, NumThreads=128, HasStateIn=true, HasStateOut=false, StateFP32=true, IsVarlen=true]" at line 1399 of csrc/smxx/fwd_launch.cu
            instantiation of "void launch_fwd_vshard4_p2_phase1pf<D,HasStateIn,HasStateOut,StateFP32,IsVarlen>(const cutlass::bfloat16_t *, const cutlass::bfloat16_t *, const cutlass::bfloat16_t *, const cutlass::bfloat16_t *, const cutlass::bfloat16_t *, const void *, float, void *, cutlass::bfloat16_t *, void *, int, int, int, int, const int64_t *, const float *, const float *, float, cudaStream_t) [with D=128, HasStateIn=true, HasStateOut=false, StateFP32=true, IsVarlen=true]" at line 1437 of csrc/smxx/fwd_launch.cu

csrc/smxx/fwd_kernel2_vshard4_p2_phase1pf.cuh(644): error: no instance of overloaded function "copy" matches the argument list
            argument types are: (cute::TiledCopy<cute::Copy_Atom<cute::SM75_U32x4_LDSM_N, cutlass::bfloat16_t>, cute::Layout<cute::tuple<cute::tuple<cute::_4, cute::_8>, cute::tuple<cute::tuple<cute::_2, cute::_2, cute::_2>, cute::tuple<cute::_1, cute::_1>>>, cute::tuple<cute::tuple<cute::_32, cute::_1>, cute::tuple<cute::tuple<cute::_16, cute::_8, cute::_128>, cute::tuple<cute::_0, cute::_0>>>>, cute::tuple<cute::C<16>, cute::C<16>>>, cute::Tensor<cute::ViewEngine<cute::smem_ptr<cutlass::bfloat16_t *>>, cute::Layout<cute::tuple<cute::tuple<cute::_8, cute::_1>, cute::_1, cute::_1>, cute::tuple<cute::tuple<cute::_1, cute::C<0>>, cute::C<0>, cute::C<0>>>>, Phase1AInputViewT [2])
              copy(smem_tiled_copy_A, smem_thr_copy_A.partition_S(INV), tCrAi_k_view);
              ^
/home/lcpu/85117379/flashkda-phase1-prefetch-1ce47ea-b300-r2/cutlass/include/cute/algorithm/copy.hpp(173): note #3326-D: function template "cute::copy(const cute::AutoCopyAsync &, const cute::Tensor<SrcEngine, SrcLayout> &, cute::Tensor<DstEngine, DstLayout> &)" does not match because argument #1 does not match parameter
  copy(AutoCopyAsync const& cpy,
  ^
/home/lcpu/85117379/flashkda-phase1-prefetch-1ce47ea-b300-r2/cutlass/include/cute/algorithm/copy.hpp(189): note #3327-D: candidate function template "cute::copy(const cute::Copy_Atom<CopyArgs...> &, const cute::Tensor<SrcEngine, SrcLayout> &, cute::Tensor<DstEngine, DstLayout> &)" failed deduction
  copy(Copy_Atom<CopyArgs...> const& copy_atom,
  ^
/home/lcpu/85117379/flashkda-phase1-prefetch-1ce47ea-b300-r2/cutlass/include/cute/algorithm/copy.hpp(247): note #3327-D: candidate function template "cute::copy(const cute::AutoVectorizingCopyWithAssumedAlignment<MaxVecBits> &, const cute::Tensor<SrcEngine, SrcLayout> &, cute::Tensor<DstEngine, DstLayout> &)" failed deduction
  copy(AutoVectorizingCopyWithAssumedAlignment<MaxVecBits> const&,
  ^
/home/lcpu/85117379/flashkda-phase1-prefetch-1ce47ea-b300-r2/cutlass/include/cute/algorithm/copy.hpp(288): note #3327-D: candidate function template "cute::copy(const cute::AutoFilter<CopyOp> &, const cute::Tensor<SrcEngine, SrcLayout> &, cute::Tensor<DstEngine, DstLayout> &)" failed deduction
  copy(AutoFilter<CopyOp> const& copy_op,
  ^
/home/lcpu/85117379/flashkda-phase1-prefetch-1ce47ea-b300-r2/cutlass/include/cute/algorithm/copy.hpp(312): note #3322-D: number of parameters of function template "cute::copy(const cute::Tensor<SrcEngine, SrcLayout> &, cute::Tensor<DstEngine, DstLayout> &)" does not match the call
  copy(Tensor<SrcEngine, SrcLayout> const& src,
  ^
/home/lcpu/85117379/flashkda-phase1-prefetch-1ce47ea-b300-r2/cutlass/include/cute/algorithm/copy.hpp(350): note #3327-D: candidate function template "cute::copy(const cute::Copy_Atom<cute::AutoVectorizingCopyWithAssumedAlignment<MaxVecBits>, Args...> &, const cute::Tensor<SrcEngine, SrcLayout> &, cute::Tensor<DstEngine, DstLayout> &)" failed deduction
  copy(Copy_Atom<AutoVectorizingCopyWithAssumedAlignment<MaxVecBits>, Args...> const&,
  ^
/home/lcpu/85117379/flashkda-phase1-prefetch-1ce47ea-b300-r2/cutlass/include/cute/algorithm/copy.hpp(362): note #3327-D: candidate function template "cute::copy(const cute::Copy_Atom<cute::Copy_Traits<cute::AutoVectorizingCopyWithAssumedAlignment<MaxVecBits>>, Args...> &, const cute::Tensor<SrcEngine, SrcLayout> &, cute::Tensor<DstEngine, DstLayout> &)" failed deduction
  copy(Copy_Atom<Copy_Traits<AutoVectorizingCopyWithAssumedAlignment<MaxVecBits>>, Args...> const&,
  ^
/home/lcpu/85117379/flashkda-phase1-prefetch-1ce47ea-b300-r2/cutlass/include/cute/algorithm/copy.hpp(375): note #3327-D: candidate function template "cute::copy(const cute::Copy_Traits<cute::SM90_BULK_COPY_AUTO, CT_Args...> &, const cute::Tensor<SrcEngine, SrcLayout> &, cute::Tensor<DstEngine, DstLayout> &)" failed deduction
  copy(Copy_Traits<SM90_BULK_COPY_AUTO, CT_Args...> const& atom,
  ^
/home/lcpu/85117379/flashkda-phase1-prefetch-1ce47ea-b300-r2/cutlass/include/cute/algorithm/copy.hpp(408): note #3327-D: candidate function template "cute::copy(const cute::Copy_Atom<cute::Copy_Traits<cute::SM90_BULK_COPY_AUTO, CT_Args...>, CA_Args...> &, const cute::Tensor<SrcEngine, SrcLayout> &, cute::Tensor<DstEngine, DstLayout> &)" failed deduction
  copy(Copy_Atom<Copy_Traits<SM90_BULK_COPY_AUTO, CT_Args...>, CA_Args...> const& atom,
  ^
/home/lcpu/85117379/flashkda-phase1-prefetch-1ce47ea-b300-r2/cutlass/include/cute/algorithm/copy.hpp(439): note #3327-D: candidate function template "cute::copy(const cute::TiledCopy<CopyAtom, TV, Tiler> &, const cute::Tensor<SrcEngine, SrcLayout> &, cute::Tensor<DstEngine, DstLayout> &)" failed deduction
  copy(TiledCopy<CopyAtom, TV, Tiler> const& tiled_copy,
  ^
/home/lcpu/85117379/flashkda-phase1-prefetch-1ce47ea-b300-r2/cutlass/include/cute/algorithm/copy.hpp(462): note #3327-D: candidate function template "cute::copy(const cute::ThrCopy<TiledCopy, ThrIdx> &, const cute::Tensor<SrcEngine, SrcLayout> &, cute::Tensor<DstEngine, DstLayout> &)" failed deduction
  copy(ThrCopy<TiledCopy, ThrIdx> const& thr_copy,
  ^
/home/lcpu/85117379/flashkda-phase1-prefetch-1ce47ea-b300-r2/cutlass/include/cute/algorithm/copy.hpp(489): note #3327-D: candidate function template "cute::copy(const CopyPolicy &, const cute::Tensor<SrcEngine, SrcLayout> &, cute::Tensor<DstEngine, DstLayout> &)" failed deduction
  copy(CopyPolicy const& cpy,
  ^
/home/lcpu/85117379/flashkda-phase1-prefetch-1ce47ea-b300-r2/cutlass/include/cute/algorithm/copy.hpp(530): note #3322-D: number of parameters of function template "cute::copy(const cute::Tensor<SrcEngine, SrcLayout> &, cute::Tensor<DstEngine, DstLayout> &&)" does not match the call
  copy(Tensor<SrcEngine, SrcLayout> const& src,
  ^
/home/lcpu/85117379/flashkda-phase1-prefetch-1ce47ea-b300-r2/cutlass/include/cute/algorithm/copy.hpp(541): note #3327-D: candidate function template "cute::copy(const CopyPolicy &, const cute::Tensor<SrcEngine, SrcLayout> &, cute::Tensor<DstEngine, DstLayout> &&)" failed deduction
  copy(CopyPolicy const& copy_policy,
  ^
          detected during:
            instantiation of "void _flash_kda_fwd_recurrence_vshard4_p2_phase1pf<TmaLoadV,TmaLoadBeta,TmaLoadWsKD,TmaLoadWsQD,TmaLoadWsKR,TmaLoadWsGT,TmaLoadWsINV,TmaLoadWsMqk,TmaLoadState,TmaStoreState,TmaStoreOut,CHUNK,KDim,VDim,InputStages,OutputStages,NumThreads,HasStateIn,HasStateOut,StateFP32,IsVarlen>(TmaLoadV, TmaLoadBeta, TmaLoadWsKD, TmaLoadWsQD, TmaLoadWsKR, TmaLoadWsGT, TmaLoadWsINV, TmaLoadWsMqk, TmaLoadState, TmaStoreState, TmaStoreOut, cutlass::bfloat16_t *, int, int, int, const int64_t *, int) [with TmaLoadV=cute::TiledCopy<cute::Copy_Atom<cute::Copy_Traits<cute::SM90_TMA_LOAD, cute::C<2048>, cute::AuxTmaParams<cute::tuple<cute::ScaledBasis<cute::C<1>, 2>, cute::ScaledBasis<cute::C<1>, 1>, cute::ScaledBasis<int, 0>>, const cute::Layout<cute::tuple<cute::C<8>, cute::C<16>, cute::C<1>>, cute::tuple<cute::ScaledBasis<cute::C<1>, 2>, cute::ScaledBasis<cute::C<1>, 1>, cute::ScaledBasis<cute::C<1>, 0>>> &, const cute::Swizzle<0, 4, 3> &>>, cutlass::bfloat16_t>, cute::Layout<cute::tuple<cute::_1, cute::tuple<cute::tuple<cute::tuple<cute::C<8>, cute::C<16>>, cute::_4>>>, cute::tuple<cute::C<0>, cute::tuple<cute::tuple<cute::tuple<cute::_16, cute::_1>, cute::_128>>>>, cute::tuple<cute::_1, cute::C<16>, cute::C<32>>>, TmaLoadBeta=cute::TiledCopy<cute::Copy_Atom<cute::Copy_Traits<cute::SM90_TMA_LOAD, cute::C<512>, cute::AuxTmaParams<cute::tuple<cute::ScaledBasis<cute::C<1>, 0>>, const cute::Layout<cute::tuple<cute::_32>, cute::tuple<cute::ScaledBasis<cute::C<1>, 0>>> &, const cute::Swizzle<0, 4, 3> &>>, cutlass::bfloat16_t>, cute::Layout<cute::tuple<cute::_1, cute::tuple<cute::tuple<cute::_32, cute::_1>>>, cute::tuple<cute::C<0>, cute::tuple<cute::tuple<cute::_1, cute::C<0>>>>>, cute::tuple<cute::_32>>, TmaLoadWsKD=cute::TiledCopy<cute::Copy_Atom<cute::Copy_Traits<cute::SM90_TMA_LOAD, cute::C<2048>, cute::AuxTmaParams<cute::tuple<cute::ScaledBasis<cute::C<1>, 2>, cute::ScaledBasis<cute::C<1>, 1>, cute::ScaledBasis<cute::C<1>, 0>>, const cute::Layout<cute::tuple<cute::C<8>, cute::C<16>, cute::C<1>>, cute::tuple<cute::ScaledBasis<cute::C<1>, 2>, cute::ScaledBasis<cute::C<1>, 1>, cute::ScaledBasis<cute::C<1>, 0>>> &, const cute::Swizzle<0, 4, 3> &>>, cutlass::bfloat16_t>, cute::Layout<cute::tuple<cute::_1, cute::tuple<cute::tuple<cute::tuple<cute::C<8>, cute::C<16>>, cute::_16>>>, cute::tuple<cute::C<0>, cute::tuple<cute::tuple<cute::tuple<cute::_16, cute::_1>, cute::_128>>>>, cute::tuple<cute::_1, cute::_16, cute::_128>>, TmaLoadWsQD=cute::TiledCopy<cute::Copy_Atom<cute::Copy_Traits<cute::SM90_TMA_LOAD, cute::C<2048>, cute::AuxTmaParams<cute::tuple<cute::ScaledBasis<cute::C<1>, 2>, cute::ScaledBasis<cute::C<1>, 1>, cute::ScaledBasis<cute::C<1>, 0>>, const cute::Layout<cute::tuple<cute::C<8>, cute::C<16>, cute::C<1>>, cute::tuple<cute::ScaledBasis<cute::C<1>, 2>, cute::ScaledBasis<cute::C<1>, 1>, cute::ScaledBasis<cute::C<1>, 0>>> &, const cute::Swizzle<0, 4, 3> &>>, cutlass::bfloat16_t>, cute::Layout<cute::tuple<cute::_1, cute::tuple<cute::tuple<cute::tuple<cute::C<8>, cute::C<16>>, cute::_16>>>, cute::tuple<cute::C<0>, cute::tuple<cute::tuple<cute::tuple<cute::_16, cute::_1>, cute::_128>>>>, cute::tuple<cute::_1, cute::_16, cute::_128>>, TmaLoadWsKR=cute::TiledCopy<cute::Copy_Atom<cute::Copy_Traits<cute::SM90_TMA_LOAD, cute::C<2048>, cute::AuxTmaParams<cute::tuple<cute::ScaledBasis<cute::C<1>, 2>, cute::ScaledBasis<cute::C<1>, 1>, cute::ScaledBasis<cute::C<1>, 0>>, const cute::Layout<cute::tuple<cute::C<8>, cute::C<16>, cute::C<1>>, cute::tuple<cute::ScaledBasis<cute::C<1>, 2>, cute::ScaledBasis<cute::C<1>, 1>, cute::ScaledBasis<cute::C<1>, 0>>> &, const cute::Swizzle<0, 4, 3> &>>, cutlass::bfloat16_t>, cute::Layout<cute::tuple<cute::_1, cute::tuple<cute::tuple<cute::tuple<cute::C<8>, cute::C<16>>, cute::_16>>>, cute::tuple<cute::C<0>, cute::tuple<cute::tuple<cute::tuple<cute::_16, cute::_1>, cute::_128>>>>, cute::tuple<cute::_1, cute::_16, cute::_128>>, TmaLoadWsGT=cute::TiledCopy<cute::Copy_Atom<cute::Copy_Traits<cute::SM90_TMA_LOAD, cute::C<4096>, cute::AuxTmaParams<cute::tuple<cute::ScaledBasis<cute::C<1>, 1>, cute::ScaledBasis<cute::C<1>, 0>>, const cute::Layout<cute::tuple<cute::_128, cute::_1>, cute::tuple<cute::ScaledBasis<cute::C<1>, 1>, cute::ScaledBasis<cute::C<1>, 0>>> &, const cute::Swizzle<0, 4, 3> &>>, float>, cute::Layout<cute::tuple<cute::_1, cute::tuple<cute::tuple<cute::_128, cute::_1>>>, cute::tuple<cute::C<0>, cute::tuple<cute::tuple<cute::_1, cute::C<0>>>>>, cute::tuple<cute::_1, cute::_128>>, TmaLoadWsINV=cute::TiledCopy<cute::Copy_Atom<cute::Copy_Traits<cute::SM90_TMA_LOAD, cute::C<2048>, cute::AuxTmaParams<cute::tuple<cute::ScaledBasis<cute::C<1>, 2>, cute::ScaledBasis<cute::C<1>, 1>, cute::ScaledBasis<cute::C<1>, 0>>, const cute::Layout<cute::tuple<cute::C<8>, cute::C<16>, cute::C<1>>, cute::tuple<cute::ScaledBasis<cute::C<1>, 2>, cute::ScaledBasis<cute::C<1>, 1>, cute::ScaledBasis<cute::C<1>, 0>>> &, const cute::Swizzle<0, 4, 3> &>>, cutlass::bfloat16_t>, cute::Layout<cute::tuple<cute::_1, cute::tuple<cute::tuple<cute::tuple<cute::C<8>, cute::C<16>>, cute::_2>>>, cute::tuple<cute::C<0>, cute::tuple<cute::tuple<cute::tuple<cute::_16, cute::_1>, cute::_128>>>>, cute::tuple<cute::_1, cute::C<16>, cute::C<16>>>, TmaLoadWsMqk=cute::TiledCopy<cute::Copy_Atom<cute::Copy_Traits<cute::SM90_TMA_LOAD, cute::C<2048>, cute::AuxTmaParams<cute::tuple<cute::ScaledBasis<cute::C<1>, 2>, cute::ScaledBasis<cute::C<1>, 1>, cute::ScaledBasis<cute::C<1>, 0>>, const cute::Layout<cute::tuple<cute::C<8>, cute::C<16>, cute::C<1>>, cute::tuple<cute::ScaledBasis<cute::C<1>, 2>, cute::ScaledBasis<cute::C<1>, 1>, cute::ScaledBasis<cute::C<1>, 0>>> &, const cute::Swizzle<0, 4, 3> &>>, cutlass::bfloat16_t>, cute::Layout<cute::tuple<cute::_1, cute::tuple<cute::tuple<cute::tuple<cute::C<8>, cute::C<16>>, cute::_2>>>, cute::tuple<cute::C<0>, cute::tuple<cute::tuple<cute::tuple<cute::_16, cute::_1>, cute::_128>>>>, cute::tuple<cute::_1, cute::C<16>, cute::C<16>>>, TmaLoadState=cute::TiledCopy<cute::Copy_Atom<cute::Copy_Traits<cute::SM90_TMA_LOAD, cute::C<4096>, cute::AuxTmaParams<cute::tuple<cute::ScaledBasis<cute::C<1>, 2>, cute::ScaledBasis<cute::C<1>, 1>, cute::ScaledBasis<cute::C<1>, 0>>, const cute::Layout<cute::tuple<cute::C<8>, cute::C<32>, cute::C<1>>, cute::tuple<cute::ScaledBasis<cute::C<1>, 2>, cute::ScaledBasis<cute::C<1>, 1>, cute::ScaledBasis<cute::C<1>, 0>>> &, const cute::Swizzle<0, 4, 3> &>>, cutlass::bfloat16_t>, cute::Layout<cute::tuple<cute::_1, cute::tuple<cute::tuple<cute::tuple<cute::C<8>, cute::C<32>>, cute::_16>>>, cute::tuple<cute::C<0>, cute::tuple<cute::tuple<cute::tuple<cute::_32, cute::_1>, cute::_256>>>>, cute::tuple<cute::_1, cute::C<32>, cute::C<128>>>, TmaStoreState=cute::TiledCopy<cute::Copy_Atom<cute::Copy_Traits<cute::SM90_TMA_STORE, cute::C<4096>, cute::AuxTmaParams<cute::tuple<cute::ScaledBasis<cute::C<1>, 2>, cute::ScaledBasis<cute::C<1>, 1>, cute::ScaledBasis<cute::C<1>, 0>>, const cute::Layout<cute::tuple<cute::C<8>, cute::C<32>, cute::C<1>>, cute::tuple<cute::ScaledBasis<cute::C<1>, 2>, cute::ScaledBasis<cute::C<1>, 1>, cute::ScaledBasis<cute::C<1>, 0>>> &, const cute::Swizzle<0, 4, 3> &>>, cutlass::bfloat16_t>, cute::Layout<cute::tuple<cute::_1, cute::tuple<cute::tuple<cute::tuple<cute::C<8>, cute::C<32>>, cute::_16>>>, cute::tuple<cute::C<0>, cute::tuple<cute::tuple<cute::tuple<cute::_32, cute::_1>, cute::_256>>>>, cute::tuple<cute::_1, cute::C<32>, cute::C<128>>>, TmaStoreOut=cute::TiledCopy<cute::Copy_Atom<cute::Copy_Traits<cute::SM90_TMA_STORE, cute::C<2048>, cute::AuxTmaParams<cute::tuple<cute::ScaledBasis<cute::C<1>, 2>, cute::ScaledBasis<cute::C<1>, 1>, cute::ScaledBasis<int, 0>>, const cute::Layout<cute::tuple<cute::C<8>, cute::C<16>, cute::C<1>>, cute::tuple<cute::ScaledBasis<cute::C<1>, 2>, cute::ScaledBasis<cute::C<1>, 1>, cute::ScaledBasis<cute::C<1>, 0>>> &, const cute::Swizzle<0, 4, 3> &>>, cutlass::bfloat16_t>, cute::Layout<cute::tuple<cute::_1, cute::tuple<cute::tuple<cute::tuple<cute::C<8>, cute::C<16>>, cute::_4>>>, cute::tuple<cute::C<0>, cute::tuple<cute::tuple<cute::tuple<cute::_16, cute::_1>, cute::_128>>>>, cute::tuple<cute::_1, cute::C<16>, cute::C<32>>>, CHUNK=16, KDim=128, VDim=32, InputStages=3, OutputStages=2, NumThreads=128, HasStateIn=true, HasStateOut=true, StateFP32=false, IsVarlen=false]" at line 1399 of csrc/smxx/fwd_launch.cu
            instantiation of "void launch_fwd_vshard4_p2_phase1pf<D,HasStateIn,HasStateOut,StateFP32,IsVarlen>(const cutlass::bfloat16_t *, const cutlass::bfloat16_t *, const cutlass::bfloat16_t *, const cutlass::bfloat16_t *, const cutlass::bfloat16_t *, const void *, float, void *, cutlass::bfloat16_t *, void *, int, int, int, int, const int64_t *, const float *, const float *, float, cudaStream_t) [with D=128, HasStateIn=true, HasStateOut=true, StateFP32=false, IsVarlen=false]" at line 1438 of csrc/smxx/fwd_launch.cu

csrc/smxx/fwd_kernel2_vshard4_p2_phase1pf.cuh(687): error: no instance of overloaded function "copy" matches the argument list
            argument types are: (cute::TiledCopy<cute::Copy_Atom<cute::SM75_U32x4_LDSM_N, cutlass::bfloat16_t>, cute::Layout<cute::tuple<cute::tuple<cute::_4, cute::_8>, cute::tuple<cute::tuple<cute::_2, cute::_2, cute::_2>, cute::tuple<cute::_1, cute::_1>>>, cute::tuple<cute::tuple<cute::_32, cute::_1>, cute::tuple<cute::tuple<cute::_16, cute::_8, cute::_128>, cute::tuple<cute::_0, cute::_0>>>>, cute::tuple<cute::C<16>, cute::C<16>>>, cute::Tensor<cute::ViewEngine<cute::smem_ptr<cutlass::bfloat16_t *>>, cute::Layout<cute::tuple<cute::tuple<cute::_8, cute::_1>, cute::_1, cute::_1>, cute::tuple<cute::tuple<cute::_1, cute::C<0>>, cute::C<0>, cute::C<0>>>>, Phase1AInputViewT [2])
              copy(smem_tiled_copy_A, smem_thr_copy_A.partition_S(Mqk), tCrAi_k_view);
              ^
/home/lcpu/85117379/flashkda-phase1-prefetch-1ce47ea-b300-r2/cutlass/include/cute/algorithm/copy.hpp(173): note #3326-D: function template "cute::copy(const cute::AutoCopyAsync &, const cute::Tensor<SrcEngine, SrcLayout> &, cute::Tensor<DstEngine, DstLayout> &)" does not match because argument #1 does not match parameter
  copy(AutoCopyAsync const& cpy,
  ^
/home/lcpu/85117379/flashkda-phase1-prefetch-1ce47ea-b300-r2/cutlass/include/cute/algorithm/copy.hpp(189): note #3327-D: candidate function template "cute::copy(const cute::Copy_Atom<CopyArgs...> &, const cute::Tensor<SrcEngine, SrcLayout> &, cute::Tensor<DstEngine, DstLayout> &)" failed deduction
  copy(Copy_Atom<CopyArgs...> const& copy_atom,
  ^
/home/lcpu/85117379/flashkda-phase1-prefetch-1ce47ea-b300-r2/cutlass/include/cute/algorithm/copy.hpp(247): note #3327-D: candidate function template "cute::copy(const cute::AutoVectorizingCopyWithAssumedAlignment<MaxVecBits> &, const cute::Tensor<SrcEngine, SrcLayout> &, cute::Tensor<DstEngine, DstLayout> &)" failed deduction
  copy(AutoVectorizingCopyWithAssumedAlignment<MaxVecBits> const&,
  ^
/home/lcpu/85117379/flashkda-phase1-prefetch-1ce47ea-b300-r2/cutlass/include/cute/algorithm/copy.hpp(288): note #3327-D: candidate function template "cute::copy(const cute::AutoFilter<CopyOp> &, const cute::Tensor<SrcEngine, SrcLayout> &, cute::Tensor<DstEngine, DstLayout> &)" failed deduction
  copy(AutoFilter<CopyOp> const& copy_op,
  ^
/home/lcpu/85117379/flashkda-phase1-prefetch-1ce47ea-b300-r2/cutlass/include/cute/algorithm/copy.hpp(312): note #3322-D: number of parameters of function template "cute::copy(const cute::Tensor<SrcEngine, SrcLayout> &, cute::Tensor<DstEngine, DstLayout> &)" does not match the call
  copy(Tensor<SrcEngine, SrcLayout> const& src,
  ^
/home/lcpu/85117379/flashkda-phase1-prefetch-1ce47ea-b300-r2/cutlass/include/cute/algorithm/copy.hpp(350): note #3327-D: candidate function template "cute::copy(const cute::Copy_Atom<cute::AutoVectorizingCopyWithAssumedAlignment<MaxVecBits>, Args...> &, const cute::Tensor<SrcEngine, SrcLayout> &, cute::Tensor<DstEngine, DstLayout> &)" failed deduction
  copy(Copy_Atom<AutoVectorizingCopyWithAssumedAlignment<MaxVecBits>, Args...> const&,
  ^
/home/lcpu/85117379/flashkda-phase1-prefetch-1ce47ea-b300-r2/cutlass/include/cute/algorithm/copy.hpp(362): note #3327-D: candidate function template "cute::copy(const cute::Copy_Atom<cute::Copy_Traits<cute::AutoVectorizingCopyWithAssumedAlignment<MaxVecBits>>, Args...> &, const cute::Tensor<SrcEngine, SrcLayout> &, cute::Tensor<DstEngine, DstLayout> &)" failed deduction
  copy(Copy_Atom<Copy_Traits<AutoVectorizingCopyWithAssumedAlignment<MaxVecBits>>, Args...> const&,
  ^
/home/lcpu/85117379/flashkda-phase1-prefetch-1ce47ea-b300-r2/cutlass/include/cute/algorithm/copy.hpp(375): note #3327-D: candidate function template "cute::copy(const cute::Copy_Traits<cute::SM90_BULK_COPY_AUTO, CT_Args...> &, const cute::Tensor<SrcEngine, SrcLayout> &, cute::Tensor<DstEngine, DstLayout> &)" failed deduction
  copy(Copy_Traits<SM90_BULK_COPY_AUTO, CT_Args...> const& atom,
  ^
/home/lcpu/85117379/flashkda-phase1-prefetch-1ce47ea-b300-r2/cutlass/include/cute/algorithm/copy.hpp(408): note #3327-D: candidate function template "cute::copy(const cute::Copy_Atom<cute::Copy_Traits<cute::SM90_BULK_COPY_AUTO, CT_Args...>, CA_Args...> &, const cute::Tensor<SrcEngine, SrcLayout> &, cute::Tensor<DstEngine, DstLayout> &)" failed deduction
  copy(Copy_Atom<Copy_Traits<SM90_BULK_COPY_AUTO, CT_Args...>, CA_Args...> const& atom,
  ^
/home/lcpu/85117379/flashkda-phase1-prefetch-1ce47ea-b300-r2/cutlass/include/cute/algorithm/copy.hpp(439): note #3327-D: candidate function template "cute::copy(const cute::TiledCopy<CopyAtom, TV, Tiler> &, const cute::Tensor<SrcEngine, SrcLayout> &, cute::Tensor<DstEngine, DstLayout> &)" failed deduction
  copy(TiledCopy<CopyAtom, TV, Tiler> const& tiled_copy,
  ^
/home/lcpu/85117379/flashkda-phase1-prefetch-1ce47ea-b300-r2/cutlass/include/cute/algorithm/copy.hpp(462): note #3327-D: candidate function template "cute::copy(const cute::ThrCopy<TiledCopy, ThrIdx> &, const cute::Tensor<SrcEngine, SrcLayout> &, cute::Tensor<DstEngine, DstLayout> &)" failed deduction
  copy(ThrCopy<TiledCopy, ThrIdx> const& thr_copy,
  ^
/home/lcpu/85117379/flashkda-phase1-prefetch-1ce47ea-b300-r2/cutlass/include/cute/algorithm/copy.hpp(489): note #3327-D: candidate function template "cute::copy(const CopyPolicy &, const cute::Tensor<SrcEngine, SrcLayout> &, cute::Tensor<DstEngine, DstLayout> &)" failed deduction
  copy(CopyPolicy const& cpy,
  ^
/home/lcpu/85117379/flashkda-phase1-prefetch-1ce47ea-b300-r2/cutlass/include/cute/algorithm/copy.hpp(530): note #3322-D: number of parameters of function template "cute::copy(const cute::Tensor<SrcEngine, SrcLayout> &, cute::Tensor<DstEngine, DstLayout> &&)" does not match the call
  copy(Tensor<SrcEngine, SrcLayout> const& src,
  ^
/home/lcpu/85117379/flashkda-phase1-prefetch-1ce47ea-b300-r2/cutlass/include/cute/algorithm/copy.hpp(541): note #3327-D: candidate function template "cute::copy(const CopyPolicy &, const cute::Tensor<SrcEngine, SrcLayout> &, cute::Tensor<DstEngine, DstLayout> &&)" failed deduction
  copy(CopyPolicy const& copy_policy,
  ^
          detected during:
            instantiation of "void _flash_kda_fwd_recurrence_vshard4_p2_phase1pf<TmaLoadV,TmaLoadBeta,TmaLoadWsKD,TmaLoadWsQD,TmaLoadWsKR,TmaLoadWsGT,TmaLoadWsINV,TmaLoadWsMqk,TmaLoadState,TmaStoreState,TmaStoreOut,CHUNK,KDim,VDim,InputStages,OutputStages,NumThreads,HasStateIn,HasStateOut,StateFP32,IsVarlen>(TmaLoadV, TmaLoadBeta, TmaLoadWsKD, TmaLoadWsQD, TmaLoadWsKR, TmaLoadWsGT, TmaLoadWsINV, TmaLoadWsMqk, TmaLoadState, TmaStoreState, TmaStoreOut, cutlass::bfloat16_t *, int, int, int, const int64_t *, int) [with TmaLoadV=cute::TiledCopy<cute::Copy_Atom<cute::Copy_Traits<cute::SM90_TMA_LOAD, cute::C<2048>, cute::AuxTmaParams<cute::tuple<cute::ScaledBasis<cute::C<1>, 2>, cute::ScaledBasis<cute::C<1>, 1>, cute::ScaledBasis<int, 0>>, const cute::Layout<cute::tuple<cute::C<8>, cute::C<16>, cute::C<1>>, cute::tuple<cute::ScaledBasis<cute::C<1>, 2>, cute::ScaledBasis<cute::C<1>, 1>, cute::ScaledBasis<cute::C<1>, 0>>> &, const cute::Swizzle<0, 4, 3> &>>, cutlass::bfloat16_t>, cute::Layout<cute::tuple<cute::_1, cute::tuple<cute::tuple<cute::tuple<cute::C<8>, cute::C<16>>, cute::_4>>>, cute::tuple<cute::C<0>, cute::tuple<cute::tuple<cute::tuple<cute::_16, cute::_1>, cute::_128>>>>, cute::tuple<cute::_1, cute::C<16>, cute::C<32>>>, TmaLoadBeta=cute::TiledCopy<cute::Copy_Atom<cute::Copy_Traits<cute::SM90_TMA_LOAD, cute::C<512>, cute::AuxTmaParams<cute::tuple<cute::ScaledBasis<cute::C<1>, 0>>, const cute::Layout<cute::tuple<cute::_32>, cute::tuple<cute::ScaledBasis<cute::C<1>, 0>>> &, const cute::Swizzle<0, 4, 3> &>>, cutlass::bfloat16_t>, cute::Layout<cute::tuple<cute::_1, cute::tuple<cute::tuple<cute::_32, cute::_1>>>, cute::tuple<cute::C<0>, cute::tuple<cute::tuple<cute::_1, cute::C<0>>>>>, cute::tuple<cute::_32>>, TmaLoadWsKD=cute::TiledCopy<cute::Copy_Atom<cute::Copy_Traits<cute::SM90_TMA_LOAD, cute::C<2048>, cute::AuxTmaParams<cute::tuple<cute::ScaledBasis<cute::C<1>, 2>, cute::ScaledBasis<cute::C<1>, 1>, cute::ScaledBasis<cute::C<1>, 0>>, const cute::Layout<cute::tuple<cute::C<8>, cute::C<16>, cute::C<1>>, cute::tuple<cute::ScaledBasis<cute::C<1>, 2>, cute::ScaledBasis<cute::C<1>, 1>, cute::ScaledBasis<cute::C<1>, 0>>> &, const cute::Swizzle<0, 4, 3> &>>, cutlass::bfloat16_t>, cute::Layout<cute::tuple<cute::_1, cute::tuple<cute::tuple<cute::tuple<cute::C<8>, cute::C<16>>, cute::_16>>>, cute::tuple<cute::C<0>, cute::tuple<cute::tuple<cute::tuple<cute::_16, cute::_1>, cute::_128>>>>, cute::tuple<cute::_1, cute::_16, cute::_128>>, TmaLoadWsQD=cute::TiledCopy<cute::Copy_Atom<cute::Copy_Traits<cute::SM90_TMA_LOAD, cute::C<2048>, cute::AuxTmaParams<cute::tuple<cute::ScaledBasis<cute::C<1>, 2>, cute::ScaledBasis<cute::C<1>, 1>, cute::ScaledBasis<cute::C<1>, 0>>, const cute::Layout<cute::tuple<cute::C<8>, cute::C<16>, cute::C<1>>, cute::tuple<cute::ScaledBasis<cute::C<1>, 2>, cute::ScaledBasis<cute::C<1>, 1>, cute::ScaledBasis<cute::C<1>, 0>>> &, const cute::Swizzle<0, 4, 3> &>>, cutlass::bfloat16_t>, cute::Layout<cute::tuple<cute::_1, cute::tuple<cute::tuple<cute::tuple<cute::C<8>, cute::C<16>>, cute::_16>>>, cute::tuple<cute::C<0>, cute::tuple<cute::tuple<cute::tuple<cute::_16, cute::_1>, cute::_128>>>>, cute::tuple<cute::_1, cute::_16, cute::_128>>, TmaLoadWsKR=cute::TiledCopy<cute::Copy_Atom<cute::Copy_Traits<cute::SM90_TMA_LOAD, cute::C<2048>, cute::AuxTmaParams<cute::tuple<cute::ScaledBasis<cute::C<1>, 2>, cute::ScaledBasis<cute::C<1>, 1>, cute::ScaledBasis<cute::C<1>, 0>>, const cute::Layout<cute::tuple<cute::C<8>, cute::C<16>, cute::C<1>>, cute::tuple<cute::ScaledBasis<cute::C<1>, 2>, cute::ScaledBasis<cute::C<1>, 1>, cute::ScaledBasis<cute::C<1>, 0>>> &, const cute::Swizzle<0, 4, 3> &>>, cutlass::bfloat16_t>, cute::Layout<cute::tuple<cute::_1, cute::tuple<cute::tuple<cute::tuple<cute::C<8>, cute::C<16>>, cute::_16>>>, cute::tuple<cute::C<0>, cute::tuple<cute::tuple<cute::tuple<cute::_16, cute::_1>, cute::_128>>>>, cute::tuple<cute::_1, cute::_16, cute::_128>>, TmaLoadWsGT=cute::TiledCopy<cute::Copy_Atom<cute::Copy_Traits<cute::SM90_TMA_LOAD, cute::C<4096>, cute::AuxTmaParams<cute::tuple<cute::ScaledBasis<cute::C<1>, 1>, cute::ScaledBasis<cute::C<1>, 0>>, const cute::Layout<cute::tuple<cute::_128, cute::_1>, cute::tuple<cute::ScaledBasis<cute::C<1>, 1>, cute::ScaledBasis<cute::C<1>, 0>>> &, const cute::Swizzle<0, 4, 3> &>>, float>, cute::Layout<cute::tuple<cute::_1, cute::tuple<cute::tuple<cute::_128, cute::_1>>>, cute::tuple<cute::C<0>, cute::tuple<cute::tuple<cute::_1, cute::C<0>>>>>, cute::tuple<cute::_1, cute::_128>>, TmaLoadWsINV=cute::TiledCopy<cute::Copy_Atom<cute::Copy_Traits<cute::SM90_TMA_LOAD, cute::C<2048>, cute::AuxTmaParams<cute::tuple<cute::ScaledBasis<cute::C<1>, 2>, cute::ScaledBasis<cute::C<1>, 1>, cute::ScaledBasis<cute::C<1>, 0>>, const cute::Layout<cute::tuple<cute::C<8>, cute::C<16>, cute::C<1>>, cute::tuple<cute::ScaledBasis<cute::C<1>, 2>, cute::ScaledBasis<cute::C<1>, 1>, cute::ScaledBasis<cute::C<1>, 0>>> &, const cute::Swizzle<0, 4, 3> &>>, cutlass::bfloat16_t>, cute::Layout<cute::tuple<cute::_1, cute::tuple<cute::tuple<cute::tuple<cute::C<8>, cute::C<16>>, cute::_2>>>, cute::tuple<cute::C<0>, cute::tuple<cute::tuple<cute::tuple<cute::_16, cute::_1>, cute::_128>>>>, cute::tuple<cute::_1, cute::C<16>, cute::C<16>>>, TmaLoadWsMqk=cute::TiledCopy<cute::Copy_Atom<cute::Copy_Traits<cute::SM90_TMA_LOAD, cute::C<2048>, cute::AuxTmaParams<cute::tuple<cute::ScaledBasis<cute::C<1>, 2>, cute::ScaledBasis<cute::C<1>, 1>, cute::ScaledBasis<cute::C<1>, 0>>, const cute::Layout<cute::tuple<cute::C<8>, cute::C<16>, cute::C<1>>, cute::tuple<cute::ScaledBasis<cute::C<1>, 2>, cute::ScaledBasis<cute::C<1>, 1>, cute::ScaledBasis<cute::C<1>, 0>>> &, const cute::Swizzle<0, 4, 3> &>>, cutlass::bfloat16_t>, cute::Layout<cute::tuple<cute::_1, cute::tuple<cute::tuple<cute::tuple<cute::C<8>, cute::C<16>>, cute::_2>>>, cute::tuple<cute::C<0>, cute::tuple<cute::tuple<cute::tuple<cute::_16, cute::_1>, cute::_128>>>>, cute::tuple<cute::_1, cute::C<16>, cute::C<16>>>, TmaLoadState=cute::TiledCopy<cute::Copy_Atom<cute::Copy_Traits<cute::SM90_TMA_LOAD, cute::C<4096>, cute::AuxTmaParams<cute::tuple<cute::ScaledBasis<cute::C<1>, 2>, cute::ScaledBasis<cute::C<1>, 1>, cute::ScaledBasis<cute::C<1>, 0>>, const cute::Layout<cute::tuple<cute::C<8>, cute::C<32>, cute::C<1>>, cute::tuple<cute::ScaledBasis<cute::C<1>, 2>, cute::ScaledBasis<cute::C<1>, 1>, cute::ScaledBasis<cute::C<1>, 0>>> &, const cute::Swizzle<0, 4, 3> &>>, cutlass::bfloat16_t>, cute::Layout<cute::tuple<cute::_1, cute::tuple<cute::tuple<cute::tuple<cute::C<8>, cute::C<32>>, cute::_16>>>, cute::tuple<cute::C<0>, cute::tuple<cute::tuple<cute::tuple<cute::_32, cute::_1>, cute::_256>>>>, cute::tuple<cute::_1, cute::C<32>, cute::C<128>>>, TmaStoreState=cute::TiledCopy<cute::Copy_Atom<cute::Copy_Traits<cute::SM90_TMA_STORE, cute::C<4096>, cute::AuxTmaParams<cute::tuple<cute::ScaledBasis<cute::C<1>, 2>, cute::ScaledBasis<cute::C<1>, 1>, cute::ScaledBasis<cute::C<1>, 0>>, const cute::Layout<cute::tuple<cute::C<8>, cute::C<32>, cute::C<1>>, cute::tuple<cute::ScaledBasis<cute::C<1>, 2>, cute::ScaledBasis<cute::C<1>, 1>, cute::ScaledBasis<cute::C<1>, 0>>> &, const cute::Swizzle<0, 4, 3> &>>, cutlass::bfloat16_t>, cute::Layout<cute::tuple<cute::_1, cute::tuple<cute::tuple<cute::tuple<cute::C<8>, cute::C<32>>, cute::_16>>>, cute::tuple<cute::C<0>, cute::tuple<cute::tuple<cute::tuple<cute::_32, cute::_1>, cute::_256>>>>, cute::tuple<cute::_1, cute::C<32>, cute::C<128>>>, TmaStoreOut=cute::TiledCopy<cute::Copy_Atom<cute::Copy_Traits<cute::SM90_TMA_STORE, cute::C<2048>, cute::AuxTmaParams<cute::tuple<cute::ScaledBasis<cute::C<1>, 2>, cute::ScaledBasis<cute::C<1>, 1>, cute::ScaledBasis<int, 0>>, const cute::Layout<cute::tuple<cute::C<8>, cute::C<16>, cute::C<1>>, cute::tuple<cute::ScaledBasis<cute::C<1>, 2>, cute::ScaledBasis<cute::C<1>, 1>, cute::ScaledBasis<cute::C<1>, 0>>> &, const cute::Swizzle<0, 4, 3> &>>, cutlass::bfloat16_t>, cute::Layout<cute::tuple<cute::_1, cute::tuple<cute::tuple<cute::tuple<cute::C<8>, cute::C<16>>, cute::_4>>>, cute::tuple<cute::C<0>, cute::tuple<cute::tuple<cute::tuple<cute::_16, cute::_1>, cute::_128>>>>, cute::tuple<cute::_1, cute::C<16>, cute::C<32>>>, CHUNK=16, KDim=128, VDim=32, InputStages=3, OutputStages=2, NumThreads=128, HasStateIn=true, HasStateOut=true, StateFP32=false, IsVarlen=false]" at line 1399 of csrc/smxx/fwd_launch.cu
            instantiation of "void launch_fwd_vshard4_p2_phase1pf<D,HasStateIn,HasStateOut,StateFP32,IsVarlen>(const cutlass::bfloat16_t *, const cutlass::bfloat16_t *, const cutlass::bfloat16_t *, const cutlass::bfloat16_t *, const cutlass::bfloat16_t *, const void *, float, void *, cutlass::bfloat16_t *, void *, int, int, int, int, const int64_t *, const float *, const float *, float, cudaStream_t) [with D=128, HasStateIn=true, HasStateOut=true, StateFP32=false, IsVarlen=false]" at line 1438 of csrc/smxx/fwd_launch.cu

csrc/smxx/fwd_kernel2_vshard4_p2_phase1pf.cuh(644): error: no instance of overloaded function "copy" matches the argument list
            argument types are: (cute::TiledCopy<cute::Copy_Atom<cute::SM75_U32x4_LDSM_N, cutlass::bfloat16_t>, cute::Layout<cute::tuple<cute::tuple<cute::_4, cute::_8>, cute::tuple<cute::tuple<cute::_2, cute::_2, cute::_2>, cute::tuple<cute::_1, cute::_1>>>, cute::tuple<cute::tuple<cute::_32, cute::_1>, cute::tuple<cute::tuple<cute::_16, cute::_8, cute::_128>, cute::tuple<cute::_0, cute::_0>>>>, cute::tuple<cute::C<16>, cute::C<16>>>, cute::Tensor<cute::ViewEngine<cute::smem_ptr<cutlass::bfloat16_t *>>, cute::Layout<cute::tuple<cute::tuple<cute::_8, cute::_1>, cute::_1, cute::_1>, cute::tuple<cute::tuple<cute::_1, cute::C<0>>, cute::C<0>, cute::C<0>>>>, Phase1AInputViewT [2])
              copy(smem_tiled_copy_A, smem_thr_copy_A.partition_S(INV), tCrAi_k_view);
              ^
/home/lcpu/85117379/flashkda-phase1-prefetch-1ce47ea-b300-r2/cutlass/include/cute/algorithm/copy.hpp(173): note #3326-D: function template "cute::copy(const cute::AutoCopyAsync &, const cute::Tensor<SrcEngine, SrcLayout> &, cute::Tensor<DstEngine, DstLayout> &)" does not match because argument #1 does not match parameter
  copy(AutoCopyAsync const& cpy,
  ^
/home/lcpu/85117379/flashkda-phase1-prefetch-1ce47ea-b300-r2/cutlass/include/cute/algorithm/copy.hpp(189): note #3327-D: candidate function template "cute::copy(const cute::Copy_Atom<CopyArgs...> &, const cute::Tensor<SrcEngine, SrcLayout> &, cute::Tensor<DstEngine, DstLayout> &)" failed deduction
  copy(Copy_Atom<CopyArgs...> const& copy_atom,
  ^
/home/lcpu/85117379/flashkda-phase1-prefetch-1ce47ea-b300-r2/cutlass/include/cute/algorithm/copy.hpp(247): note #3327-D: candidate function template "cute::copy(const cute::AutoVectorizingCopyWithAssumedAlignment<MaxVecBits> &, const cute::Tensor<SrcEngine, SrcLayout> &, cute::Tensor<DstEngine, DstLayout> &)" failed deduction
  copy(AutoVectorizingCopyWithAssumedAlignment<MaxVecBits> const&,
  ^
/home/lcpu/85117379/flashkda-phase1-prefetch-1ce47ea-b300-r2/cutlass/include/cute/algorithm/copy.hpp(288): note #3327-D: candidate function template "cute::copy(const cute::AutoFilter<CopyOp> &, const cute::Tensor<SrcEngine, SrcLayout> &, cute::Tensor<DstEngine, DstLayout> &)" failed deduction
  copy(AutoFilter<CopyOp> const& copy_op,
  ^
/home/lcpu/85117379/flashkda-phase1-prefetch-1ce47ea-b300-r2/cutlass/include/cute/algorithm/copy.hpp(312): note #3322-D: number of parameters of function template "cute::copy(const cute::Tensor<SrcEngine, SrcLayout> &, cute::Tensor<DstEngine, DstLayout> &)" does not match the call
  copy(Tensor<SrcEngine, SrcLayout> const& src,
  ^
/home/lcpu/85117379/flashkda-phase1-prefetch-1ce47ea-b300-r2/cutlass/include/cute/algorithm/copy.hpp(350): note #3327-D: candidate function template "cute::copy(const cute::Copy_Atom<cute::AutoVectorizingCopyWithAssumedAlignment<MaxVecBits>, Args...> &, const cute::Tensor<SrcEngine, SrcLayout> &, cute::Tensor<DstEngine, DstLayout> &)" failed deduction
  copy(Copy_Atom<AutoVectorizingCopyWithAssumedAlignment<MaxVecBits>, Args...> const&,
  ^
/home/lcpu/85117379/flashkda-phase1-prefetch-1ce47ea-b300-r2/cutlass/include/cute/algorithm/copy.hpp(362): note #3327-D: candidate function template "cute::copy(const cute::Copy_Atom<cute::Copy_Traits<cute::AutoVectorizingCopyWithAssumedAlignment<MaxVecBits>>, Args...> &, const cute::Tensor<SrcEngine, SrcLayout> &, cute::Tensor<DstEngine, DstLayout> &)" failed deduction
  copy(Copy_Atom<Copy_Traits<AutoVectorizingCopyWithAssumedAlignment<MaxVecBits>>, Args...> const&,
  ^
/home/lcpu/85117379/flashkda-phase1-prefetch-1ce47ea-b300-r2/cutlass/include/cute/algorithm/copy.hpp(375): note #3327-D: candidate function template "cute::copy(const cute::Copy_Traits<cute::SM90_BULK_COPY_AUTO, CT_Args...> &, const cute::Tensor<SrcEngine, SrcLayout> &, cute::Tensor<DstEngine, DstLayout> &)" failed deduction
  copy(Copy_Traits<SM90_BULK_COPY_AUTO, CT_Args...> const& atom,
  ^
/home/lcpu/85117379/flashkda-phase1-prefetch-1ce47ea-b300-r2/cutlass/include/cute/algorithm/copy.hpp(408): note #3327-D: candidate function template "cute::copy(const cute::Copy_Atom<cute::Copy_Traits<cute::SM90_BULK_COPY_AUTO, CT_Args...>, CA_Args...> &, const cute::Tensor<SrcEngine, SrcLayout> &, cute::Tensor<DstEngine, DstLayout> &)" failed deduction
  copy(Copy_Atom<Copy_Traits<SM90_BULK_COPY_AUTO, CT_Args...>, CA_Args...> const& atom,
  ^
/home/lcpu/85117379/flashkda-phase1-prefetch-1ce47ea-b300-r2/cutlass/include/cute/algorithm/copy.hpp(439): note #3327-D: candidate function template "cute::copy(const cute::TiledCopy<CopyAtom, TV, Tiler> &, const cute::Tensor<SrcEngine, SrcLayout> &, cute::Tensor<DstEngine, DstLayout> &)" failed deduction
  copy(TiledCopy<CopyAtom, TV, Tiler> const& tiled_copy,
  ^
/home/lcpu/85117379/flashkda-phase1-prefetch-1ce47ea-b300-r2/cutlass/include/cute/algorithm/copy.hpp(462): note #3327-D: candidate function template "cute::copy(const cute::ThrCopy<TiledCopy, ThrIdx> &, const cute::Tensor<SrcEngine, SrcLayout> &, cute::Tensor<DstEngine, DstLayout> &)" failed deduction
  copy(ThrCopy<TiledCopy, ThrIdx> const& thr_copy,
  ^
/home/lcpu/85117379/flashkda-phase1-prefetch-1ce47ea-b300-r2/cutlass/include/cute/algorithm/copy.hpp(489): note #3327-D: candidate function template "cute::copy(const CopyPolicy &, const cute::Tensor<SrcEngine, SrcLayout> &, cute::Tensor<DstEngine, DstLayout> &)" failed deduction
  copy(CopyPolicy const& cpy,
  ^
/home/lcpu/85117379/flashkda-phase1-prefetch-1ce47ea-b300-r2/cutlass/include/cute/algorithm/copy.hpp(530): note #3322-D: number of parameters of function template "cute::copy(const cute::Tensor<SrcEngine, SrcLayout> &, cute::Tensor<DstEngine, DstLayout> &&)" does not match the call
  copy(Tensor<SrcEngine, SrcLayout> const& src,
  ^
/home/lcpu/85117379/flashkda-phase1-prefetch-1ce47ea-b300-r2/cutlass/include/cute/algorithm/copy.hpp(541): note #3327-D: candidate function template "cute::copy(const CopyPolicy &, const cute::Tensor<SrcEngine, SrcLayout> &, cute::Tensor<DstEngine, DstLayout> &&)" failed deduction
  copy(CopyPolicy const& copy_policy,
  ^
          detected during:
            instantiation of "void _flash_kda_fwd_recurrence_vshard4_p2_phase1pf<TmaLoadV,TmaLoadBeta,TmaLoadWsKD,TmaLoadWsQD,TmaLoadWsKR,TmaLoadWsGT,TmaLoadWsINV,TmaLoadWsMqk,TmaLoadState,TmaStoreState,TmaStoreOut,CHUNK,KDim,VDim,InputStages,OutputStages,NumThreads,HasStateIn,HasStateOut,StateFP32,IsVarlen>(TmaLoadV, TmaLoadBeta, TmaLoadWsKD, TmaLoadWsQD, TmaLoadWsKR, TmaLoadWsGT, TmaLoadWsINV, TmaLoadWsMqk, TmaLoadState, TmaStoreState, TmaStoreOut, cutlass::bfloat16_t *, int, int, int, const int64_t *, int) [with TmaLoadV=cute::TiledCopy<cute::Copy_Atom<cute::Copy_Traits<cute::SM90_TMA_LOAD, cute::C<2048>, cute::AuxTmaParams<cute::tuple<cute::ScaledBasis<cute::C<1>, 2>, cute::ScaledBasis<cute::C<1>, 1>, cute::ScaledBasis<int, 0>>, const cute::Layout<cute::tuple<cute::C<8>, cute::C<16>, cute::C<1>>, cute::tuple<cute::ScaledBasis<cute::C<1>, 2>, cute::ScaledBasis<cute::C<1>, 1>, cute::ScaledBasis<cute::C<1>, 0>>> &, const cute::Swizzle<0, 4, 3> &>>, cutlass::bfloat16_t>, cute::Layout<cute::tuple<cute::_1, cute::tuple<cute::tuple<cute::tuple<cute::C<8>, cute::C<16>>, cute::_4>>>, cute::tuple<cute::C<0>, cute::tuple<cute::tuple<cute::tuple<cute::_16, cute::_1>, cute::_128>>>>, cute::tuple<cute::_1, cute::C<16>, cute::C<32>>>, TmaLoadBeta=cute::TiledCopy<cute::Copy_Atom<cute::Copy_Traits<cute::SM90_TMA_LOAD, cute::C<512>, cute::AuxTmaParams<cute::tuple<cute::ScaledBasis<cute::C<1>, 0>>, const cute::Layout<cute::tuple<cute::_32>, cute::tuple<cute::ScaledBasis<cute::C<1>, 0>>> &, const cute::Swizzle<0, 4, 3> &>>, cutlass::bfloat16_t>, cute::Layout<cute::tuple<cute::_1, cute::tuple<cute::tuple<cute::_32, cute::_1>>>, cute::tuple<cute::C<0>, cute::tuple<cute::tuple<cute::_1, cute::C<0>>>>>, cute::tuple<cute::_32>>, TmaLoadWsKD=cute::TiledCopy<cute::Copy_Atom<cute::Copy_Traits<cute::SM90_TMA_LOAD, cute::C<2048>, cute::AuxTmaParams<cute::tuple<cute::ScaledBasis<cute::C<1>, 2>, cute::ScaledBasis<cute::C<1>, 1>, cute::ScaledBasis<cute::C<1>, 0>>, const cute::Layout<cute::tuple<cute::C<8>, cute::C<16>, cute::C<1>>, cute::tuple<cute::ScaledBasis<cute::C<1>, 2>, cute::ScaledBasis<cute::C<1>, 1>, cute::ScaledBasis<cute::C<1>, 0>>> &, const cute::Swizzle<0, 4, 3> &>>, cutlass::bfloat16_t>, cute::Layout<cute::tuple<cute::_1, cute::tuple<cute::tuple<cute::tuple<cute::C<8>, cute::C<16>>, cute::_16>>>, cute::tuple<cute::C<0>, cute::tuple<cute::tuple<cute::tuple<cute::_16, cute::_1>, cute::_128>>>>, cute::tuple<cute::_1, cute::_16, cute::_128>>, TmaLoadWsQD=cute::TiledCopy<cute::Copy_Atom<cute::Copy_Traits<cute::SM90_TMA_LOAD, cute::C<2048>, cute::AuxTmaParams<cute::tuple<cute::ScaledBasis<cute::C<1>, 2>, cute::ScaledBasis<cute::C<1>, 1>, cute::ScaledBasis<cute::C<1>, 0>>, const cute::Layout<cute::tuple<cute::C<8>, cute::C<16>, cute::C<1>>, cute::tuple<cute::ScaledBasis<cute::C<1>, 2>, cute::ScaledBasis<cute::C<1>, 1>, cute::ScaledBasis<cute::C<1>, 0>>> &, const cute::Swizzle<0, 4, 3> &>>, cutlass::bfloat16_t>, cute::Layout<cute::tuple<cute::_1, cute::tuple<cute::tuple<cute::tuple<cute::C<8>, cute::C<16>>, cute::_16>>>, cute::tuple<cute::C<0>, cute::tuple<cute::tuple<cute::tuple<cute::_16, cute::_1>, cute::_128>>>>, cute::tuple<cute::_1, cute::_16, cute::_128>>, TmaLoadWsKR=cute::TiledCopy<cute::Copy_Atom<cute::Copy_Traits<cute::SM90_TMA_LOAD, cute::C<2048>, cute::AuxTmaParams<cute::tuple<cute::ScaledBasis<cute::C<1>, 2>, cute::ScaledBasis<cute::C<1>, 1>, cute::ScaledBasis<cute::C<1>, 0>>, const cute::Layout<cute::tuple<cute::C<8>, cute::C<16>, cute::C<1>>, cute::tuple<cute::ScaledBasis<cute::C<1>, 2>, cute::ScaledBasis<cute::C<1>, 1>, cute::ScaledBasis<cute::C<1>, 0>>> &, const cute::Swizzle<0, 4, 3> &>>, cutlass::bfloat16_t>, cute::Layout<cute::tuple<cute::_1, cute::tuple<cute::tuple<cute::tuple<cute::C<8>, cute::C<16>>, cute::_16>>>, cute::tuple<cute::C<0>, cute::tuple<cute::tuple<cute::tuple<cute::_16, cute::_1>, cute::_128>>>>, cute::tuple<cute::_1, cute::_16, cute::_128>>, TmaLoadWsGT=cute::TiledCopy<cute::Copy_Atom<cute::Copy_Traits<cute::SM90_TMA_LOAD, cute::C<4096>, cute::AuxTmaParams<cute::tuple<cute::ScaledBasis<cute::C<1>, 1>, cute::ScaledBasis<cute::C<1>, 0>>, const cute::Layout<cute::tuple<cute::_128, cute::_1>, cute::tuple<cute::ScaledBasis<cute::C<1>, 1>, cute::ScaledBasis<cute::C<1>, 0>>> &, const cute::Swizzle<0, 4, 3> &>>, float>, cute::Layout<cute::tuple<cute::_1, cute::tuple<cute::tuple<cute::_128, cute::_1>>>, cute::tuple<cute::C<0>, cute::tuple<cute::tuple<cute::_1, cute::C<0>>>>>, cute::tuple<cute::_1, cute::_128>>, TmaLoadWsINV=cute::TiledCopy<cute::Copy_Atom<cute::Copy_Traits<cute::SM90_TMA_LOAD, cute::C<2048>, cute::AuxTmaParams<cute::tuple<cute::ScaledBasis<cute::C<1>, 2>, cute::ScaledBasis<cute::C<1>, 1>, cute::ScaledBasis<cute::C<1>, 0>>, const cute::Layout<cute::tuple<cute::C<8>, cute::C<16>, cute::C<1>>, cute::tuple<cute::ScaledBasis<cute::C<1>, 2>, cute::ScaledBasis<cute::C<1>, 1>, cute::ScaledBasis<cute::C<1>, 0>>> &, const cute::Swizzle<0, 4, 3> &>>, cutlass::bfloat16_t>, cute::Layout<cute::tuple<cute::_1, cute::tuple<cute::tuple<cute::tuple<cute::C<8>, cute::C<16>>, cute::_2>>>, cute::tuple<cute::C<0>, cute::tuple<cute::tuple<cute::tuple<cute::_16, cute::_1>, cute::_128>>>>, cute::tuple<cute::_1, cute::C<16>, cute::C<16>>>, TmaLoadWsMqk=cute::TiledCopy<cute::Copy_Atom<cute::Copy_Traits<cute::SM90_TMA_LOAD, cute::C<2048>, cute::AuxTmaParams<cute::tuple<cute::ScaledBasis<cute::C<1>, 2>, cute::ScaledBasis<cute::C<1>, 1>, cute::ScaledBasis<cute::C<1>, 0>>, const cute::Layout<cute::tuple<cute::C<8>, cute::C<16>, cute::C<1>>, cute::tuple<cute::ScaledBasis<cute::C<1>, 2>, cute::ScaledBasis<cute::C<1>, 1>, cute::ScaledBasis<cute::C<1>, 0>>> &, const cute::Swizzle<0, 4, 3> &>>, cutlass::bfloat16_t>, cute::Layout<cute::tuple<cute::_1, cute::tuple<cute::tuple<cute::tuple<cute::C<8>, cute::C<16>>, cute::_2>>>, cute::tuple<cute::C<0>, cute::tuple<cute::tuple<cute::tuple<cute::_16, cute::_1>, cute::_128>>>>, cute::tuple<cute::_1, cute::C<16>, cute::C<16>>>, TmaLoadState=cute::TiledCopy<cute::Copy_Atom<cute::Copy_Traits<cute::SM90_TMA_LOAD, cute::C<8192>, cute::AuxTmaParams<cute::tuple<cute::ScaledBasis<cute::C<1>, 2>, cute::ScaledBasis<cute::C<1>, 1>, cute::ScaledBasis<cute::C<1>, 0>>, const cute::Layout<cute::tuple<cute::C<8>, cute::C<32>, cute::C<1>>, cute::tuple<cute::ScaledBasis<cute::C<1>, 2>, cute::ScaledBasis<cute::C<1>, 1>, cute::ScaledBasis<cute::C<1>, 0>>> &, const cute::Swizzle<1, 4, 3> &>>, float>, cute::Layout<cute::tuple<cute::_1, cute::tuple<cute::tuple<cute::tuple<cute::C<8>, cute::C<32>>, cute::_16>>>, cute::tuple<cute::C<0>, cute::tuple<cute::tuple<cute::tuple<cute::_32, cute::_1>, cute::_256>>>>, cute::tuple<cute::_1, cute::C<32>, cute::C<128>>>, TmaStoreState=cute::TiledCopy<cute::Copy_Atom<cute::Copy_Traits<cute::SM90_TMA_STORE, cute::C<8192>, cute::AuxTmaParams<cute::tuple<cute::ScaledBasis<cute::C<1>, 2>, cute::ScaledBasis<cute::C<1>, 1>, cute::ScaledBasis<cute::C<1>, 0>>, const cute::Layout<cute::tuple<cute::C<8>, cute::C<32>, cute::C<1>>, cute::tuple<cute::ScaledBasis<cute::C<1>, 2>, cute::ScaledBasis<cute::C<1>, 1>, cute::ScaledBasis<cute::C<1>, 0>>> &, const cute::Swizzle<1, 4, 3> &>>, float>, cute::Layout<cute::tuple<cute::_1, cute::tuple<cute::tuple<cute::tuple<cute::C<8>, cute::C<32>>, cute::_16>>>, cute::tuple<cute::C<0>, cute::tuple<cute::tuple<cute::tuple<cute::_32, cute::_1>, cute::_256>>>>, cute::tuple<cute::_1, cute::C<32>, cute::C<128>>>, TmaStoreOut=cute::TiledCopy<cute::Copy_Atom<cute::Copy_Traits<cute::SM90_TMA_STORE, cute::C<2048>, cute::AuxTmaParams<cute::tuple<cute::ScaledBasis<cute::C<1>, 2>, cute::ScaledBasis<cute::C<1>, 1>, cute::ScaledBasis<int, 0>>, const cute::Layout<cute::tuple<cute::C<8>, cute::C<16>, cute::C<1>>, cute::tuple<cute::ScaledBasis<cute::C<1>, 2>, cute::ScaledBasis<cute::C<1>, 1>, cute::ScaledBasis<cute::C<1>, 0>>> &, const cute::Swizzle<0, 4, 3> &>>, cutlass::bfloat16_t>, cute::Layout<cute::tuple<cute::_1, cute::tuple<cute::tuple<cute::tuple<cute::C<8>, cute::C<16>>, cute::_4>>>, cute::tuple<cute::C<0>, cute::tuple<cute::tuple<cute::tuple<cute::_16, cute::_1>, cute::_128>>>>, cute::tuple<cute::_1, cute::C<16>, cute::C<32>>>, CHUNK=16, KDim=128, VDim=32, InputStages=3, OutputStages=2, NumThreads=128, HasStateIn=true, HasStateOut=true, StateFP32=true, IsVarlen=false]" at line 1399 of csrc/smxx/fwd_launch.cu
            instantiation of "void launch_fwd_vshard4_p2_phase1pf<D,HasStateIn,HasStateOut,StateFP32,IsVarlen>(const cutlass::bfloat16_t *, const cutlass::bfloat16_t *, const cutlass::bfloat16_t *, const cutlass::bfloat16_t *, const cutlass::bfloat16_t *, const void *, float, void *, cutlass::bfloat16_t *, void *, int, int, int, int, const int64_t *, const float *, const float *, float, cudaStream_t) [with D=128, HasStateIn=true, HasStateOut=true, StateFP32=true, IsVarlen=false]" at line 1438 of csrc/smxx/fwd_launch.cu

csrc/smxx/fwd_kernel2_vshard4_p2_phase1pf.cuh(687): error: no instance of overloaded function "copy" matches the argument list
            argument types are: (cute::TiledCopy<cute::Copy_Atom<cute::SM75_U32x4_LDSM_N, cutlass::bfloat16_t>, cute::Layout<cute::tuple<cute::tuple<cute::_4, cute::_8>, cute::tuple<cute::tuple<cute::_2, cute::_2, cute::_2>, cute::tuple<cute::_1, cute::_1>>>, cute::tuple<cute::tuple<cute::_32, cute::_1>, cute::tuple<cute::tuple<cute::_16, cute::_8, cute::_128>, cute::tuple<cute::_0, cute::_0>>>>, cute::tuple<cute::C<16>, cute::C<16>>>, cute::Tensor<cute::ViewEngine<cute::smem_ptr<cutlass::bfloat16_t *>>, cute::Layout<cute::tuple<cute::tuple<cute::_8, cute::_1>, cute::_1, cute::_1>, cute::tuple<cute::tuple<cute::_1, cute::C<0>>, cute::C<0>, cute::C<0>>>>, Phase1AInputViewT [2])
              copy(smem_tiled_copy_A, smem_thr_copy_A.partition_S(Mqk), tCrAi_k_view);
              ^
/home/lcpu/85117379/flashkda-phase1-prefetch-1ce47ea-b300-r2/cutlass/include/cute/algorithm/copy.hpp(173): note #3326-D: function template "cute::copy(const cute::AutoCopyAsync &, const cute::Tensor<SrcEngine, SrcLayout> &, cute::Tensor<DstEngine, DstLayout> &)" does not match because argument #1 does not match parameter
  copy(AutoCopyAsync const& cpy,
  ^
/home/lcpu/85117379/flashkda-phase1-prefetch-1ce47ea-b300-r2/cutlass/include/cute/algorithm/copy.hpp(189): note #3327-D: candidate function template "cute::copy(const cute::Copy_Atom<CopyArgs...> &, const cute::Tensor<SrcEngine, SrcLayout> &, cute::Tensor<DstEngine, DstLayout> &)" failed deduction
  copy(Copy_Atom<CopyArgs...> const& copy_atom,
  ^
/home/lcpu/85117379/flashkda-phase1-prefetch-1ce47ea-b300-r2/cutlass/include/cute/algorithm/copy.hpp(247): note #3327-D: candidate function template "cute::copy(const cute::AutoVectorizingCopyWithAssumedAlignment<MaxVecBits> &, const cute::Tensor<SrcEngine, SrcLayout> &, cute::Tensor<DstEngine, DstLayout> &)" failed deduction
  copy(AutoVectorizingCopyWithAssumedAlignment<MaxVecBits> const&,
  ^
/home/lcpu/85117379/flashkda-phase1-prefetch-1ce47ea-b300-r2/cutlass/include/cute/algorithm/copy.hpp(288): note #3327-D: candidate function template "cute::copy(const cute::AutoFilter<CopyOp> &, const cute::Tensor<SrcEngine, SrcLayout> &, cute::Tensor<DstEngine, DstLayout> &)" failed deduction
  copy(AutoFilter<CopyOp> const& copy_op,
  ^
/home/lcpu/85117379/flashkda-phase1-prefetch-1ce47ea-b300-r2/cutlass/include/cute/algorithm/copy.hpp(312): note #3322-D: number of parameters of function template "cute::copy(const cute::Tensor<SrcEngine, SrcLayout> &, cute::Tensor<DstEngine, DstLayout> &)" does not match the call
  copy(Tensor<SrcEngine, SrcLayout> const& src,
  ^
/home/lcpu/85117379/flashkda-phase1-prefetch-1ce47ea-b300-r2/cutlass/include/cute/algorithm/copy.hpp(350): note #3327-D: candidate function template "cute::copy(const cute::Copy_Atom<cute::AutoVectorizingCopyWithAssumedAlignment<MaxVecBits>, Args...> &, const cute::Tensor<SrcEngine, SrcLayout> &, cute::Tensor<DstEngine, DstLayout> &)" failed deduction
  copy(Copy_Atom<AutoVectorizingCopyWithAssumedAlignment<MaxVecBits>, Args...> const&,
  ^
/home/lcpu/85117379/flashkda-phase1-prefetch-1ce47ea-b300-r2/cutlass/include/cute/algorithm/copy.hpp(362): note #3327-D: candidate function template "cute::copy(const cute::Copy_Atom<cute::Copy_Traits<cute::AutoVectorizingCopyWithAssumedAlignment<MaxVecBits>>, Args...> &, const cute::Tensor<SrcEngine, SrcLayout> &, cute::Tensor<DstEngine, DstLayout> &)" failed deduction
  copy(Copy_Atom<Copy_Traits<AutoVectorizingCopyWithAssumedAlignment<MaxVecBits>>, Args...> const&,
  ^
/home/lcpu/85117379/flashkda-phase1-prefetch-1ce47ea-b300-r2/cutlass/include/cute/algorithm/copy.hpp(375): note #3327-D: candidate function template "cute::copy(const cute::Copy_Traits<cute::SM90_BULK_COPY_AUTO, CT_Args...> &, const cute::Tensor<SrcEngine, SrcLayout> &, cute::Tensor<DstEngine, DstLayout> &)" failed deduction
  copy(Copy_Traits<SM90_BULK_COPY_AUTO, CT_Args...> const& atom,
  ^
/home/lcpu/85117379/flashkda-phase1-prefetch-1ce47ea-b300-r2/cutlass/include/cute/algorithm/copy.hpp(408): note #3327-D: candidate function template "cute::copy(const cute::Copy_Atom<cute::Copy_Traits<cute::SM90_BULK_COPY_AUTO, CT_Args...>, CA_Args...> &, const cute::Tensor<SrcEngine, SrcLayout> &, cute::Tensor<DstEngine, DstLayout> &)" failed deduction
  copy(Copy_Atom<Copy_Traits<SM90_BULK_COPY_AUTO, CT_Args...>, CA_Args...> const& atom,
  ^
/home/lcpu/85117379/flashkda-phase1-prefetch-1ce47ea-b300-r2/cutlass/include/cute/algorithm/copy.hpp(439): note #3327-D: candidate function template "cute::copy(const cute::TiledCopy<CopyAtom, TV, Tiler> &, const cute::Tensor<SrcEngine, SrcLayout> &, cute::Tensor<DstEngine, DstLayout> &)" failed deduction
  copy(TiledCopy<CopyAtom, TV, Tiler> const& tiled_copy,
  ^
/home/lcpu/85117379/flashkda-phase1-prefetch-1ce47ea-b300-r2/cutlass/include/cute/algorithm/copy.hpp(462): note #3327-D: candidate function template "cute::copy(const cute::ThrCopy<TiledCopy, ThrIdx> &, const cute::Tensor<SrcEngine, SrcLayout> &, cute::Tensor<DstEngine, DstLayout> &)" failed deduction
  copy(ThrCopy<TiledCopy, ThrIdx> const& thr_copy,
  ^
/home/lcpu/85117379/flashkda-phase1-prefetch-1ce47ea-b300-r2/cutlass/include/cute/algorithm/copy.hpp(489): note #3327-D: candidate function template "cute::copy(const CopyPolicy &, const cute::Tensor<SrcEngine, SrcLayout> &, cute::Tensor<DstEngine, DstLayout> &)" failed deduction
  copy(CopyPolicy const& cpy,
  ^
/home/lcpu/85117379/flashkda-phase1-prefetch-1ce47ea-b300-r2/cutlass/include/cute/algorithm/copy.hpp(530): note #3322-D: number of parameters of function template "cute::copy(const cute::Tensor<SrcEngine, SrcLayout> &, cute::Tensor<DstEngine, DstLayout> &&)" does not match the call
  copy(Tensor<SrcEngine, SrcLayout> const& src,
  ^
/home/lcpu/85117379/flashkda-phase1-prefetch-1ce47ea-b300-r2/cutlass/include/cute/algorithm/copy.hpp(541): note #3327-D: candidate function template "cute::copy(const CopyPolicy &, const cute::Tensor<SrcEngine, SrcLayout> &, cute::Tensor<DstEngine, DstLayout> &&)" failed deduction
  copy(CopyPolicy const& copy_policy,
  ^
          detected during:
            instantiation of "void _flash_kda_fwd_recurrence_vshard4_p2_phase1pf<TmaLoadV,TmaLoadBeta,TmaLoadWsKD,TmaLoadWsQD,TmaLoadWsKR,TmaLoadWsGT,TmaLoadWsINV,TmaLoadWsMqk,TmaLoadState,TmaStoreState,TmaStoreOut,CHUNK,KDim,VDim,InputStages,OutputStages,NumThreads,HasStateIn,HasStateOut,StateFP32,IsVarlen>(TmaLoadV, TmaLoadBeta, TmaLoadWsKD, TmaLoadWsQD, TmaLoadWsKR, TmaLoadWsGT, TmaLoadWsINV, TmaLoadWsMqk, TmaLoadState, TmaStoreState, TmaStoreOut, cutlass::bfloat16_t *, int, int, int, const int64_t *, int) [with TmaLoadV=cute::TiledCopy<cute::Copy_Atom<cute::Copy_Traits<cute::SM90_TMA_LOAD, cute::C<2048>, cute::AuxTmaParams<cute::tuple<cute::ScaledBasis<cute::C<1>, 2>, cute::ScaledBasis<cute::C<1>, 1>, cute::ScaledBasis<int, 0>>, const cute::Layout<cute::tuple<cute::C<8>, cute::C<16>, cute::C<1>>, cute::tuple<cute::ScaledBasis<cute::C<1>, 2>, cute::ScaledBasis<cute::C<1>, 1>, cute::ScaledBasis<cute::C<1>, 0>>> &, const cute::Swizzle<0, 4, 3> &>>, cutlass::bfloat16_t>, cute::Layout<cute::tuple<cute::_1, cute::tuple<cute::tuple<cute::tuple<cute::C<8>, cute::C<16>>, cute::_4>>>, cute::tuple<cute::C<0>, cute::tuple<cute::tuple<cute::tuple<cute::_16, cute::_1>, cute::_128>>>>, cute::tuple<cute::_1, cute::C<16>, cute::C<32>>>, TmaLoadBeta=cute::TiledCopy<cute::Copy_Atom<cute::Copy_Traits<cute::SM90_TMA_LOAD, cute::C<512>, cute::AuxTmaParams<cute::tuple<cute::ScaledBasis<cute::C<1>, 0>>, const cute::Layout<cute::tuple<cute::_32>, cute::tuple<cute::ScaledBasis<cute::C<1>, 0>>> &, const cute::Swizzle<0, 4, 3> &>>, cutlass::bfloat16_t>, cute::Layout<cute::tuple<cute::_1, cute::tuple<cute::tuple<cute::_32, cute::_1>>>, cute::tuple<cute::C<0>, cute::tuple<cute::tuple<cute::_1, cute::C<0>>>>>, cute::tuple<cute::_32>>, TmaLoadWsKD=cute::TiledCopy<cute::Copy_Atom<cute::Copy_Traits<cute::SM90_TMA_LOAD, cute::C<2048>, cute::AuxTmaParams<cute::tuple<cute::ScaledBasis<cute::C<1>, 2>, cute::ScaledBasis<cute::C<1>, 1>, cute::ScaledBasis<cute::C<1>, 0>>, const cute::Layout<cute::tuple<cute::C<8>, cute::C<16>, cute::C<1>>, cute::tuple<cute::ScaledBasis<cute::C<1>, 2>, cute::ScaledBasis<cute::C<1>, 1>, cute::ScaledBasis<cute::C<1>, 0>>> &, const cute::Swizzle<0, 4, 3> &>>, cutlass::bfloat16_t>, cute::Layout<cute::tuple<cute::_1, cute::tuple<cute::tuple<cute::tuple<cute::C<8>, cute::C<16>>, cute::_16>>>, cute::tuple<cute::C<0>, cute::tuple<cute::tuple<cute::tuple<cute::_16, cute::_1>, cute::_128>>>>, cute::tuple<cute::_1, cute::_16, cute::_128>>, TmaLoadWsQD=cute::TiledCopy<cute::Copy_Atom<cute::Copy_Traits<cute::SM90_TMA_LOAD, cute::C<2048>, cute::AuxTmaParams<cute::tuple<cute::ScaledBasis<cute::C<1>, 2>, cute::ScaledBasis<cute::C<1>, 1>, cute::ScaledBasis<cute::C<1>, 0>>, const cute::Layout<cute::tuple<cute::C<8>, cute::C<16>, cute::C<1>>, cute::tuple<cute::ScaledBasis<cute::C<1>, 2>, cute::ScaledBasis<cute::C<1>, 1>, cute::ScaledBasis<cute::C<1>, 0>>> &, const cute::Swizzle<0, 4, 3> &>>, cutlass::bfloat16_t>, cute::Layout<cute::tuple<cute::_1, cute::tuple<cute::tuple<cute::tuple<cute::C<8>, cute::C<16>>, cute::_16>>>, cute::tuple<cute::C<0>, cute::tuple<cute::tuple<cute::tuple<cute::_16, cute::_1>, cute::_128>>>>, cute::tuple<cute::_1, cute::_16, cute::_128>>, TmaLoadWsKR=cute::TiledCopy<cute::Copy_Atom<cute::Copy_Traits<cute::SM90_TMA_LOAD, cute::C<2048>, cute::AuxTmaParams<cute::tuple<cute::ScaledBasis<cute::C<1>, 2>, cute::ScaledBasis<cute::C<1>, 1>, cute::ScaledBasis<cute::C<1>, 0>>, const cute::Layout<cute::tuple<cute::C<8>, cute::C<16>, cute::C<1>>, cute::tuple<cute::ScaledBasis<cute::C<1>, 2>, cute::ScaledBasis<cute::C<1>, 1>, cute::ScaledBasis<cute::C<1>, 0>>> &, const cute::Swizzle<0, 4, 3> &>>, cutlass::bfloat16_t>, cute::Layout<cute::tuple<cute::_1, cute::tuple<cute::tuple<cute::tuple<cute::C<8>, cute::C<16>>, cute::_16>>>, cute::tuple<cute::C<0>, cute::tuple<cute::tuple<cute::tuple<cute::_16, cute::_1>, cute::_128>>>>, cute::tuple<cute::_1, cute::_16, cute::_128>>, TmaLoadWsGT=cute::TiledCopy<cute::Copy_Atom<cute::Copy_Traits<cute::SM90_TMA_LOAD, cute::C<4096>, cute::AuxTmaParams<cute::tuple<cute::ScaledBasis<cute::C<1>, 1>, cute::ScaledBasis<cute::C<1>, 0>>, const cute::Layout<cute::tuple<cute::_128, cute::_1>, cute::tuple<cute::ScaledBasis<cute::C<1>, 1>, cute::ScaledBasis<cute::C<1>, 0>>> &, const cute::Swizzle<0, 4, 3> &>>, float>, cute::Layout<cute::tuple<cute::_1, cute::tuple<cute::tuple<cute::_128, cute::_1>>>, cute::tuple<cute::C<0>, cute::tuple<cute::tuple<cute::_1, cute::C<0>>>>>, cute::tuple<cute::_1, cute::_128>>, TmaLoadWsINV=cute::TiledCopy<cute::Copy_Atom<cute::Copy_Traits<cute::SM90_TMA_LOAD, cute::C<2048>, cute::AuxTmaParams<cute::tuple<cute::ScaledBasis<cute::C<1>, 2>, cute::ScaledBasis<cute::C<1>, 1>, cute::ScaledBasis<cute::C<1>, 0>>, const cute::Layout<cute::tuple<cute::C<8>, cute::C<16>, cute::C<1>>, cute::tuple<cute::ScaledBasis<cute::C<1>, 2>, cute::ScaledBasis<cute::C<1>, 1>, cute::ScaledBasis<cute::C<1>, 0>>> &, const cute::Swizzle<0, 4, 3> &>>, cutlass::bfloat16_t>, cute::Layout<cute::tuple<cute::_1, cute::tuple<cute::tuple<cute::tuple<cute::C<8>, cute::C<16>>, cute::_2>>>, cute::tuple<cute::C<0>, cute::tuple<cute::tuple<cute::tuple<cute::_16, cute::_1>, cute::_128>>>>, cute::tuple<cute::_1, cute::C<16>, cute::C<16>>>, TmaLoadWsMqk=cute::TiledCopy<cute::Copy_Atom<cute::Copy_Traits<cute::SM90_TMA_LOAD, cute::C<2048>, cute::AuxTmaParams<cute::tuple<cute::ScaledBasis<cute::C<1>, 2>, cute::ScaledBasis<cute::C<1>, 1>, cute::ScaledBasis<cute::C<1>, 0>>, const cute::Layout<cute::tuple<cute::C<8>, cute::C<16>, cute::C<1>>, cute::tuple<cute::ScaledBasis<cute::C<1>, 2>, cute::ScaledBasis<cute::C<1>, 1>, cute::ScaledBasis<cute::C<1>, 0>>> &, const cute::Swizzle<0, 4, 3> &>>, cutlass::bfloat16_t>, cute::Layout<cute::tuple<cute::_1, cute::tuple<cute::tuple<cute::tuple<cute::C<8>, cute::C<16>>, cute::_2>>>, cute::tuple<cute::C<0>, cute::tuple<cute::tuple<cute::tuple<cute::_16, cute::_1>, cute::_128>>>>, cute::tuple<cute::_1, cute::C<16>, cute::C<16>>>, TmaLoadState=cute::TiledCopy<cute::Copy_Atom<cute::Copy_Traits<cute::SM90_TMA_LOAD, cute::C<8192>, cute::AuxTmaParams<cute::tuple<cute::ScaledBasis<cute::C<1>, 2>, cute::ScaledBasis<cute::C<1>, 1>, cute::ScaledBasis<cute::C<1>, 0>>, const cute::Layout<cute::tuple<cute::C<8>, cute::C<32>, cute::C<1>>, cute::tuple<cute::ScaledBasis<cute::C<1>, 2>, cute::ScaledBasis<cute::C<1>, 1>, cute::ScaledBasis<cute::C<1>, 0>>> &, const cute::Swizzle<1, 4, 3> &>>, float>, cute::Layout<cute::tuple<cute::_1, cute::tuple<cute::tuple<cute::tuple<cute::C<8>, cute::C<32>>, cute::_16>>>, cute::tuple<cute::C<0>, cute::tuple<cute::tuple<cute::tuple<cute::_32, cute::_1>, cute::_256>>>>, cute::tuple<cute::_1, cute::C<32>, cute::C<128>>>, TmaStoreState=cute::TiledCopy<cute::Copy_Atom<cute::Copy_Traits<cute::SM90_TMA_STORE, cute::C<8192>, cute::AuxTmaParams<cute::tuple<cute::ScaledBasis<cute::C<1>, 2>, cute::ScaledBasis<cute::C<1>, 1>, cute::ScaledBasis<cute::C<1>, 0>>, const cute::Layout<cute::tuple<cute::C<8>, cute::C<32>, cute::C<1>>, cute::tuple<cute::ScaledBasis<cute::C<1>, 2>, cute::ScaledBasis<cute::C<1>, 1>, cute::ScaledBasis<cute::C<1>, 0>>> &, const cute::Swizzle<1, 4, 3> &>>, float>, cute::Layout<cute::tuple<cute::_1, cute::tuple<cute::tuple<cute::tuple<cute::C<8>, cute::C<32>>, cute::_16>>>, cute::tuple<cute::C<0>, cute::tuple<cute::tuple<cute::tuple<cute::_32, cute::_1>, cute::_256>>>>, cute::tuple<cute::_1, cute::C<32>, cute::C<128>>>, TmaStoreOut=cute::TiledCopy<cute::Copy_Atom<cute::Copy_Traits<cute::SM90_TMA_STORE, cute::C<2048>, cute::AuxTmaParams<cute::tuple<cute::ScaledBasis<cute::C<1>, 2>, cute::ScaledBasis<cute::C<1>, 1>, cute::ScaledBasis<int, 0>>, const cute::Layout<cute::tuple<cute::C<8>, cute::C<16>, cute::C<1>>, cute::tuple<cute::ScaledBasis<cute::C<1>, 2>, cute::ScaledBasis<cute::C<1>, 1>, cute::ScaledBasis<cute::C<1>, 0>>> &, const cute::Swizzle<0, 4, 3> &>>, cutlass::bfloat16_t>, cute::Layout<cute::tuple<cute::_1, cute::tuple<cute::tuple<cute::tuple<cute::C<8>, cute::C<16>>, cute::_4>>>, cute::tuple<cute::C<0>, cute::tuple<cute::tuple<cute::tuple<cute::_16, cute::_1>, cute::_128>>>>, cute::tuple<cute::_1, cute::C<16>, cute::C<32>>>, CHUNK=16, KDim=128, VDim=32, InputStages=3, OutputStages=2, NumThreads=128, HasStateIn=true, HasStateOut=true, StateFP32=true, IsVarlen=false]" at line 1399 of csrc/smxx/fwd_launch.cu
            instantiation of "void launch_fwd_vshard4_p2_phase1pf<D,HasStateIn,HasStateOut,StateFP32,IsVarlen>(const cutlass::bfloat16_t *, const cutlass::bfloat16_t *, const cutlass::bfloat16_t *, const cutlass::bfloat16_t *, const cutlass::bfloat16_t *, const void *, float, void *, cutlass::bfloat16_t *, void *, int, int, int, int, const int64_t *, const float *, const float *, float, cudaStream_t) [with D=128, HasStateIn=true, HasStateOut=true, StateFP32=true, IsVarlen=false]" at line 1438 of csrc/smxx/fwd_launch.cu

csrc/smxx/fwd_kernel2_vshard4_p2_phase1pf.cuh(644): error: no instance of overloaded function "copy" matches the argument list
            argument types are: (cute::TiledCopy<cute::Copy_Atom<cute::SM75_U32x4_LDSM_N, cutlass::bfloat16_t>, cute::Layout<cute::tuple<cute::tuple<cute::_4, cute::_8>, cute::tuple<cute::tuple<cute::_2, cute::_2, cute::_2>, cute::tuple<cute::_1, cute::_1>>>, cute::tuple<cute::tuple<cute::_32, cute::_1>, cute::tuple<cute::tuple<cute::_16, cute::_8, cute::_128>, cute::tuple<cute::_0, cute::_0>>>>, cute::tuple<cute::C<16>, cute::C<16>>>, cute::Tensor<cute::ViewEngine<cute::smem_ptr<cutlass::bfloat16_t *>>, cute::Layout<cute::tuple<cute::tuple<cute::_8, cute::_1>, cute::_1, cute::_1>, cute::tuple<cute::tuple<cute::_1, cute::C<0>>, cute::C<0>, cute::C<0>>>>, Phase1AInputViewT [2])
              copy(smem_tiled_copy_A, smem_thr_copy_A.partition_S(INV), tCrAi_k_view);
              ^
/home/lcpu/85117379/flashkda-phase1-prefetch-1ce47ea-b300-r2/cutlass/include/cute/algorithm/copy.hpp(173): note #3326-D: function template "cute::copy(const cute::AutoCopyAsync &, const cute::Tensor<SrcEngine, SrcLayout> &, cute::Tensor<DstEngine, DstLayout> &)" does not match because argument #1 does not match parameter
  copy(AutoCopyAsync const& cpy,
  ^
/home/lcpu/85117379/flashkda-phase1-prefetch-1ce47ea-b300-r2/cutlass/include/cute/algorithm/copy.hpp(189): note #3327-D: candidate function template "cute::copy(const cute::Copy_Atom<CopyArgs...> &, const cute::Tensor<SrcEngine, SrcLayout> &, cute::Tensor<DstEngine, DstLayout> &)" failed deduction
  copy(Copy_Atom<CopyArgs...> const& copy_atom,
  ^
/home/lcpu/85117379/flashkda-phase1-prefetch-1ce47ea-b300-r2/cutlass/include/cute/algorithm/copy.hpp(247): note #3327-D: candidate function template "cute::copy(const cute::AutoVectorizingCopyWithAssumedAlignment<MaxVecBits> &, const cute::Tensor<SrcEngine, SrcLayout> &, cute::Tensor<DstEngine, DstLayout> &)" failed deduction
  copy(AutoVectorizingCopyWithAssumedAlignment<MaxVecBits> const&,
  ^
/home/lcpu/85117379/flashkda-phase1-prefetch-1ce47ea-b300-r2/cutlass/include/cute/algorithm/copy.hpp(288): note #3327-D: candidate function template "cute::copy(const cute::AutoFilter<CopyOp> &, const cute::Tensor<SrcEngine, SrcLayout> &, cute::Tensor<DstEngine, DstLayout> &)" failed deduction
  copy(AutoFilter<CopyOp> const& copy_op,
  ^
/home/lcpu/85117379/flashkda-phase1-prefetch-1ce47ea-b300-r2/cutlass/include/cute/algorithm/copy.hpp(312): note #3322-D: number of parameters of function template "cute::copy(const cute::Tensor<SrcEngine, SrcLayout> &, cute::Tensor<DstEngine, DstLayout> &)" does not match the call
  copy(Tensor<SrcEngine, SrcLayout> const& src,
  ^
/home/lcpu/85117379/flashkda-phase1-prefetch-1ce47ea-b300-r2/cutlass/include/cute/algorithm/copy.hpp(350): note #3327-D: candidate function template "cute::copy(const cute::Copy_Atom<cute::AutoVectorizingCopyWithAssumedAlignment<MaxVecBits>, Args...> &, const cute::Tensor<SrcEngine, SrcLayout> &, cute::Tensor<DstEngine, DstLayout> &)" failed deduction
  copy(Copy_Atom<AutoVectorizingCopyWithAssumedAlignment<MaxVecBits>, Args...> const&,
  ^
/home/lcpu/85117379/flashkda-phase1-prefetch-1ce47ea-b300-r2/cutlass/include/cute/algorithm/copy.hpp(362): note #3327-D: candidate function template "cute::copy(const cute::Copy_Atom<cute::Copy_Traits<cute::AutoVectorizingCopyWithAssumedAlignment<MaxVecBits>>, Args...> &, const cute::Tensor<SrcEngine, SrcLayout> &, cute::Tensor<DstEngine, DstLayout> &)" failed deduction
  copy(Copy_Atom<Copy_Traits<AutoVectorizingCopyWithAssumedAlignment<MaxVecBits>>, Args...> const&,
  ^
/home/lcpu/85117379/flashkda-phase1-prefetch-1ce47ea-b300-r2/cutlass/include/cute/algorithm/copy.hpp(375): note #3327-D: candidate function template "cute::copy(const cute::Copy_Traits<cute::SM90_BULK_COPY_AUTO, CT_Args...> &, const cute::Tensor<SrcEngine, SrcLayout> &, cute::Tensor<DstEngine, DstLayout> &)" failed deduction
  copy(Copy_Traits<SM90_BULK_COPY_AUTO, CT_Args...> const& atom,
  ^
/home/lcpu/85117379/flashkda-phase1-prefetch-1ce47ea-b300-r2/cutlass/include/cute/algorithm/copy.hpp(408): note #3327-D: candidate function template "cute::copy(const cute::Copy_Atom<cute::Copy_Traits<cute::SM90_BULK_COPY_AUTO, CT_Args...>, CA_Args...> &, const cute::Tensor<SrcEngine, SrcLayout> &, cute::Tensor<DstEngine, DstLayout> &)" failed deduction
  copy(Copy_Atom<Copy_Traits<SM90_BULK_COPY_AUTO, CT_Args...>, CA_Args...> const& atom,
  ^
/home/lcpu/85117379/flashkda-phase1-prefetch-1ce47ea-b300-r2/cutlass/include/cute/algorithm/copy.hpp(439): note #3327-D: candidate function template "cute::copy(const cute::TiledCopy<CopyAtom, TV, Tiler> &, const cute::Tensor<SrcEngine, SrcLayout> &, cute::Tensor<DstEngine, DstLayout> &)" failed deduction
  copy(TiledCopy<CopyAtom, TV, Tiler> const& tiled_copy,
  ^
/home/lcpu/85117379/flashkda-phase1-prefetch-1ce47ea-b300-r2/cutlass/include/cute/algorithm/copy.hpp(462): note #3327-D: candidate function template "cute::copy(const cute::ThrCopy<TiledCopy, ThrIdx> &, const cute::Tensor<SrcEngine, SrcLayout> &, cute::Tensor<DstEngine, DstLayout> &)" failed deduction
  copy(ThrCopy<TiledCopy, ThrIdx> const& thr_copy,
  ^
/home/lcpu/85117379/flashkda-phase1-prefetch-1ce47ea-b300-r2/cutlass/include/cute/algorithm/copy.hpp(489): note #3327-D: candidate function template "cute::copy(const CopyPolicy &, const cute::Tensor<SrcEngine, SrcLayout> &, cute::Tensor<DstEngine, DstLayout> &)" failed deduction
  copy(CopyPolicy const& cpy,
  ^
/home/lcpu/85117379/flashkda-phase1-prefetch-1ce47ea-b300-r2/cutlass/include/cute/algorithm/copy.hpp(530): note #3322-D: number of parameters of function template "cute::copy(const cute::Tensor<SrcEngine, SrcLayout> &, cute::Tensor<DstEngine, DstLayout> &&)" does not match the call
  copy(Tensor<SrcEngine, SrcLayout> const& src,
  ^
/home/lcpu/85117379/flashkda-phase1-prefetch-1ce47ea-b300-r2/cutlass/include/cute/algorithm/copy.hpp(541): note #3327-D: candidate function template "cute::copy(const CopyPolicy &, const cute::Tensor<SrcEngine, SrcLayout> &, cute::Tensor<DstEngine, DstLayout> &&)" failed deduction
  copy(CopyPolicy const& copy_policy,
  ^
          detected during:
            instantiation of "void _flash_kda_fwd_recurrence_vshard4_p2_phase1pf<TmaLoadV,TmaLoadBeta,TmaLoadWsKD,TmaLoadWsQD,TmaLoadWsKR,TmaLoadWsGT,TmaLoadWsINV,TmaLoadWsMqk,TmaLoadState,TmaStoreState,TmaStoreOut,CHUNK,KDim,VDim,InputStages,OutputStages,NumThreads,HasStateIn,HasStateOut,StateFP32,IsVarlen>(TmaLoadV, TmaLoadBeta, TmaLoadWsKD, TmaLoadWsQD, TmaLoadWsKR, TmaLoadWsGT, TmaLoadWsINV, TmaLoadWsMqk, TmaLoadState, TmaStoreState, TmaStoreOut, cutlass::bfloat16_t *, int, int, int, const int64_t *, int) [with TmaLoadV=cute::TiledCopy<cute::Copy_Atom<cute::Copy_Traits<cute::SM90_TMA_LOAD, cute::C<2048>, cute::AuxTmaParams<cute::tuple<cute::ScaledBasis<cute::C<1>, 2>, cute::ScaledBasis<cute::C<1>, 1>, cute::ScaledBasis<int, 0>>, const cute::Layout<cute::tuple<cute::C<8>, cute::C<16>, cute::C<1>>, cute::tuple<cute::ScaledBasis<cute::C<1>, 2>, cute::ScaledBasis<cute::C<1>, 1>, cute::ScaledBasis<cute::C<1>, 0>>> &, const cute::Swizzle<0, 4, 3> &>>, cutlass::bfloat16_t>, cute::Layout<cute::tuple<cute::_1, cute::tuple<cute::tuple<cute::tuple<cute::C<8>, cute::C<16>>, cute::_4>>>, cute::tuple<cute::C<0>, cute::tuple<cute::tuple<cute::tuple<cute::_16, cute::_1>, cute::_128>>>>, cute::tuple<cute::_1, cute::C<16>, cute::C<32>>>, TmaLoadBeta=cute::TiledCopy<cute::Copy_Atom<cute::Copy_Traits<cute::SM90_TMA_LOAD, cute::C<512>, cute::AuxTmaParams<cute::tuple<cute::ScaledBasis<cute::C<1>, 0>>, const cute::Layout<cute::tuple<cute::_32>, cute::tuple<cute::ScaledBasis<cute::C<1>, 0>>> &, const cute::Swizzle<0, 4, 3> &>>, cutlass::bfloat16_t>, cute::Layout<cute::tuple<cute::_1, cute::tuple<cute::tuple<cute::_32, cute::_1>>>, cute::tuple<cute::C<0>, cute::tuple<cute::tuple<cute::_1, cute::C<0>>>>>, cute::tuple<cute::_32>>, TmaLoadWsKD=cute::TiledCopy<cute::Copy_Atom<cute::Copy_Traits<cute::SM90_TMA_LOAD, cute::C<2048>, cute::AuxTmaParams<cute::tuple<cute::ScaledBasis<cute::C<1>, 2>, cute::ScaledBasis<cute::C<1>, 1>, cute::ScaledBasis<cute::C<1>, 0>>, const cute::Layout<cute::tuple<cute::C<8>, cute::C<16>, cute::C<1>>, cute::tuple<cute::ScaledBasis<cute::C<1>, 2>, cute::ScaledBasis<cute::C<1>, 1>, cute::ScaledBasis<cute::C<1>, 0>>> &, const cute::Swizzle<0, 4, 3> &>>, cutlass::bfloat16_t>, cute::Layout<cute::tuple<cute::_1, cute::tuple<cute::tuple<cute::tuple<cute::C<8>, cute::C<16>>, cute::_16>>>, cute::tuple<cute::C<0>, cute::tuple<cute::tuple<cute::tuple<cute::_16, cute::_1>, cute::_128>>>>, cute::tuple<cute::_1, cute::_16, cute::_128>>, TmaLoadWsQD=cute::TiledCopy<cute::Copy_Atom<cute::Copy_Traits<cute::SM90_TMA_LOAD, cute::C<2048>, cute::AuxTmaParams<cute::tuple<cute::ScaledBasis<cute::C<1>, 2>, cute::ScaledBasis<cute::C<1>, 1>, cute::ScaledBasis<cute::C<1>, 0>>, const cute::Layout<cute::tuple<cute::C<8>, cute::C<16>, cute::C<1>>, cute::tuple<cute::ScaledBasis<cute::C<1>, 2>, cute::ScaledBasis<cute::C<1>, 1>, cute::ScaledBasis<cute::C<1>, 0>>> &, const cute::Swizzle<0, 4, 3> &>>, cutlass::bfloat16_t>, cute::Layout<cute::tuple<cute::_1, cute::tuple<cute::tuple<cute::tuple<cute::C<8>, cute::C<16>>, cute::_16>>>, cute::tuple<cute::C<0>, cute::tuple<cute::tuple<cute::tuple<cute::_16, cute::_1>, cute::_128>>>>, cute::tuple<cute::_1, cute::_16, cute::_128>>, TmaLoadWsKR=cute::TiledCopy<cute::Copy_Atom<cute::Copy_Traits<cute::SM90_TMA_LOAD, cute::C<2048>, cute::AuxTmaParams<cute::tuple<cute::ScaledBasis<cute::C<1>, 2>, cute::ScaledBasis<cute::C<1>, 1>, cute::ScaledBasis<cute::C<1>, 0>>, const cute::Layout<cute::tuple<cute::C<8>, cute::C<16>, cute::C<1>>, cute::tuple<cute::ScaledBasis<cute::C<1>, 2>, cute::ScaledBasis<cute::C<1>, 1>, cute::ScaledBasis<cute::C<1>, 0>>> &, const cute::Swizzle<0, 4, 3> &>>, cutlass::bfloat16_t>, cute::Layout<cute::tuple<cute::_1, cute::tuple<cute::tuple<cute::tuple<cute::C<8>, cute::C<16>>, cute::_16>>>, cute::tuple<cute::C<0>, cute::tuple<cute::tuple<cute::tuple<cute::_16, cute::_1>, cute::_128>>>>, cute::tuple<cute::_1, cute::_16, cute::_128>>, TmaLoadWsGT=cute::TiledCopy<cute::Copy_Atom<cute::Copy_Traits<cute::SM90_TMA_LOAD, cute::C<4096>, cute::AuxTmaParams<cute::tuple<cute::ScaledBasis<cute::C<1>, 1>, cute::ScaledBasis<cute::C<1>, 0>>, const cute::Layout<cute::tuple<cute::_128, cute::_1>, cute::tuple<cute::ScaledBasis<cute::C<1>, 1>, cute::ScaledBasis<cute::C<1>, 0>>> &, const cute::Swizzle<0, 4, 3> &>>, float>, cute::Layout<cute::tuple<cute::_1, cute::tuple<cute::tuple<cute::_128, cute::_1>>>, cute::tuple<cute::C<0>, cute::tuple<cute::tuple<cute::_1, cute::C<0>>>>>, cute::tuple<cute::_1, cute::_128>>, TmaLoadWsINV=cute::TiledCopy<cute::Copy_Atom<cute::Copy_Traits<cute::SM90_TMA_LOAD, cute::C<2048>, cute::AuxTmaParams<cute::tuple<cute::ScaledBasis<cute::C<1>, 2>, cute::ScaledBasis<cute::C<1>, 1>, cute::ScaledBasis<cute::C<1>, 0>>, const cute::Layout<cute::tuple<cute::C<8>, cute::C<16>, cute::C<1>>, cute::tuple<cute::ScaledBasis<cute::C<1>, 2>, cute::ScaledBasis<cute::C<1>, 1>, cute::ScaledBasis<cute::C<1>, 0>>> &, const cute::Swizzle<0, 4, 3> &>>, cutlass::bfloat16_t>, cute::Layout<cute::tuple<cute::_1, cute::tuple<cute::tuple<cute::tuple<cute::C<8>, cute::C<16>>, cute::_2>>>, cute::tuple<cute::C<0>, cute::tuple<cute::tuple<cute::tuple<cute::_16, cute::_1>, cute::_128>>>>, cute::tuple<cute::_1, cute::C<16>, cute::C<16>>>, TmaLoadWsMqk=cute::TiledCopy<cute::Copy_Atom<cute::Copy_Traits<cute::SM90_TMA_LOAD, cute::C<2048>, cute::AuxTmaParams<cute::tuple<cute::ScaledBasis<cute::C<1>, 2>, cute::ScaledBasis<cute::C<1>, 1>, cute::ScaledBasis<cute::C<1>, 0>>, const cute::Layout<cute::tuple<cute::C<8>, cute::C<16>, cute::C<1>>, cute::tuple<cute::ScaledBasis<cute::C<1>, 2>, cute::ScaledBasis<cute::C<1>, 1>, cute::ScaledBasis<cute::C<1>, 0>>> &, const cute::Swizzle<0, 4, 3> &>>, cutlass::bfloat16_t>, cute::Layout<cute::tuple<cute::_1, cute::tuple<cute::tuple<cute::tuple<cute::C<8>, cute::C<16>>, cute::_2>>>, cute::tuple<cute::C<0>, cute::tuple<cute::tuple<cute::tuple<cute::_16, cute::_1>, cute::_128>>>>, cute::tuple<cute::_1, cute::C<16>, cute::C<16>>>, TmaLoadState=cute::TiledCopy<cute::Copy_Atom<cute::Copy_Traits<cute::SM90_TMA_LOAD, cute::C<4096>, cute::AuxTmaParams<cute::tuple<cute::ScaledBasis<cute::C<1>, 2>, cute::ScaledBasis<cute::C<1>, 1>, cute::ScaledBasis<cute::C<1>, 0>>, const cute::Layout<cute::tuple<cute::C<8>, cute::C<32>, cute::C<1>>, cute::tuple<cute::ScaledBasis<cute::C<1>, 2>, cute::ScaledBasis<cute::C<1>, 1>, cute::ScaledBasis<cute::C<1>, 0>>> &, const cute::Swizzle<0, 4, 3> &>>, cutlass::bfloat16_t>, cute::Layout<cute::tuple<cute::_1, cute::tuple<cute::tuple<cute::tuple<cute::C<8>, cute::C<32>>, cute::_16>>>, cute::tuple<cute::C<0>, cute::tuple<cute::tuple<cute::tuple<cute::_32, cute::_1>, cute::_256>>>>, cute::tuple<cute::_1, cute::C<32>, cute::C<128>>>, TmaStoreState=cute::TiledCopy<cute::Copy_Atom<cute::Copy_Traits<cute::SM90_TMA_STORE, cute::C<4096>, cute::AuxTmaParams<cute::tuple<cute::ScaledBasis<cute::C<1>, 2>, cute::ScaledBasis<cute::C<1>, 1>, cute::ScaledBasis<cute::C<1>, 0>>, const cute::Layout<cute::tuple<cute::C<8>, cute::C<32>, cute::C<1>>, cute::tuple<cute::ScaledBasis<cute::C<1>, 2>, cute::ScaledBasis<cute::C<1>, 1>, cute::ScaledBasis<cute::C<1>, 0>>> &, const cute::Swizzle<0, 4, 3> &>>, cutlass::bfloat16_t>, cute::Layout<cute::tuple<cute::_1, cute::tuple<cute::tuple<cute::tuple<cute::C<8>, cute::C<32>>, cute::_16>>>, cute::tuple<cute::C<0>, cute::tuple<cute::tuple<cute::tuple<cute::_32, cute::_1>, cute::_256>>>>, cute::tuple<cute::_1, cute::C<32>, cute::C<128>>>, TmaStoreOut=cute::TiledCopy<cute::Copy_Atom<cute::Copy_Traits<cute::SM90_TMA_STORE, cute::C<2048>, cute::AuxTmaParams<cute::tuple<cute::ScaledBasis<cute::C<1>, 2>, cute::ScaledBasis<cute::C<1>, 1>, cute::ScaledBasis<int, 0>>, const cute::Layout<cute::tuple<cute::C<8>, cute::C<16>, cute::C<1>>, cute::tuple<cute::ScaledBasis<cute::C<1>, 2>, cute::ScaledBasis<cute::C<1>, 1>, cute::ScaledBasis<cute::C<1>, 0>>> &, const cute::Swizzle<0, 4, 3> &>>, cutlass::bfloat16_t>, cute::Layout<cute::tuple<cute::_1, cute::tuple<cute::tuple<cute::tuple<cute::C<8>, cute::C<16>>, cute::_4>>>, cute::tuple<cute::C<0>, cute::tuple<cute::tuple<cute::tuple<cute::_16, cute::_1>, cute::_128>>>>, cute::tuple<cute::_1, cute::C<16>, cute::C<32>>>, CHUNK=16, KDim=128, VDim=32, InputStages=3, OutputStages=2, NumThreads=128, HasStateIn=false, HasStateOut=false, StateFP32=false, IsVarlen=false]" at line 1399 of csrc/smxx/fwd_launch.cu
            instantiation of "void launch_fwd_vshard4_p2_phase1pf<D,HasStateIn,HasStateOut,StateFP32,IsVarlen>(const cutlass::bfloat16_t *, const cutlass::bfloat16_t *, const cutlass::bfloat16_t *, const cutlass::bfloat16_t *, const cutlass::bfloat16_t *, const void *, float, void *, cutlass::bfloat16_t *, void *, int, int, int, int, const int64_t *, const float *, const float *, float, cudaStream_t) [with D=128, HasStateIn=false, HasStateOut=false, StateFP32=false, IsVarlen=false]" at line 1438 of csrc/smxx/fwd_launch.cu

csrc/smxx/fwd_kernel2_vshard4_p2_phase1pf.cuh(687): error: no instance of overloaded function "copy" matches the argument list
            argument types are: (cute::TiledCopy<cute::Copy_Atom<cute::SM75_U32x4_LDSM_N, cutlass::bfloat16_t>, cute::Layout<cute::tuple<cute::tuple<cute::_4, cute::_8>, cute::tuple<cute::tuple<cute::_2, cute::_2, cute::_2>, cute::tuple<cute::_1, cute::_1>>>, cute::tuple<cute::tuple<cute::_32, cute::_1>, cute::tuple<cute::tuple<cute::_16, cute::_8, cute::_128>, cute::tuple<cute::_0, cute::_0>>>>, cute::tuple<cute::C<16>, cute::C<16>>>, cute::Tensor<cute::ViewEngine<cute::smem_ptr<cutlass::bfloat16_t *>>, cute::Layout<cute::tuple<cute::tuple<cute::_8, cute::_1>, cute::_1, cute::_1>, cute::tuple<cute::tuple<cute::_1, cute::C<0>>, cute::C<0>, cute::C<0>>>>, Phase1AInputViewT [2])
              copy(smem_tiled_copy_A, smem_thr_copy_A.partition_S(Mqk), tCrAi_k_view);
              ^
/home/lcpu/85117379/flashkda-phase1-prefetch-1ce47ea-b300-r2/cutlass/include/cute/algorithm/copy.hpp(173): note #3326-D: function template "cute::copy(const cute::AutoCopyAsync &, const cute::Tensor<SrcEngine, SrcLayout> &, cute::Tensor<DstEngine, DstLayout> &)" does not match because argument #1 does not match parameter
  copy(AutoCopyAsync const& cpy,
  ^
/home/lcpu/85117379/flashkda-phase1-prefetch-1ce47ea-b300-r2/cutlass/include/cute/algorithm/copy.hpp(189): note #3327-D: candidate function template "cute::copy(const cute::Copy_Atom<CopyArgs...> &, const cute::Tensor<SrcEngine, SrcLayout> &, cute::Tensor<DstEngine, DstLayout> &)" failed deduction
  copy(Copy_Atom<CopyArgs...> const& copy_atom,
  ^
/home/lcpu/85117379/flashkda-phase1-prefetch-1ce47ea-b300-r2/cutlass/include/cute/algorithm/copy.hpp(247): note #3327-D: candidate function template "cute::copy(const cute::AutoVectorizingCopyWithAssumedAlignment<MaxVecBits> &, const cute::Tensor<SrcEngine, SrcLayout> &, cute::Tensor<DstEngine, DstLayout> &)" failed deduction
  copy(AutoVectorizingCopyWithAssumedAlignment<MaxVecBits> const&,
  ^
/home/lcpu/85117379/flashkda-phase1-prefetch-1ce47ea-b300-r2/cutlass/include/cute/algorithm/copy.hpp(288): note #3327-D: candidate function template "cute::copy(const cute::AutoFilter<CopyOp> &, const cute::Tensor<SrcEngine, SrcLayout> &, cute::Tensor<DstEngine, DstLayout> &)" failed deduction
  copy(AutoFilter<CopyOp> const& copy_op,
  ^
/home/lcpu/85117379/flashkda-phase1-prefetch-1ce47ea-b300-r2/cutlass/include/cute/algorithm/copy.hpp(312): note #3322-D: number of parameters of function template "cute::copy(const cute::Tensor<SrcEngine, SrcLayout> &, cute::Tensor<DstEngine, DstLayout> &)" does not match the call
  copy(Tensor<SrcEngine, SrcLayout> const& src,
  ^
/home/lcpu/85117379/flashkda-phase1-prefetch-1ce47ea-b300-r2/cutlass/include/cute/algorithm/copy.hpp(350): note #3327-D: candidate function template "cute::copy(const cute::Copy_Atom<cute::AutoVectorizingCopyWithAssumedAlignment<MaxVecBits>, Args...> &, const cute::Tensor<SrcEngine, SrcLayout> &, cute::Tensor<DstEngine, DstLayout> &)" failed deduction
  copy(Copy_Atom<AutoVectorizingCopyWithAssumedAlignment<MaxVecBits>, Args...> const&,
  ^
/home/lcpu/85117379/flashkda-phase1-prefetch-1ce47ea-b300-r2/cutlass/include/cute/algorithm/copy.hpp(362): note #3327-D: candidate function template "cute::copy(const cute::Copy_Atom<cute::Copy_Traits<cute::AutoVectorizingCopyWithAssumedAlignment<MaxVecBits>>, Args...> &, const cute::Tensor<SrcEngine, SrcLayout> &, cute::Tensor<DstEngine, DstLayout> &)" failed deduction
  copy(Copy_Atom<Copy_Traits<AutoVectorizingCopyWithAssumedAlignment<MaxVecBits>>, Args...> const&,
  ^
/home/lcpu/85117379/flashkda-phase1-prefetch-1ce47ea-b300-r2/cutlass/include/cute/algorithm/copy.hpp(375): note #3327-D: candidate function template "cute::copy(const cute::Copy_Traits<cute::SM90_BULK_COPY_AUTO, CT_Args...> &, const cute::Tensor<SrcEngine, SrcLayout> &, cute::Tensor<DstEngine, DstLayout> &)" failed deduction
  copy(Copy_Traits<SM90_BULK_COPY_AUTO, CT_Args...> const& atom,
  ^
/home/lcpu/85117379/flashkda-phase1-prefetch-1ce47ea-b300-r2/cutlass/include/cute/algorithm/copy.hpp(408): note #3327-D: candidate function template "cute::copy(const cute::Copy_Atom<cute::Copy_Traits<cute::SM90_BULK_COPY_AUTO, CT_Args...>, CA_Args...> &, const cute::Tensor<SrcEngine, SrcLayout> &, cute::Tensor<DstEngine, DstLayout> &)" failed deduction
  copy(Copy_Atom<Copy_Traits<SM90_BULK_COPY_AUTO, CT_Args...>, CA_Args...> const& atom,
  ^
/home/lcpu/85117379/flashkda-phase1-prefetch-1ce47ea-b300-r2/cutlass/include/cute/algorithm/copy.hpp(439): note #3327-D: candidate function template "cute::copy(const cute::TiledCopy<CopyAtom, TV, Tiler> &, const cute::Tensor<SrcEngine, SrcLayout> &, cute::Tensor<DstEngine, DstLayout> &)" failed deduction
  copy(TiledCopy<CopyAtom, TV, Tiler> const& tiled_copy,
  ^
/home/lcpu/85117379/flashkda-phase1-prefetch-1ce47ea-b300-r2/cutlass/include/cute/algorithm/copy.hpp(462): note #3327-D: candidate function template "cute::copy(const cute::ThrCopy<TiledCopy, ThrIdx> &, const cute::Tensor<SrcEngine, SrcLayout> &, cute::Tensor<DstEngine, DstLayout> &)" failed deduction
  copy(ThrCopy<TiledCopy, ThrIdx> const& thr_copy,
  ^
/home/lcpu/85117379/flashkda-phase1-prefetch-1ce47ea-b300-r2/cutlass/include/cute/algorithm/copy.hpp(489): note #3327-D: candidate function template "cute::copy(const CopyPolicy &, const cute::Tensor<SrcEngine, SrcLayout> &, cute::Tensor<DstEngine, DstLayout> &)" failed deduction
  copy(CopyPolicy const& cpy,
  ^
/home/lcpu/85117379/flashkda-phase1-prefetch-1ce47ea-b300-r2/cutlass/include/cute/algorithm/copy.hpp(530): note #3322-D: number of parameters of function template "cute::copy(const cute::Tensor<SrcEngine, SrcLayout> &, cute::Tensor<DstEngine, DstLayout> &&)" does not match the call
  copy(Tensor<SrcEngine, SrcLayout> const& src,
  ^
/home/lcpu/85117379/flashkda-phase1-prefetch-1ce47ea-b300-r2/cutlass/include/cute/algorithm/copy.hpp(541): note #3327-D: candidate function template "cute::copy(const CopyPolicy &, const cute::Tensor<SrcEngine, SrcLayout> &, cute::Tensor<DstEngine, DstLayout> &&)" failed deduction
  copy(CopyPolicy const& copy_policy,
  ^
          detected during:
            instantiation of "void _flash_kda_fwd_recurrence_vshard4_p2_phase1pf<TmaLoadV,TmaLoadBeta,TmaLoadWsKD,TmaLoadWsQD,TmaLoadWsKR,TmaLoadWsGT,TmaLoadWsINV,TmaLoadWsMqk,TmaLoadState,TmaStoreState,TmaStoreOut,CHUNK,KDim,VDim,InputStages,OutputStages,NumThreads,HasStateIn,HasStateOut,StateFP32,IsVarlen>(TmaLoadV, TmaLoadBeta, TmaLoadWsKD, TmaLoadWsQD, TmaLoadWsKR, TmaLoadWsGT, TmaLoadWsINV, TmaLoadWsMqk, TmaLoadState, TmaStoreState, TmaStoreOut, cutlass::bfloat16_t *, int, int, int, const int64_t *, int) [with TmaLoadV=cute::TiledCopy<cute::Copy_Atom<cute::Copy_Traits<cute::SM90_TMA_LOAD, cute::C<2048>, cute::AuxTmaParams<cute::tuple<cute::ScaledBasis<cute::C<1>, 2>, cute::ScaledBasis<cute::C<1>, 1>, cute::ScaledBasis<int, 0>>, const cute::Layout<cute::tuple<cute::C<8>, cute::C<16>, cute::C<1>>, cute::tuple<cute::ScaledBasis<cute::C<1>, 2>, cute::ScaledBasis<cute::C<1>, 1>, cute::ScaledBasis<cute::C<1>, 0>>> &, const cute::Swizzle<0, 4, 3> &>>, cutlass::bfloat16_t>, cute::Layout<cute::tuple<cute::_1, cute::tuple<cute::tuple<cute::tuple<cute::C<8>, cute::C<16>>, cute::_4>>>, cute::tuple<cute::C<0>, cute::tuple<cute::tuple<cute::tuple<cute::_16, cute::_1>, cute::_128>>>>, cute::tuple<cute::_1, cute::C<16>, cute::C<32>>>, TmaLoadBeta=cute::TiledCopy<cute::Copy_Atom<cute::Copy_Traits<cute::SM90_TMA_LOAD, cute::C<512>, cute::AuxTmaParams<cute::tuple<cute::ScaledBasis<cute::C<1>, 0>>, const cute::Layout<cute::tuple<cute::_32>, cute::tuple<cute::ScaledBasis<cute::C<1>, 0>>> &, const cute::Swizzle<0, 4, 3> &>>, cutlass::bfloat16_t>, cute::Layout<cute::tuple<cute::_1, cute::tuple<cute::tuple<cute::_32, cute::_1>>>, cute::tuple<cute::C<0>, cute::tuple<cute::tuple<cute::_1, cute::C<0>>>>>, cute::tuple<cute::_32>>, TmaLoadWsKD=cute::TiledCopy<cute::Copy_Atom<cute::Copy_Traits<cute::SM90_TMA_LOAD, cute::C<2048>, cute::AuxTmaParams<cute::tuple<cute::ScaledBasis<cute::C<1>, 2>, cute::ScaledBasis<cute::C<1>, 1>, cute::ScaledBasis<cute::C<1>, 0>>, const cute::Layout<cute::tuple<cute::C<8>, cute::C<16>, cute::C<1>>, cute::tuple<cute::ScaledBasis<cute::C<1>, 2>, cute::ScaledBasis<cute::C<1>, 1>, cute::ScaledBasis<cute::C<1>, 0>>> &, const cute::Swizzle<0, 4, 3> &>>, cutlass::bfloat16_t>, cute::Layout<cute::tuple<cute::_1, cute::tuple<cute::tuple<cute::tuple<cute::C<8>, cute::C<16>>, cute::_16>>>, cute::tuple<cute::C<0>, cute::tuple<cute::tuple<cute::tuple<cute::_16, cute::_1>, cute::_128>>>>, cute::tuple<cute::_1, cute::_16, cute::_128>>, TmaLoadWsQD=cute::TiledCopy<cute::Copy_Atom<cute::Copy_Traits<cute::SM90_TMA_LOAD, cute::C<2048>, cute::AuxTmaParams<cute::tuple<cute::ScaledBasis<cute::C<1>, 2>, cute::ScaledBasis<cute::C<1>, 1>, cute::ScaledBasis<cute::C<1>, 0>>, const cute::Layout<cute::tuple<cute::C<8>, cute::C<16>, cute::C<1>>, cute::tuple<cute::ScaledBasis<cute::C<1>, 2>, cute::ScaledBasis<cute::C<1>, 1>, cute::ScaledBasis<cute::C<1>, 0>>> &, const cute::Swizzle<0, 4, 3> &>>, cutlass::bfloat16_t>, cute::Layout<cute::tuple<cute::_1, cute::tuple<cute::tuple<cute::tuple<cute::C<8>, cute::C<16>>, cute::_16>>>, cute::tuple<cute::C<0>, cute::tuple<cute::tuple<cute::tuple<cute::_16, cute::_1>, cute::_128>>>>, cute::tuple<cute::_1, cute::_16, cute::_128>>, TmaLoadWsKR=cute::TiledCopy<cute::Copy_Atom<cute::Copy_Traits<cute::SM90_TMA_LOAD, cute::C<2048>, cute::AuxTmaParams<cute::tuple<cute::ScaledBasis<cute::C<1>, 2>, cute::ScaledBasis<cute::C<1>, 1>, cute::ScaledBasis<cute::C<1>, 0>>, const cute::Layout<cute::tuple<cute::C<8>, cute::C<16>, cute::C<1>>, cute::tuple<cute::ScaledBasis<cute::C<1>, 2>, cute::ScaledBasis<cute::C<1>, 1>, cute::ScaledBasis<cute::C<1>, 0>>> &, const cute::Swizzle<0, 4, 3> &>>, cutlass::bfloat16_t>, cute::Layout<cute::tuple<cute::_1, cute::tuple<cute::tuple<cute::tuple<cute::C<8>, cute::C<16>>, cute::_16>>>, cute::tuple<cute::C<0>, cute::tuple<cute::tuple<cute::tuple<cute::_16, cute::_1>, cute::_128>>>>, cute::tuple<cute::_1, cute::_16, cute::_128>>, TmaLoadWsGT=cute::TiledCopy<cute::Copy_Atom<cute::Copy_Traits<cute::SM90_TMA_LOAD, cute::C<4096>, cute::AuxTmaParams<cute::tuple<cute::ScaledBasis<cute::C<1>, 1>, cute::ScaledBasis<cute::C<1>, 0>>, const cute::Layout<cute::tuple<cute::_128, cute::_1>, cute::tuple<cute::ScaledBasis<cute::C<1>, 1>, cute::ScaledBasis<cute::C<1>, 0>>> &, const cute::Swizzle<0, 4, 3> &>>, float>, cute::Layout<cute::tuple<cute::_1, cute::tuple<cute::tuple<cute::_128, cute::_1>>>, cute::tuple<cute::C<0>, cute::tuple<cute::tuple<cute::_1, cute::C<0>>>>>, cute::tuple<cute::_1, cute::_128>>, TmaLoadWsINV=cute::TiledCopy<cute::Copy_Atom<cute::Copy_Traits<cute::SM90_TMA_LOAD, cute::C<2048>, cute::AuxTmaParams<cute::tuple<cute::ScaledBasis<cute::C<1>, 2>, cute::ScaledBasis<cute::C<1>, 1>, cute::ScaledBasis<cute::C<1>, 0>>, const cute::Layout<cute::tuple<cute::C<8>, cute::C<16>, cute::C<1>>, cute::tuple<cute::ScaledBasis<cute::C<1>, 2>, cute::ScaledBasis<cute::C<1>, 1>, cute::ScaledBasis<cute::C<1>, 0>>> &, const cute::Swizzle<0, 4, 3> &>>, cutlass::bfloat16_t>, cute::Layout<cute::tuple<cute::_1, cute::tuple<cute::tuple<cute::tuple<cute::C<8>, cute::C<16>>, cute::_2>>>, cute::tuple<cute::C<0>, cute::tuple<cute::tuple<cute::tuple<cute::_16, cute::_1>, cute::_128>>>>, cute::tuple<cute::_1, cute::C<16>, cute::C<16>>>, TmaLoadWsMqk=cute::TiledCopy<cute::Copy_Atom<cute::Copy_Traits<cute::SM90_TMA_LOAD, cute::C<2048>, cute::AuxTmaParams<cute::tuple<cute::ScaledBasis<cute::C<1>, 2>, cute::ScaledBasis<cute::C<1>, 1>, cute::ScaledBasis<cute::C<1>, 0>>, const cute::Layout<cute::tuple<cute::C<8>, cute::C<16>, cute::C<1>>, cute::tuple<cute::ScaledBasis<cute::C<1>, 2>, cute::ScaledBasis<cute::C<1>, 1>, cute::ScaledBasis<cute::C<1>, 0>>> &, const cute::Swizzle<0, 4, 3> &>>, cutlass::bfloat16_t>, cute::Layout<cute::tuple<cute::_1, cute::tuple<cute::tuple<cute::tuple<cute::C<8>, cute::C<16>>, cute::_2>>>, cute::tuple<cute::C<0>, cute::tuple<cute::tuple<cute::tuple<cute::_16, cute::_1>, cute::_128>>>>, cute::tuple<cute::_1, cute::C<16>, cute::C<16>>>, TmaLoadState=cute::TiledCopy<cute::Copy_Atom<cute::Copy_Traits<cute::SM90_TMA_LOAD, cute::C<4096>, cute::AuxTmaParams<cute::tuple<cute::ScaledBasis<cute::C<1>, 2>, cute::ScaledBasis<cute::C<1>, 1>, cute::ScaledBasis<cute::C<1>, 0>>, const cute::Layout<cute::tuple<cute::C<8>, cute::C<32>, cute::C<1>>, cute::tuple<cute::ScaledBasis<cute::C<1>, 2>, cute::ScaledBasis<cute::C<1>, 1>, cute::ScaledBasis<cute::C<1>, 0>>> &, const cute::Swizzle<0, 4, 3> &>>, cutlass::bfloat16_t>, cute::Layout<cute::tuple<cute::_1, cute::tuple<cute::tuple<cute::tuple<cute::C<8>, cute::C<32>>, cute::_16>>>, cute::tuple<cute::C<0>, cute::tuple<cute::tuple<cute::tuple<cute::_32, cute::_1>, cute::_256>>>>, cute::tuple<cute::_1, cute::C<32>, cute::C<128>>>, TmaStoreState=cute::TiledCopy<cute::Copy_Atom<cute::Copy_Traits<cute::SM90_TMA_STORE, cute::C<4096>, cute::AuxTmaParams<cute::tuple<cute::ScaledBasis<cute::C<1>, 2>, cute::ScaledBasis<cute::C<1>, 1>, cute::ScaledBasis<cute::C<1>, 0>>, const cute::Layout<cute::tuple<cute::C<8>, cute::C<32>, cute::C<1>>, cute::tuple<cute::ScaledBasis<cute::C<1>, 2>, cute::ScaledBasis<cute::C<1>, 1>, cute::ScaledBasis<cute::C<1>, 0>>> &, const cute::Swizzle<0, 4, 3> &>>, cutlass::bfloat16_t>, cute::Layout<cute::tuple<cute::_1, cute::tuple<cute::tuple<cute::tuple<cute::C<8>, cute::C<32>>, cute::_16>>>, cute::tuple<cute::C<0>, cute::tuple<cute::tuple<cute::tuple<cute::_32, cute::_1>, cute::_256>>>>, cute::tuple<cute::_1, cute::C<32>, cute::C<128>>>, TmaStoreOut=cute::TiledCopy<cute::Copy_Atom<cute::Copy_Traits<cute::SM90_TMA_STORE, cute::C<2048>, cute::AuxTmaParams<cute::tuple<cute::ScaledBasis<cute::C<1>, 2>, cute::ScaledBasis<cute::C<1>, 1>, cute::ScaledBasis<int, 0>>, const cute::Layout<cute::tuple<cute::C<8>, cute::C<16>, cute::C<1>>, cute::tuple<cute::ScaledBasis<cute::C<1>, 2>, cute::ScaledBasis<cute::C<1>, 1>, cute::ScaledBasis<cute::C<1>, 0>>> &, const cute::Swizzle<0, 4, 3> &>>, cutlass::bfloat16_t>, cute::Layout<cute::tuple<cute::_1, cute::tuple<cute::tuple<cute::tuple<cute::C<8>, cute::C<16>>, cute::_4>>>, cute::tuple<cute::C<0>, cute::tuple<cute::tuple<cute::tuple<cute::_16, cute::_1>, cute::_128>>>>, cute::tuple<cute::_1, cute::C<16>, cute::C<32>>>, CHUNK=16, KDim=128, VDim=32, InputStages=3, OutputStages=2, NumThreads=128, HasStateIn=false, HasStateOut=false, StateFP32=false, IsVarlen=false]" at line 1399 of csrc/smxx/fwd_launch.cu
            instantiation of "void launch_fwd_vshard4_p2_phase1pf<D,HasStateIn,HasStateOut,StateFP32,IsVarlen>(const cutlass::bfloat16_t *, const cutlass::bfloat16_t *, const cutlass::bfloat16_t *, const cutlass::bfloat16_t *, const cutlass::bfloat16_t *, const void *, float, void *, cutlass::bfloat16_t *, void *, int, int, int, int, const int64_t *, const float *, const float *, float, cudaStream_t) [with D=128, HasStateIn=false, HasStateOut=false, StateFP32=false, IsVarlen=false]" at line 1438 of csrc/smxx/fwd_launch.cu

csrc/smxx/fwd_kernel2_vshard4_p2_phase1pf.cuh(644): error: no instance of overloaded function "copy" matches the argument list
            argument types are: (cute::TiledCopy<cute::Copy_Atom<cute::SM75_U32x4_LDSM_N, cutlass::bfloat16_t>, cute::Layout<cute::tuple<cute::tuple<cute::_4, cute::_8>, cute::tuple<cute::tuple<cute::_2, cute::_2, cute::_2>, cute::tuple<cute::_1, cute::_1>>>, cute::tuple<cute::tuple<cute::_32, cute::_1>, cute::tuple<cute::tuple<cute::_16, cute::_8, cute::_128>, cute::tuple<cute::_0, cute::_0>>>>, cute::tuple<cute::C<16>, cute::C<16>>>, cute::Tensor<cute::ViewEngine<cute::smem_ptr<cutlass::bfloat16_t *>>, cute::Layout<cute::tuple<cute::tuple<cute::_8, cute::_1>, cute::_1, cute::_1>, cute::tuple<cute::tuple<cute::_1, cute::C<0>>, cute::C<0>, cute::C<0>>>>, Phase1AInputViewT [2])
              copy(smem_tiled_copy_A, smem_thr_copy_A.partition_S(INV), tCrAi_k_view);
              ^
/home/lcpu/85117379/flashkda-phase1-prefetch-1ce47ea-b300-r2/cutlass/include/cute/algorithm/copy.hpp(173): note #3326-D: function template "cute::copy(const cute::AutoCopyAsync &, const cute::Tensor<SrcEngine, SrcLayout> &, cute::Tensor<DstEngine, DstLayout> &)" does not match because argument #1 does not match parameter
  copy(AutoCopyAsync const& cpy,
  ^
/home/lcpu/85117379/flashkda-phase1-prefetch-1ce47ea-b300-r2/cutlass/include/cute/algorithm/copy.hpp(189): note #3327-D: candidate function template "cute::copy(const cute::Copy_Atom<CopyArgs...> &, const cute::Tensor<SrcEngine, SrcLayout> &, cute::Tensor<DstEngine, DstLayout> &)" failed deduction
  copy(Copy_Atom<CopyArgs...> const& copy_atom,
  ^
/home/lcpu/85117379/flashkda-phase1-prefetch-1ce47ea-b300-r2/cutlass/include/cute/algorithm/copy.hpp(247): note #3327-D: candidate function template "cute::copy(const cute::AutoVectorizingCopyWithAssumedAlignment<MaxVecBits> &, const cute::Tensor<SrcEngine, SrcLayout> &, cute::Tensor<DstEngine, DstLayout> &)" failed deduction
  copy(AutoVectorizingCopyWithAssumedAlignment<MaxVecBits> const&,
  ^
/home/lcpu/85117379/flashkda-phase1-prefetch-1ce47ea-b300-r2/cutlass/include/cute/algorithm/copy.hpp(288): note #3327-D: candidate function template "cute::copy(const cute::AutoFilter<CopyOp> &, const cute::Tensor<SrcEngine, SrcLayout> &, cute::Tensor<DstEngine, DstLayout> &)" failed deduction
  copy(AutoFilter<CopyOp> const& copy_op,
  ^
/home/lcpu/85117379/flashkda-phase1-prefetch-1ce47ea-b300-r2/cutlass/include/cute/algorithm/copy.hpp(312): note #3322-D: number of parameters of function template "cute::copy(const cute::Tensor<SrcEngine, SrcLayout> &, cute::Tensor<DstEngine, DstLayout> &)" does not match the call
  copy(Tensor<SrcEngine, SrcLayout> const& src,
  ^
/home/lcpu/85117379/flashkda-phase1-prefetch-1ce47ea-b300-r2/cutlass/include/cute/algorithm/copy.hpp(350): note #3327-D: candidate function template "cute::copy(const cute::Copy_Atom<cute::AutoVectorizingCopyWithAssumedAlignment<MaxVecBits>, Args...> &, const cute::Tensor<SrcEngine, SrcLayout> &, cute::Tensor<DstEngine, DstLayout> &)" failed deduction
  copy(Copy_Atom<AutoVectorizingCopyWithAssumedAlignment<MaxVecBits>, Args...> const&,
  ^
/home/lcpu/85117379/flashkda-phase1-prefetch-1ce47ea-b300-r2/cutlass/include/cute/algorithm/copy.hpp(362): note #3327-D: candidate function template "cute::copy(const cute::Copy_Atom<cute::Copy_Traits<cute::AutoVectorizingCopyWithAssumedAlignment<MaxVecBits>>, Args...> &, const cute::Tensor<SrcEngine, SrcLayout> &, cute::Tensor<DstEngine, DstLayout> &)" failed deduction
  copy(Copy_Atom<Copy_Traits<AutoVectorizingCopyWithAssumedAlignment<MaxVecBits>>, Args...> const&,
  ^
/home/lcpu/85117379/flashkda-phase1-prefetch-1ce47ea-b300-r2/cutlass/include/cute/algorithm/copy.hpp(375): note #3327-D: candidate function template "cute::copy(const cute::Copy_Traits<cute::SM90_BULK_COPY_AUTO, CT_Args...> &, const cute::Tensor<SrcEngine, SrcLayout> &, cute::Tensor<DstEngine, DstLayout> &)" failed deduction
  copy(Copy_Traits<SM90_BULK_COPY_AUTO, CT_Args...> const& atom,
  ^
/home/lcpu/85117379/flashkda-phase1-prefetch-1ce47ea-b300-r2/cutlass/include/cute/algorithm/copy.hpp(408): note #3327-D: candidate function template "cute::copy(const cute::Copy_Atom<cute::Copy_Traits<cute::SM90_BULK_COPY_AUTO, CT_Args...>, CA_Args...> &, const cute::Tensor<SrcEngine, SrcLayout> &, cute::Tensor<DstEngine, DstLayout> &)" failed deduction
  copy(Copy_Atom<Copy_Traits<SM90_BULK_COPY_AUTO, CT_Args...>, CA_Args...> const& atom,
  ^
/home/lcpu/85117379/flashkda-phase1-prefetch-1ce47ea-b300-r2/cutlass/include/cute/algorithm/copy.hpp(439): note #3327-D: candidate function template "cute::copy(const cute::TiledCopy<CopyAtom, TV, Tiler> &, const cute::Tensor<SrcEngine, SrcLayout> &, cute::Tensor<DstEngine, DstLayout> &)" failed deduction
  copy(TiledCopy<CopyAtom, TV, Tiler> const& tiled_copy,
  ^
/home/lcpu/85117379/flashkda-phase1-prefetch-1ce47ea-b300-r2/cutlass/include/cute/algorithm/copy.hpp(462): note #3327-D: candidate function template "cute::copy(const cute::ThrCopy<TiledCopy, ThrIdx> &, const cute::Tensor<SrcEngine, SrcLayout> &, cute::Tensor<DstEngine, DstLayout> &)" failed deduction
  copy(ThrCopy<TiledCopy, ThrIdx> const& thr_copy,
  ^
/home/lcpu/85117379/flashkda-phase1-prefetch-1ce47ea-b300-r2/cutlass/include/cute/algorithm/copy.hpp(489): note #3327-D: candidate function template "cute::copy(const CopyPolicy &, const cute::Tensor<SrcEngine, SrcLayout> &, cute::Tensor<DstEngine, DstLayout> &)" failed deduction
  copy(CopyPolicy const& cpy,
  ^
/home/lcpu/85117379/flashkda-phase1-prefetch-1ce47ea-b300-r2/cutlass/include/cute/algorithm/copy.hpp(530): note #3322-D: number of parameters of function template "cute::copy(const cute::Tensor<SrcEngine, SrcLayout> &, cute::Tensor<DstEngine, DstLayout> &&)" does not match the call
  copy(Tensor<SrcEngine, SrcLayout> const& src,
  ^
/home/lcpu/85117379/flashkda-phase1-prefetch-1ce47ea-b300-r2/cutlass/include/cute/algorithm/copy.hpp(541): note #3327-D: candidate function template "cute::copy(const CopyPolicy &, const cute::Tensor<SrcEngine, SrcLayout> &, cute::Tensor<DstEngine, DstLayout> &&)" failed deduction
  copy(CopyPolicy const& copy_policy,
  ^
          detected during:
            instantiation of "void _flash_kda_fwd_recurrence_vshard4_p2_phase1pf<TmaLoadV,TmaLoadBeta,TmaLoadWsKD,TmaLoadWsQD,TmaLoadWsKR,TmaLoadWsGT,TmaLoadWsINV,TmaLoadWsMqk,TmaLoadState,TmaStoreState,TmaStoreOut,CHUNK,KDim,VDim,InputStages,OutputStages,NumThreads,HasStateIn,HasStateOut,StateFP32,IsVarlen>(TmaLoadV, TmaLoadBeta, TmaLoadWsKD, TmaLoadWsQD, TmaLoadWsKR, TmaLoadWsGT, TmaLoadWsINV, TmaLoadWsMqk, TmaLoadState, TmaStoreState, TmaStoreOut, cutlass::bfloat16_t *, int, int, int, const int64_t *, int) [with TmaLoadV=cute::TiledCopy<cute::Copy_Atom<cute::Copy_Traits<cute::SM90_TMA_LOAD, cute::C<2048>, cute::AuxTmaParams<cute::tuple<cute::ScaledBasis<cute::C<1>, 2>, cute::ScaledBasis<cute::C<1>, 1>, cute::ScaledBasis<int, 0>>, const cute::Layout<cute::tuple<cute::C<8>, cute::C<16>, cute::C<1>>, cute::tuple<cute::ScaledBasis<cute::C<1>, 2>, cute::ScaledBasis<cute::C<1>, 1>, cute::ScaledBasis<cute::C<1>, 0>>> &, const cute::Swizzle<0, 4, 3> &>>, cutlass::bfloat16_t>, cute::Layout<cute::tuple<cute::_1, cute::tuple<cute::tuple<cute::tuple<cute::C<8>, cute::C<16>>, cute::_4>>>, cute::tuple<cute::C<0>, cute::tuple<cute::tuple<cute::tuple<cute::_16, cute::_1>, cute::_128>>>>, cute::tuple<cute::_1, cute::C<16>, cute::C<32>>>, TmaLoadBeta=cute::TiledCopy<cute::Copy_Atom<cute::Copy_Traits<cute::SM90_TMA_LOAD, cute::C<512>, cute::AuxTmaParams<cute::tuple<cute::ScaledBasis<cute::C<1>, 0>>, const cute::Layout<cute::tuple<cute::_32>, cute::tuple<cute::ScaledBasis<cute::C<1>, 0>>> &, const cute::Swizzle<0, 4, 3> &>>, cutlass::bfloat16_t>, cute::Layout<cute::tuple<cute::_1, cute::tuple<cute::tuple<cute::_32, cute::_1>>>, cute::tuple<cute::C<0>, cute::tuple<cute::tuple<cute::_1, cute::C<0>>>>>, cute::tuple<cute::_32>>, TmaLoadWsKD=cute::TiledCopy<cute::Copy_Atom<cute::Copy_Traits<cute::SM90_TMA_LOAD, cute::C<2048>, cute::AuxTmaParams<cute::tuple<cute::ScaledBasis<cute::C<1>, 2>, cute::ScaledBasis<cute::C<1>, 1>, cute::ScaledBasis<cute::C<1>, 0>>, const cute::Layout<cute::tuple<cute::C<8>, cute::C<16>, cute::C<1>>, cute::tuple<cute::ScaledBasis<cute::C<1>, 2>, cute::ScaledBasis<cute::C<1>, 1>, cute::ScaledBasis<cute::C<1>, 0>>> &, const cute::Swizzle<0, 4, 3> &>>, cutlass::bfloat16_t>, cute::Layout<cute::tuple<cute::_1, cute::tuple<cute::tuple<cute::tuple<cute::C<8>, cute::C<16>>, cute::_16>>>, cute::tuple<cute::C<0>, cute::tuple<cute::tuple<cute::tuple<cute::_16, cute::_1>, cute::_128>>>>, cute::tuple<cute::_1, cute::_16, cute::_128>>, TmaLoadWsQD=cute::TiledCopy<cute::Copy_Atom<cute::Copy_Traits<cute::SM90_TMA_LOAD, cute::C<2048>, cute::AuxTmaParams<cute::tuple<cute::ScaledBasis<cute::C<1>, 2>, cute::ScaledBasis<cute::C<1>, 1>, cute::ScaledBasis<cute::C<1>, 0>>, const cute::Layout<cute::tuple<cute::C<8>, cute::C<16>, cute::C<1>>, cute::tuple<cute::ScaledBasis<cute::C<1>, 2>, cute::ScaledBasis<cute::C<1>, 1>, cute::ScaledBasis<cute::C<1>, 0>>> &, const cute::Swizzle<0, 4, 3> &>>, cutlass::bfloat16_t>, cute::Layout<cute::tuple<cute::_1, cute::tuple<cute::tuple<cute::tuple<cute::C<8>, cute::C<16>>, cute::_16>>>, cute::tuple<cute::C<0>, cute::tuple<cute::tuple<cute::tuple<cute::_16, cute::_1>, cute::_128>>>>, cute::tuple<cute::_1, cute::_16, cute::_128>>, TmaLoadWsKR=cute::TiledCopy<cute::Copy_Atom<cute::Copy_Traits<cute::SM90_TMA_LOAD, cute::C<2048>, cute::AuxTmaParams<cute::tuple<cute::ScaledBasis<cute::C<1>, 2>, cute::ScaledBasis<cute::C<1>, 1>, cute::ScaledBasis<cute::C<1>, 0>>, const cute::Layout<cute::tuple<cute::C<8>, cute::C<16>, cute::C<1>>, cute::tuple<cute::ScaledBasis<cute::C<1>, 2>, cute::ScaledBasis<cute::C<1>, 1>, cute::ScaledBasis<cute::C<1>, 0>>> &, const cute::Swizzle<0, 4, 3> &>>, cutlass::bfloat16_t>, cute::Layout<cute::tuple<cute::_1, cute::tuple<cute::tuple<cute::tuple<cute::C<8>, cute::C<16>>, cute::_16>>>, cute::tuple<cute::C<0>, cute::tuple<cute::tuple<cute::tuple<cute::_16, cute::_1>, cute::_128>>>>, cute::tuple<cute::_1, cute::_16, cute::_128>>, TmaLoadWsGT=cute::TiledCopy<cute::Copy_Atom<cute::Copy_Traits<cute::SM90_TMA_LOAD, cute::C<4096>, cute::AuxTmaParams<cute::tuple<cute::ScaledBasis<cute::C<1>, 1>, cute::ScaledBasis<cute::C<1>, 0>>, const cute::Layout<cute::tuple<cute::_128, cute::_1>, cute::tuple<cute::ScaledBasis<cute::C<1>, 1>, cute::ScaledBasis<cute::C<1>, 0>>> &, const cute::Swizzle<0, 4, 3> &>>, float>, cute::Layout<cute::tuple<cute::_1, cute::tuple<cute::tuple<cute::_128, cute::_1>>>, cute::tuple<cute::C<0>, cute::tuple<cute::tuple<cute::_1, cute::C<0>>>>>, cute::tuple<cute::_1, cute::_128>>, TmaLoadWsINV=cute::TiledCopy<cute::Copy_Atom<cute::Copy_Traits<cute::SM90_TMA_LOAD, cute::C<2048>, cute::AuxTmaParams<cute::tuple<cute::ScaledBasis<cute::C<1>, 2>, cute::ScaledBasis<cute::C<1>, 1>, cute::ScaledBasis<cute::C<1>, 0>>, const cute::Layout<cute::tuple<cute::C<8>, cute::C<16>, cute::C<1>>, cute::tuple<cute::ScaledBasis<cute::C<1>, 2>, cute::ScaledBasis<cute::C<1>, 1>, cute::ScaledBasis<cute::C<1>, 0>>> &, const cute::Swizzle<0, 4, 3> &>>, cutlass::bfloat16_t>, cute::Layout<cute::tuple<cute::_1, cute::tuple<cute::tuple<cute::tuple<cute::C<8>, cute::C<16>>, cute::_2>>>, cute::tuple<cute::C<0>, cute::tuple<cute::tuple<cute::tuple<cute::_16, cute::_1>, cute::_128>>>>, cute::tuple<cute::_1, cute::C<16>, cute::C<16>>>, TmaLoadWsMqk=cute::TiledCopy<cute::Copy_Atom<cute::Copy_Traits<cute::SM90_TMA_LOAD, cute::C<2048>, cute::AuxTmaParams<cute::tuple<cute::ScaledBasis<cute::C<1>, 2>, cute::ScaledBasis<cute::C<1>, 1>, cute::ScaledBasis<cute::C<1>, 0>>, const cute::Layout<cute::tuple<cute::C<8>, cute::C<16>, cute::C<1>>, cute::tuple<cute::ScaledBasis<cute::C<1>, 2>, cute::ScaledBasis<cute::C<1>, 1>, cute::ScaledBasis<cute::C<1>, 0>>> &, const cute::Swizzle<0, 4, 3> &>>, cutlass::bfloat16_t>, cute::Layout<cute::tuple<cute::_1, cute::tuple<cute::tuple<cute::tuple<cute::C<8>, cute::C<16>>, cute::_2>>>, cute::tuple<cute::C<0>, cute::tuple<cute::tuple<cute::tuple<cute::_16, cute::_1>, cute::_128>>>>, cute::tuple<cute::_1, cute::C<16>, cute::C<16>>>, TmaLoadState=cute::TiledCopy<cute::Copy_Atom<cute::Copy_Traits<cute::SM90_TMA_LOAD, cute::C<4096>, cute::AuxTmaParams<cute::tuple<cute::ScaledBasis<cute::C<1>, 2>, cute::ScaledBasis<cute::C<1>, 1>, cute::ScaledBasis<cute::C<1>, 0>>, const cute::Layout<cute::tuple<cute::C<8>, cute::C<32>, cute::C<1>>, cute::tuple<cute::ScaledBasis<cute::C<1>, 2>, cute::ScaledBasis<cute::C<1>, 1>, cute::ScaledBasis<cute::C<1>, 0>>> &, const cute::Swizzle<0, 4, 3> &>>, cutlass::bfloat16_t>, cute::Layout<cute::tuple<cute::_1, cute::tuple<cute::tuple<cute::tuple<cute::C<8>, cute::C<32>>, cute::_16>>>, cute::tuple<cute::C<0>, cute::tuple<cute::tuple<cute::tuple<cute::_32, cute::_1>, cute::_256>>>>, cute::tuple<cute::_1, cute::C<32>, cute::C<128>>>, TmaStoreState=cute::TiledCopy<cute::Copy_Atom<cute::Copy_Traits<cute::SM90_TMA_STORE, cute::C<4096>, cute::AuxTmaParams<cute::tuple<cute::ScaledBasis<cute::C<1>, 2>, cute::ScaledBasis<cute::C<1>, 1>, cute::ScaledBasis<cute::C<1>, 0>>, const cute::Layout<cute::tuple<cute::C<8>, cute::C<32>, cute::C<1>>, cute::tuple<cute::ScaledBasis<cute::C<1>, 2>, cute::ScaledBasis<cute::C<1>, 1>, cute::ScaledBasis<cute::C<1>, 0>>> &, const cute::Swizzle<0, 4, 3> &>>, cutlass::bfloat16_t>, cute::Layout<cute::tuple<cute::_1, cute::tuple<cute::tuple<cute::tuple<cute::C<8>, cute::C<32>>, cute::_16>>>, cute::tuple<cute::C<0>, cute::tuple<cute::tuple<cute::tuple<cute::_32, cute::_1>, cute::_256>>>>, cute::tuple<cute::_1, cute::C<32>, cute::C<128>>>, TmaStoreOut=cute::TiledCopy<cute::Copy_Atom<cute::Copy_Traits<cute::SM90_TMA_STORE, cute::C<2048>, cute::AuxTmaParams<cute::tuple<cute::ScaledBasis<cute::C<1>, 2>, cute::ScaledBasis<cute::C<1>, 1>, cute::ScaledBasis<int, 0>>, const cute::Layout<cute::tuple<cute::C<8>, cute::C<16>, cute::C<1>>, cute::tuple<cute::ScaledBasis<cute::C<1>, 2>, cute::ScaledBasis<cute::C<1>, 1>, cute::ScaledBasis<cute::C<1>, 0>>> &, const cute::Swizzle<0, 4, 3> &>>, cutlass::bfloat16_t>, cute::Layout<cute::tuple<cute::_1, cute::tuple<cute::tuple<cute::tuple<cute::C<8>, cute::C<16>>, cute::_4>>>, cute::tuple<cute::C<0>, cute::tuple<cute::tuple<cute::tuple<cute::_16, cute::_1>, cute::_128>>>>, cute::tuple<cute::_1, cute::C<16>, cute::C<32>>>, CHUNK=16, KDim=128, VDim=32, InputStages=3, OutputStages=2, NumThreads=128, HasStateIn=false, HasStateOut=true, StateFP32=false, IsVarlen=false]" at line 1399 of csrc/smxx/fwd_launch.cu
            instantiation of "void launch_fwd_vshard4_p2_phase1pf<D,HasStateIn,HasStateOut,StateFP32,IsVarlen>(const cutlass::bfloat16_t *, const cutlass::bfloat16_t *, const cutlass::bfloat16_t *, const cutlass::bfloat16_t *, const cutlass::bfloat16_t *, const void *, float, void *, cutlass::bfloat16_t *, void *, int, int, int, int, const int64_t *, const float *, const float *, float, cudaStream_t) [with D=128, HasStateIn=false, HasStateOut=true, StateFP32=false, IsVarlen=false]" at line 1438 of csrc/smxx/fwd_launch.cu

csrc/smxx/fwd_kernel2_vshard4_p2_phase1pf.cuh(687): error: no instance of overloaded function "copy" matches the argument list
            argument types are: (cute::TiledCopy<cute::Copy_Atom<cute::SM75_U32x4_LDSM_N, cutlass::bfloat16_t>, cute::Layout<cute::tuple<cute::tuple<cute::_4, cute::_8>, cute::tuple<cute::tuple<cute::_2, cute::_2, cute::_2>, cute::tuple<cute::_1, cute::_1>>>, cute::tuple<cute::tuple<cute::_32, cute::_1>, cute::tuple<cute::tuple<cute::_16, cute::_8, cute::_128>, cute::tuple<cute::_0, cute::_0>>>>, cute::tuple<cute::C<16>, cute::C<16>>>, cute::Tensor<cute::ViewEngine<cute::smem_ptr<cutlass::bfloat16_t *>>, cute::Layout<cute::tuple<cute::tuple<cute::_8, cute::_1>, cute::_1, cute::_1>, cute::tuple<cute::tuple<cute::_1, cute::C<0>>, cute::C<0>, cute::C<0>>>>, Phase1AInputViewT [2])
              copy(smem_tiled_copy_A, smem_thr_copy_A.partition_S(Mqk), tCrAi_k_view);
              ^
/home/lcpu/85117379/flashkda-phase1-prefetch-1ce47ea-b300-r2/cutlass/include/cute/algorithm/copy.hpp(173): note #3326-D: function template "cute::copy(const cute::AutoCopyAsync &, const cute::Tensor<SrcEngine, SrcLayout> &, cute::Tensor<DstEngine, DstLayout> &)" does not match because argument #1 does not match parameter
  copy(AutoCopyAsync const& cpy,
  ^
/home/lcpu/85117379/flashkda-phase1-prefetch-1ce47ea-b300-r2/cutlass/include/cute/algorithm/copy.hpp(189): note #3327-D: candidate function template "cute::copy(const cute::Copy_Atom<CopyArgs...> &, const cute::Tensor<SrcEngine, SrcLayout> &, cute::Tensor<DstEngine, DstLayout> &)" failed deduction
  copy(Copy_Atom<CopyArgs...> const& copy_atom,
  ^
/home/lcpu/85117379/flashkda-phase1-prefetch-1ce47ea-b300-r2/cutlass/include/cute/algorithm/copy.hpp(247): note #3327-D: candidate function template "cute::copy(const cute::AutoVectorizingCopyWithAssumedAlignment<MaxVecBits> &, const cute::Tensor<SrcEngine, SrcLayout> &, cute::Tensor<DstEngine, DstLayout> &)" failed deduction
  copy(AutoVectorizingCopyWithAssumedAlignment<MaxVecBits> const&,
  ^
/home/lcpu/85117379/flashkda-phase1-prefetch-1ce47ea-b300-r2/cutlass/include/cute/algorithm/copy.hpp(288): note #3327-D: candidate function template "cute::copy(const cute::AutoFilter<CopyOp> &, const cute::Tensor<SrcEngine, SrcLayout> &, cute::Tensor<DstEngine, DstLayout> &)" failed deduction
  copy(AutoFilter<CopyOp> const& copy_op,
  ^
/home/lcpu/85117379/flashkda-phase1-prefetch-1ce47ea-b300-r2/cutlass/include/cute/algorithm/copy.hpp(312): note #3322-D: number of parameters of function template "cute::copy(const cute::Tensor<SrcEngine, SrcLayout> &, cute::Tensor<DstEngine, DstLayout> &)" does not match the call
  copy(Tensor<SrcEngine, SrcLayout> const& src,
  ^
/home/lcpu/85117379/flashkda-phase1-prefetch-1ce47ea-b300-r2/cutlass/include/cute/algorithm/copy.hpp(350): note #3327-D: candidate function template "cute::copy(const cute::Copy_Atom<cute::AutoVectorizingCopyWithAssumedAlignment<MaxVecBits>, Args...> &, const cute::Tensor<SrcEngine, SrcLayout> &, cute::Tensor<DstEngine, DstLayout> &)" failed deduction
  copy(Copy_Atom<AutoVectorizingCopyWithAssumedAlignment<MaxVecBits>, Args...> const&,
  ^
/home/lcpu/85117379/flashkda-phase1-prefetch-1ce47ea-b300-r2/cutlass/include/cute/algorithm/copy.hpp(362): note #3327-D: candidate function template "cute::copy(const cute::Copy_Atom<cute::Copy_Traits<cute::AutoVectorizingCopyWithAssumedAlignment<MaxVecBits>>, Args...> &, const cute::Tensor<SrcEngine, SrcLayout> &, cute::Tensor<DstEngine, DstLayout> &)" failed deduction
  copy(Copy_Atom<Copy_Traits<AutoVectorizingCopyWithAssumedAlignment<MaxVecBits>>, Args...> const&,
  ^
/home/lcpu/85117379/flashkda-phase1-prefetch-1ce47ea-b300-r2/cutlass/include/cute/algorithm/copy.hpp(375): note #3327-D: candidate function template "cute::copy(const cute::Copy_Traits<cute::SM90_BULK_COPY_AUTO, CT_Args...> &, const cute::Tensor<SrcEngine, SrcLayout> &, cute::Tensor<DstEngine, DstLayout> &)" failed deduction
  copy(Copy_Traits<SM90_BULK_COPY_AUTO, CT_Args...> const& atom,
  ^
/home/lcpu/85117379/flashkda-phase1-prefetch-1ce47ea-b300-r2/cutlass/include/cute/algorithm/copy.hpp(408): note #3327-D: candidate function template "cute::copy(const cute::Copy_Atom<cute::Copy_Traits<cute::SM90_BULK_COPY_AUTO, CT_Args...>, CA_Args...> &, const cute::Tensor<SrcEngine, SrcLayout> &, cute::Tensor<DstEngine, DstLayout> &)" failed deduction
  copy(Copy_Atom<Copy_Traits<SM90_BULK_COPY_AUTO, CT_Args...>, CA_Args...> const& atom,
  ^
/home/lcpu/85117379/flashkda-phase1-prefetch-1ce47ea-b300-r2/cutlass/include/cute/algorithm/copy.hpp(439): note #3327-D: candidate function template "cute::copy(const cute::TiledCopy<CopyAtom, TV, Tiler> &, const cute::Tensor<SrcEngine, SrcLayout> &, cute::Tensor<DstEngine, DstLayout> &)" failed deduction
  copy(TiledCopy<CopyAtom, TV, Tiler> const& tiled_copy,
  ^
/home/lcpu/85117379/flashkda-phase1-prefetch-1ce47ea-b300-r2/cutlass/include/cute/algorithm/copy.hpp(462): note #3327-D: candidate function template "cute::copy(const cute::ThrCopy<TiledCopy, ThrIdx> &, const cute::Tensor<SrcEngine, SrcLayout> &, cute::Tensor<DstEngine, DstLayout> &)" failed deduction
  copy(ThrCopy<TiledCopy, ThrIdx> const& thr_copy,
  ^
/home/lcpu/85117379/flashkda-phase1-prefetch-1ce47ea-b300-r2/cutlass/include/cute/algorithm/copy.hpp(489): note #3327-D: candidate function template "cute::copy(const CopyPolicy &, const cute::Tensor<SrcEngine, SrcLayout> &, cute::Tensor<DstEngine, DstLayout> &)" failed deduction
  copy(CopyPolicy const& cpy,
  ^
/home/lcpu/85117379/flashkda-phase1-prefetch-1ce47ea-b300-r2/cutlass/include/cute/algorithm/copy.hpp(530): note #3322-D: number of parameters of function template "cute::copy(const cute::Tensor<SrcEngine, SrcLayout> &, cute::Tensor<DstEngine, DstLayout> &&)" does not match the call
  copy(Tensor<SrcEngine, SrcLayout> const& src,
  ^
/home/lcpu/85117379/flashkda-phase1-prefetch-1ce47ea-b300-r2/cutlass/include/cute/algorithm/copy.hpp(541): note #3327-D: candidate function template "cute::copy(const CopyPolicy &, const cute::Tensor<SrcEngine, SrcLayout> &, cute::Tensor<DstEngine, DstLayout> &&)" failed deduction
  copy(CopyPolicy const& copy_policy,
  ^
          detected during:
            instantiation of "void _flash_kda_fwd_recurrence_vshard4_p2_phase1pf<TmaLoadV,TmaLoadBeta,TmaLoadWsKD,TmaLoadWsQD,TmaLoadWsKR,TmaLoadWsGT,TmaLoadWsINV,TmaLoadWsMqk,TmaLoadState,TmaStoreState,TmaStoreOut,CHUNK,KDim,VDim,InputStages,OutputStages,NumThreads,HasStateIn,HasStateOut,StateFP32,IsVarlen>(TmaLoadV, TmaLoadBeta, TmaLoadWsKD, TmaLoadWsQD, TmaLoadWsKR, TmaLoadWsGT, TmaLoadWsINV, TmaLoadWsMqk, TmaLoadState, TmaStoreState, TmaStoreOut, cutlass::bfloat16_t *, int, int, int, const int64_t *, int) [with TmaLoadV=cute::TiledCopy<cute::Copy_Atom<cute::Copy_Traits<cute::SM90_TMA_LOAD, cute::C<2048>, cute::AuxTmaParams<cute::tuple<cute::ScaledBasis<cute::C<1>, 2>, cute::ScaledBasis<cute::C<1>, 1>, cute::ScaledBasis<int, 0>>, const cute::Layout<cute::tuple<cute::C<8>, cute::C<16>, cute::C<1>>, cute::tuple<cute::ScaledBasis<cute::C<1>, 2>, cute::ScaledBasis<cute::C<1>, 1>, cute::ScaledBasis<cute::C<1>, 0>>> &, const cute::Swizzle<0, 4, 3> &>>, cutlass::bfloat16_t>, cute::Layout<cute::tuple<cute::_1, cute::tuple<cute::tuple<cute::tuple<cute::C<8>, cute::C<16>>, cute::_4>>>, cute::tuple<cute::C<0>, cute::tuple<cute::tuple<cute::tuple<cute::_16, cute::_1>, cute::_128>>>>, cute::tuple<cute::_1, cute::C<16>, cute::C<32>>>, TmaLoadBeta=cute::TiledCopy<cute::Copy_Atom<cute::Copy_Traits<cute::SM90_TMA_LOAD, cute::C<512>, cute::AuxTmaParams<cute::tuple<cute::ScaledBasis<cute::C<1>, 0>>, const cute::Layout<cute::tuple<cute::_32>, cute::tuple<cute::ScaledBasis<cute::C<1>, 0>>> &, const cute::Swizzle<0, 4, 3> &>>, cutlass::bfloat16_t>, cute::Layout<cute::tuple<cute::_1, cute::tuple<cute::tuple<cute::_32, cute::_1>>>, cute::tuple<cute::C<0>, cute::tuple<cute::tuple<cute::_1, cute::C<0>>>>>, cute::tuple<cute::_32>>, TmaLoadWsKD=cute::TiledCopy<cute::Copy_Atom<cute::Copy_Traits<cute::SM90_TMA_LOAD, cute::C<2048>, cute::AuxTmaParams<cute::tuple<cute::ScaledBasis<cute::C<1>, 2>, cute::ScaledBasis<cute::C<1>, 1>, cute::ScaledBasis<cute::C<1>, 0>>, const cute::Layout<cute::tuple<cute::C<8>, cute::C<16>, cute::C<1>>, cute::tuple<cute::ScaledBasis<cute::C<1>, 2>, cute::ScaledBasis<cute::C<1>, 1>, cute::ScaledBasis<cute::C<1>, 0>>> &, const cute::Swizzle<0, 4, 3> &>>, cutlass::bfloat16_t>, cute::Layout<cute::tuple<cute::_1, cute::tuple<cute::tuple<cute::tuple<cute::C<8>, cute::C<16>>, cute::_16>>>, cute::tuple<cute::C<0>, cute::tuple<cute::tuple<cute::tuple<cute::_16, cute::_1>, cute::_128>>>>, cute::tuple<cute::_1, cute::_16, cute::_128>>, TmaLoadWsQD=cute::TiledCopy<cute::Copy_Atom<cute::Copy_Traits<cute::SM90_TMA_LOAD, cute::C<2048>, cute::AuxTmaParams<cute::tuple<cute::ScaledBasis<cute::C<1>, 2>, cute::ScaledBasis<cute::C<1>, 1>, cute::ScaledBasis<cute::C<1>, 0>>, const cute::Layout<cute::tuple<cute::C<8>, cute::C<16>, cute::C<1>>, cute::tuple<cute::ScaledBasis<cute::C<1>, 2>, cute::ScaledBasis<cute::C<1>, 1>, cute::ScaledBasis<cute::C<1>, 0>>> &, const cute::Swizzle<0, 4, 3> &>>, cutlass::bfloat16_t>, cute::Layout<cute::tuple<cute::_1, cute::tuple<cute::tuple<cute::tuple<cute::C<8>, cute::C<16>>, cute::_16>>>, cute::tuple<cute::C<0>, cute::tuple<cute::tuple<cute::tuple<cute::_16, cute::_1>, cute::_128>>>>, cute::tuple<cute::_1, cute::_16, cute::_128>>, TmaLoadWsKR=cute::TiledCopy<cute::Copy_Atom<cute::Copy_Traits<cute::SM90_TMA_LOAD, cute::C<2048>, cute::AuxTmaParams<cute::tuple<cute::ScaledBasis<cute::C<1>, 2>, cute::ScaledBasis<cute::C<1>, 1>, cute::ScaledBasis<cute::C<1>, 0>>, const cute::Layout<cute::tuple<cute::C<8>, cute::C<16>, cute::C<1>>, cute::tuple<cute::ScaledBasis<cute::C<1>, 2>, cute::ScaledBasis<cute::C<1>, 1>, cute::ScaledBasis<cute::C<1>, 0>>> &, const cute::Swizzle<0, 4, 3> &>>, cutlass::bfloat16_t>, cute::Layout<cute::tuple<cute::_1, cute::tuple<cute::tuple<cute::tuple<cute::C<8>, cute::C<16>>, cute::_16>>>, cute::tuple<cute::C<0>, cute::tuple<cute::tuple<cute::tuple<cute::_16, cute::_1>, cute::_128>>>>, cute::tuple<cute::_1, cute::_16, cute::_128>>, TmaLoadWsGT=cute::TiledCopy<cute::Copy_Atom<cute::Copy_Traits<cute::SM90_TMA_LOAD, cute::C<4096>, cute::AuxTmaParams<cute::tuple<cute::ScaledBasis<cute::C<1>, 1>, cute::ScaledBasis<cute::C<1>, 0>>, const cute::Layout<cute::tuple<cute::_128, cute::_1>, cute::tuple<cute::ScaledBasis<cute::C<1>, 1>, cute::ScaledBasis<cute::C<1>, 0>>> &, const cute::Swizzle<0, 4, 3> &>>, float>, cute::Layout<cute::tuple<cute::_1, cute::tuple<cute::tuple<cute::_128, cute::_1>>>, cute::tuple<cute::C<0>, cute::tuple<cute::tuple<cute::_1, cute::C<0>>>>>, cute::tuple<cute::_1, cute::_128>>, TmaLoadWsINV=cute::TiledCopy<cute::Copy_Atom<cute::Copy_Traits<cute::SM90_TMA_LOAD, cute::C<2048>, cute::AuxTmaParams<cute::tuple<cute::ScaledBasis<cute::C<1>, 2>, cute::ScaledBasis<cute::C<1>, 1>, cute::ScaledBasis<cute::C<1>, 0>>, const cute::Layout<cute::tuple<cute::C<8>, cute::C<16>, cute::C<1>>, cute::tuple<cute::ScaledBasis<cute::C<1>, 2>, cute::ScaledBasis<cute::C<1>, 1>, cute::ScaledBasis<cute::C<1>, 0>>> &, const cute::Swizzle<0, 4, 3> &>>, cutlass::bfloat16_t>, cute::Layout<cute::tuple<cute::_1, cute::tuple<cute::tuple<cute::tuple<cute::C<8>, cute::C<16>>, cute::_2>>>, cute::tuple<cute::C<0>, cute::tuple<cute::tuple<cute::tuple<cute::_16, cute::_1>, cute::_128>>>>, cute::tuple<cute::_1, cute::C<16>, cute::C<16>>>, TmaLoadWsMqk=cute::TiledCopy<cute::Copy_Atom<cute::Copy_Traits<cute::SM90_TMA_LOAD, cute::C<2048>, cute::AuxTmaParams<cute::tuple<cute::ScaledBasis<cute::C<1>, 2>, cute::ScaledBasis<cute::C<1>, 1>, cute::ScaledBasis<cute::C<1>, 0>>, const cute::Layout<cute::tuple<cute::C<8>, cute::C<16>, cute::C<1>>, cute::tuple<cute::ScaledBasis<cute::C<1>, 2>, cute::ScaledBasis<cute::C<1>, 1>, cute::ScaledBasis<cute::C<1>, 0>>> &, const cute::Swizzle<0, 4, 3> &>>, cutlass::bfloat16_t>, cute::Layout<cute::tuple<cute::_1, cute::tuple<cute::tuple<cute::tuple<cute::C<8>, cute::C<16>>, cute::_2>>>, cute::tuple<cute::C<0>, cute::tuple<cute::tuple<cute::tuple<cute::_16, cute::_1>, cute::_128>>>>, cute::tuple<cute::_1, cute::C<16>, cute::C<16>>>, TmaLoadState=cute::TiledCopy<cute::Copy_Atom<cute::Copy_Traits<cute::SM90_TMA_LOAD, cute::C<4096>, cute::AuxTmaParams<cute::tuple<cute::ScaledBasis<cute::C<1>, 2>, cute::ScaledBasis<cute::C<1>, 1>, cute::ScaledBasis<cute::C<1>, 0>>, const cute::Layout<cute::tuple<cute::C<8>, cute::C<32>, cute::C<1>>, cute::tuple<cute::ScaledBasis<cute::C<1>, 2>, cute::ScaledBasis<cute::C<1>, 1>, cute::ScaledBasis<cute::C<1>, 0>>> &, const cute::Swizzle<0, 4, 3> &>>, cutlass::bfloat16_t>, cute::Layout<cute::tuple<cute::_1, cute::tuple<cute::tuple<cute::tuple<cute::C<8>, cute::C<32>>, cute::_16>>>, cute::tuple<cute::C<0>, cute::tuple<cute::tuple<cute::tuple<cute::_32, cute::_1>, cute::_256>>>>, cute::tuple<cute::_1, cute::C<32>, cute::C<128>>>, TmaStoreState=cute::TiledCopy<cute::Copy_Atom<cute::Copy_Traits<cute::SM90_TMA_STORE, cute::C<4096>, cute::AuxTmaParams<cute::tuple<cute::ScaledBasis<cute::C<1>, 2>, cute::ScaledBasis<cute::C<1>, 1>, cute::ScaledBasis<cute::C<1>, 0>>, const cute::Layout<cute::tuple<cute::C<8>, cute::C<32>, cute::C<1>>, cute::tuple<cute::ScaledBasis<cute::C<1>, 2>, cute::ScaledBasis<cute::C<1>, 1>, cute::ScaledBasis<cute::C<1>, 0>>> &, const cute::Swizzle<0, 4, 3> &>>, cutlass::bfloat16_t>, cute::Layout<cute::tuple<cute::_1, cute::tuple<cute::tuple<cute::tuple<cute::C<8>, cute::C<32>>, cute::_16>>>, cute::tuple<cute::C<0>, cute::tuple<cute::tuple<cute::tuple<cute::_32, cute::_1>, cute::_256>>>>, cute::tuple<cute::_1, cute::C<32>, cute::C<128>>>, TmaStoreOut=cute::TiledCopy<cute::Copy_Atom<cute::Copy_Traits<cute::SM90_TMA_STORE, cute::C<2048>, cute::AuxTmaParams<cute::tuple<cute::ScaledBasis<cute::C<1>, 2>, cute::ScaledBasis<cute::C<1>, 1>, cute::ScaledBasis<int, 0>>, const cute::Layout<cute::tuple<cute::C<8>, cute::C<16>, cute::C<1>>, cute::tuple<cute::ScaledBasis<cute::C<1>, 2>, cute::ScaledBasis<cute::C<1>, 1>, cute::ScaledBasis<cute::C<1>, 0>>> &, const cute::Swizzle<0, 4, 3> &>>, cutlass::bfloat16_t>, cute::Layout<cute::tuple<cute::_1, cute::tuple<cute::tuple<cute::tuple<cute::C<8>, cute::C<16>>, cute::_4>>>, cute::tuple<cute::C<0>, cute::tuple<cute::tuple<cute::tuple<cute::_16, cute::_1>, cute::_128>>>>, cute::tuple<cute::_1, cute::C<16>, cute::C<32>>>, CHUNK=16, KDim=128, VDim=32, InputStages=3, OutputStages=2, NumThreads=128, HasStateIn=false, HasStateOut=true, StateFP32=false, IsVarlen=false]" at line 1399 of csrc/smxx/fwd_launch.cu
            instantiation of "void launch_fwd_vshard4_p2_phase1pf<D,HasStateIn,HasStateOut,StateFP32,IsVarlen>(const cutlass::bfloat16_t *, const cutlass::bfloat16_t *, const cutlass::bfloat16_t *, const cutlass::bfloat16_t *, const cutlass::bfloat16_t *, const void *, float, void *, cutlass::bfloat16_t *, void *, int, int, int, int, const int64_t *, const float *, const float *, float, cudaStream_t) [with D=128, HasStateIn=false, HasStateOut=true, StateFP32=false, IsVarlen=false]" at line 1438 of csrc/smxx/fwd_launch.cu

csrc/smxx/fwd_kernel2_vshard4_p2_phase1pf.cuh(644): error: no instance of overloaded function "copy" matches the argument list
            argument types are: (cute::TiledCopy<cute::Copy_Atom<cute::SM75_U32x4_LDSM_N, cutlass::bfloat16_t>, cute::Layout<cute::tuple<cute::tuple<cute::_4, cute::_8>, cute::tuple<cute::tuple<cute::_2, cute::_2, cute::_2>, cute::tuple<cute::_1, cute::_1>>>, cute::tuple<cute::tuple<cute::_32, cute::_1>, cute::tuple<cute::tuple<cute::_16, cute::_8, cute::_128>, cute::tuple<cute::_0, cute::_0>>>>, cute::tuple<cute::C<16>, cute::C<16>>>, cute::Tensor<cute::ViewEngine<cute::smem_ptr<cutlass::bfloat16_t *>>, cute::Layout<cute::tuple<cute::tuple<cute::_8, cute::_1>, cute::_1, cute::_1>, cute::tuple<cute::tuple<cute::_1, cute::C<0>>, cute::C<0>, cute::C<0>>>>, Phase1AInputViewT [2])
              copy(smem_tiled_copy_A, smem_thr_copy_A.partition_S(INV), tCrAi_k_view);
              ^
/home/lcpu/85117379/flashkda-phase1-prefetch-1ce47ea-b300-r2/cutlass/include/cute/algorithm/copy.hpp(173): note #3326-D: function template "cute::copy(const cute::AutoCopyAsync &, const cute::Tensor<SrcEngine, SrcLayout> &, cute::Tensor<DstEngine, DstLayout> &)" does not match because argument #1 does not match parameter
  copy(AutoCopyAsync const& cpy,
  ^
/home/lcpu/85117379/flashkda-phase1-prefetch-1ce47ea-b300-r2/cutlass/include/cute/algorithm/copy.hpp(189): note #3327-D: candidate function template "cute::copy(const cute::Copy_Atom<CopyArgs...> &, const cute::Tensor<SrcEngine, SrcLayout> &, cute::Tensor<DstEngine, DstLayout> &)" failed deduction
  copy(Copy_Atom<CopyArgs...> const& copy_atom,
  ^
/home/lcpu/85117379/flashkda-phase1-prefetch-1ce47ea-b300-r2/cutlass/include/cute/algorithm/copy.hpp(247): note #3327-D: candidate function template "cute::copy(const cute::AutoVectorizingCopyWithAssumedAlignment<MaxVecBits> &, const cute::Tensor<SrcEngine, SrcLayout> &, cute::Tensor<DstEngine, DstLayout> &)" failed deduction
  copy(AutoVectorizingCopyWithAssumedAlignment<MaxVecBits> const&,
  ^
/home/lcpu/85117379/flashkda-phase1-prefetch-1ce47ea-b300-r2/cutlass/include/cute/algorithm/copy.hpp(288): note #3327-D: candidate function template "cute::copy(const cute::AutoFilter<CopyOp> &, const cute::Tensor<SrcEngine, SrcLayout> &, cute::Tensor<DstEngine, DstLayout> &)" failed deduction
  copy(AutoFilter<CopyOp> const& copy_op,
  ^
/home/lcpu/85117379/flashkda-phase1-prefetch-1ce47ea-b300-r2/cutlass/include/cute/algorithm/copy.hpp(312): note #3322-D: number of parameters of function template "cute::copy(const cute::Tensor<SrcEngine, SrcLayout> &, cute::Tensor<DstEngine, DstLayout> &)" does not match the call
  copy(Tensor<SrcEngine, SrcLayout> const& src,
  ^
/home/lcpu/85117379/flashkda-phase1-prefetch-1ce47ea-b300-r2/cutlass/include/cute/algorithm/copy.hpp(350): note #3327-D: candidate function template "cute::copy(const cute::Copy_Atom<cute::AutoVectorizingCopyWithAssumedAlignment<MaxVecBits>, Args...> &, const cute::Tensor<SrcEngine, SrcLayout> &, cute::Tensor<DstEngine, DstLayout> &)" failed deduction
  copy(Copy_Atom<AutoVectorizingCopyWithAssumedAlignment<MaxVecBits>, Args...> const&,
  ^
/home/lcpu/85117379/flashkda-phase1-prefetch-1ce47ea-b300-r2/cutlass/include/cute/algorithm/copy.hpp(362): note #3327-D: candidate function template "cute::copy(const cute::Copy_Atom<cute::Copy_Traits<cute::AutoVectorizingCopyWithAssumedAlignment<MaxVecBits>>, Args...> &, const cute::Tensor<SrcEngine, SrcLayout> &, cute::Tensor<DstEngine, DstLayout> &)" failed deduction
  copy(Copy_Atom<Copy_Traits<AutoVectorizingCopyWithAssumedAlignment<MaxVecBits>>, Args...> const&,
  ^
/home/lcpu/85117379/flashkda-phase1-prefetch-1ce47ea-b300-r2/cutlass/include/cute/algorithm/copy.hpp(375): note #3327-D: candidate function template "cute::copy(const cute::Copy_Traits<cute::SM90_BULK_COPY_AUTO, CT_Args...> &, const cute::Tensor<SrcEngine, SrcLayout> &, cute::Tensor<DstEngine, DstLayout> &)" failed deduction
  copy(Copy_Traits<SM90_BULK_COPY_AUTO, CT_Args...> const& atom,
  ^
/home/lcpu/85117379/flashkda-phase1-prefetch-1ce47ea-b300-r2/cutlass/include/cute/algorithm/copy.hpp(408): note #3327-D: candidate function template "cute::copy(const cute::Copy_Atom<cute::Copy_Traits<cute::SM90_BULK_COPY_AUTO, CT_Args...>, CA_Args...> &, const cute::Tensor<SrcEngine, SrcLayout> &, cute::Tensor<DstEngine, DstLayout> &)" failed deduction
  copy(Copy_Atom<Copy_Traits<SM90_BULK_COPY_AUTO, CT_Args...>, CA_Args...> const& atom,
  ^
/home/lcpu/85117379/flashkda-phase1-prefetch-1ce47ea-b300-r2/cutlass/include/cute/algorithm/copy.hpp(439): note #3327-D: candidate function template "cute::copy(const cute::TiledCopy<CopyAtom, TV, Tiler> &, const cute::Tensor<SrcEngine, SrcLayout> &, cute::Tensor<DstEngine, DstLayout> &)" failed deduction
  copy(TiledCopy<CopyAtom, TV, Tiler> const& tiled_copy,
  ^
/home/lcpu/85117379/flashkda-phase1-prefetch-1ce47ea-b300-r2/cutlass/include/cute/algorithm/copy.hpp(462): note #3327-D: candidate function template "cute::copy(const cute::ThrCopy<TiledCopy, ThrIdx> &, const cute::Tensor<SrcEngine, SrcLayout> &, cute::Tensor<DstEngine, DstLayout> &)" failed deduction
  copy(ThrCopy<TiledCopy, ThrIdx> const& thr_copy,
  ^
/home/lcpu/85117379/flashkda-phase1-prefetch-1ce47ea-b300-r2/cutlass/include/cute/algorithm/copy.hpp(489): note #3327-D: candidate function template "cute::copy(const CopyPolicy &, const cute::Tensor<SrcEngine, SrcLayout> &, cute::Tensor<DstEngine, DstLayout> &)" failed deduction
  copy(CopyPolicy const& cpy,
  ^
/home/lcpu/85117379/flashkda-phase1-prefetch-1ce47ea-b300-r2/cutlass/include/cute/algorithm/copy.hpp(530): note #3322-D: number of parameters of function template "cute::copy(const cute::Tensor<SrcEngine, SrcLayout> &, cute::Tensor<DstEngine, DstLayout> &&)" does not match the call
  copy(Tensor<SrcEngine, SrcLayout> const& src,
  ^
/home/lcpu/85117379/flashkda-phase1-prefetch-1ce47ea-b300-r2/cutlass/include/cute/algorithm/copy.hpp(541): note #3327-D: candidate function template "cute::copy(const CopyPolicy &, const cute::Tensor<SrcEngine, SrcLayout> &, cute::Tensor<DstEngine, DstLayout> &&)" failed deduction
  copy(CopyPolicy const& copy_policy,
  ^
          detected during:
            instantiation of "void _flash_kda_fwd_recurrence_vshard4_p2_phase1pf<TmaLoadV,TmaLoadBeta,TmaLoadWsKD,TmaLoadWsQD,TmaLoadWsKR,TmaLoadWsGT,TmaLoadWsINV,TmaLoadWsMqk,TmaLoadState,TmaStoreState,TmaStoreOut,CHUNK,KDim,VDim,InputStages,OutputStages,NumThreads,HasStateIn,HasStateOut,StateFP32,IsVarlen>(TmaLoadV, TmaLoadBeta, TmaLoadWsKD, TmaLoadWsQD, TmaLoadWsKR, TmaLoadWsGT, TmaLoadWsINV, TmaLoadWsMqk, TmaLoadState, TmaStoreState, TmaStoreOut, cutlass::bfloat16_t *, int, int, int, const int64_t *, int) [with TmaLoadV=cute::TiledCopy<cute::Copy_Atom<cute::Copy_Traits<cute::SM90_TMA_LOAD, cute::C<2048>, cute::AuxTmaParams<cute::tuple<cute::ScaledBasis<cute::C<1>, 2>, cute::ScaledBasis<cute::C<1>, 1>, cute::ScaledBasis<int, 0>>, const cute::Layout<cute::tuple<cute::C<8>, cute::C<16>, cute::C<1>>, cute::tuple<cute::ScaledBasis<cute::C<1>, 2>, cute::ScaledBasis<cute::C<1>, 1>, cute::ScaledBasis<cute::C<1>, 0>>> &, const cute::Swizzle<0, 4, 3> &>>, cutlass::bfloat16_t>, cute::Layout<cute::tuple<cute::_1, cute::tuple<cute::tuple<cute::tuple<cute::C<8>, cute::C<16>>, cute::_4>>>, cute::tuple<cute::C<0>, cute::tuple<cute::tuple<cute::tuple<cute::_16, cute::_1>, cute::_128>>>>, cute::tuple<cute::_1, cute::C<16>, cute::C<32>>>, TmaLoadBeta=cute::TiledCopy<cute::Copy_Atom<cute::Copy_Traits<cute::SM90_TMA_LOAD, cute::C<512>, cute::AuxTmaParams<cute::tuple<cute::ScaledBasis<cute::C<1>, 0>>, const cute::Layout<cute::tuple<cute::_32>, cute::tuple<cute::ScaledBasis<cute::C<1>, 0>>> &, const cute::Swizzle<0, 4, 3> &>>, cutlass::bfloat16_t>, cute::Layout<cute::tuple<cute::_1, cute::tuple<cute::tuple<cute::_32, cute::_1>>>, cute::tuple<cute::C<0>, cute::tuple<cute::tuple<cute::_1, cute::C<0>>>>>, cute::tuple<cute::_32>>, TmaLoadWsKD=cute::TiledCopy<cute::Copy_Atom<cute::Copy_Traits<cute::SM90_TMA_LOAD, cute::C<2048>, cute::AuxTmaParams<cute::tuple<cute::ScaledBasis<cute::C<1>, 2>, cute::ScaledBasis<cute::C<1>, 1>, cute::ScaledBasis<cute::C<1>, 0>>, const cute::Layout<cute::tuple<cute::C<8>, cute::C<16>, cute::C<1>>, cute::tuple<cute::ScaledBasis<cute::C<1>, 2>, cute::ScaledBasis<cute::C<1>, 1>, cute::ScaledBasis<cute::C<1>, 0>>> &, const cute::Swizzle<0, 4, 3> &>>, cutlass::bfloat16_t>, cute::Layout<cute::tuple<cute::_1, cute::tuple<cute::tuple<cute::tuple<cute::C<8>, cute::C<16>>, cute::_16>>>, cute::tuple<cute::C<0>, cute::tuple<cute::tuple<cute::tuple<cute::_16, cute::_1>, cute::_128>>>>, cute::tuple<cute::_1, cute::_16, cute::_128>>, TmaLoadWsQD=cute::TiledCopy<cute::Copy_Atom<cute::Copy_Traits<cute::SM90_TMA_LOAD, cute::C<2048>, cute::AuxTmaParams<cute::tuple<cute::ScaledBasis<cute::C<1>, 2>, cute::ScaledBasis<cute::C<1>, 1>, cute::ScaledBasis<cute::C<1>, 0>>, const cute::Layout<cute::tuple<cute::C<8>, cute::C<16>, cute::C<1>>, cute::tuple<cute::ScaledBasis<cute::C<1>, 2>, cute::ScaledBasis<cute::C<1>, 1>, cute::ScaledBasis<cute::C<1>, 0>>> &, const cute::Swizzle<0, 4, 3> &>>, cutlass::bfloat16_t>, cute::Layout<cute::tuple<cute::_1, cute::tuple<cute::tuple<cute::tuple<cute::C<8>, cute::C<16>>, cute::_16>>>, cute::tuple<cute::C<0>, cute::tuple<cute::tuple<cute::tuple<cute::_16, cute::_1>, cute::_128>>>>, cute::tuple<cute::_1, cute::_16, cute::_128>>, TmaLoadWsKR=cute::TiledCopy<cute::Copy_Atom<cute::Copy_Traits<cute::SM90_TMA_LOAD, cute::C<2048>, cute::AuxTmaParams<cute::tuple<cute::ScaledBasis<cute::C<1>, 2>, cute::ScaledBasis<cute::C<1>, 1>, cute::ScaledBasis<cute::C<1>, 0>>, const cute::Layout<cute::tuple<cute::C<8>, cute::C<16>, cute::C<1>>, cute::tuple<cute::ScaledBasis<cute::C<1>, 2>, cute::ScaledBasis<cute::C<1>, 1>, cute::ScaledBasis<cute::C<1>, 0>>> &, const cute::Swizzle<0, 4, 3> &>>, cutlass::bfloat16_t>, cute::Layout<cute::tuple<cute::_1, cute::tuple<cute::tuple<cute::tuple<cute::C<8>, cute::C<16>>, cute::_16>>>, cute::tuple<cute::C<0>, cute::tuple<cute::tuple<cute::tuple<cute::_16, cute::_1>, cute::_128>>>>, cute::tuple<cute::_1, cute::_16, cute::_128>>, TmaLoadWsGT=cute::TiledCopy<cute::Copy_Atom<cute::Copy_Traits<cute::SM90_TMA_LOAD, cute::C<4096>, cute::AuxTmaParams<cute::tuple<cute::ScaledBasis<cute::C<1>, 1>, cute::ScaledBasis<cute::C<1>, 0>>, const cute::Layout<cute::tuple<cute::_128, cute::_1>, cute::tuple<cute::ScaledBasis<cute::C<1>, 1>, cute::ScaledBasis<cute::C<1>, 0>>> &, const cute::Swizzle<0, 4, 3> &>>, float>, cute::Layout<cute::tuple<cute::_1, cute::tuple<cute::tuple<cute::_128, cute::_1>>>, cute::tuple<cute::C<0>, cute::tuple<cute::tuple<cute::_1, cute::C<0>>>>>, cute::tuple<cute::_1, cute::_128>>, TmaLoadWsINV=cute::TiledCopy<cute::Copy_Atom<cute::Copy_Traits<cute::SM90_TMA_LOAD, cute::C<2048>, cute::AuxTmaParams<cute::tuple<cute::ScaledBasis<cute::C<1>, 2>, cute::ScaledBasis<cute::C<1>, 1>, cute::ScaledBasis<cute::C<1>, 0>>, const cute::Layout<cute::tuple<cute::C<8>, cute::C<16>, cute::C<1>>, cute::tuple<cute::ScaledBasis<cute::C<1>, 2>, cute::ScaledBasis<cute::C<1>, 1>, cute::ScaledBasis<cute::C<1>, 0>>> &, const cute::Swizzle<0, 4, 3> &>>, cutlass::bfloat16_t>, cute::Layout<cute::tuple<cute::_1, cute::tuple<cute::tuple<cute::tuple<cute::C<8>, cute::C<16>>, cute::_2>>>, cute::tuple<cute::C<0>, cute::tuple<cute::tuple<cute::tuple<cute::_16, cute::_1>, cute::_128>>>>, cute::tuple<cute::_1, cute::C<16>, cute::C<16>>>, TmaLoadWsMqk=cute::TiledCopy<cute::Copy_Atom<cute::Copy_Traits<cute::SM90_TMA_LOAD, cute::C<2048>, cute::AuxTmaParams<cute::tuple<cute::ScaledBasis<cute::C<1>, 2>, cute::ScaledBasis<cute::C<1>, 1>, cute::ScaledBasis<cute::C<1>, 0>>, const cute::Layout<cute::tuple<cute::C<8>, cute::C<16>, cute::C<1>>, cute::tuple<cute::ScaledBasis<cute::C<1>, 2>, cute::ScaledBasis<cute::C<1>, 1>, cute::ScaledBasis<cute::C<1>, 0>>> &, const cute::Swizzle<0, 4, 3> &>>, cutlass::bfloat16_t>, cute::Layout<cute::tuple<cute::_1, cute::tuple<cute::tuple<cute::tuple<cute::C<8>, cute::C<16>>, cute::_2>>>, cute::tuple<cute::C<0>, cute::tuple<cute::tuple<cute::tuple<cute::_16, cute::_1>, cute::_128>>>>, cute::tuple<cute::_1, cute::C<16>, cute::C<16>>>, TmaLoadState=cute::TiledCopy<cute::Copy_Atom<cute::Copy_Traits<cute::SM90_TMA_LOAD, cute::C<4096>, cute::AuxTmaParams<cute::tuple<cute::ScaledBasis<cute::C<1>, 2>, cute::ScaledBasis<cute::C<1>, 1>, cute::ScaledBasis<cute::C<1>, 0>>, const cute::Layout<cute::tuple<cute::C<8>, cute::C<32>, cute::C<1>>, cute::tuple<cute::ScaledBasis<cute::C<1>, 2>, cute::ScaledBasis<cute::C<1>, 1>, cute::ScaledBasis<cute::C<1>, 0>>> &, const cute::Swizzle<0, 4, 3> &>>, cutlass::bfloat16_t>, cute::Layout<cute::tuple<cute::_1, cute::tuple<cute::tuple<cute::tuple<cute::C<8>, cute::C<32>>, cute::_16>>>, cute::tuple<cute::C<0>, cute::tuple<cute::tuple<cute::tuple<cute::_32, cute::_1>, cute::_256>>>>, cute::tuple<cute::_1, cute::C<32>, cute::C<128>>>, TmaStoreState=cute::TiledCopy<cute::Copy_Atom<cute::Copy_Traits<cute::SM90_TMA_STORE, cute::C<4096>, cute::AuxTmaParams<cute::tuple<cute::ScaledBasis<cute::C<1>, 2>, cute::ScaledBasis<cute::C<1>, 1>, cute::ScaledBasis<cute::C<1>, 0>>, const cute::Layout<cute::tuple<cute::C<8>, cute::C<32>, cute::C<1>>, cute::tuple<cute::ScaledBasis<cute::C<1>, 2>, cute::ScaledBasis<cute::C<1>, 1>, cute::ScaledBasis<cute::C<1>, 0>>> &, const cute::Swizzle<0, 4, 3> &>>, cutlass::bfloat16_t>, cute::Layout<cute::tuple<cute::_1, cute::tuple<cute::tuple<cute::tuple<cute::C<8>, cute::C<32>>, cute::_16>>>, cute::tuple<cute::C<0>, cute::tuple<cute::tuple<cute::tuple<cute::_32, cute::_1>, cute::_256>>>>, cute::tuple<cute::_1, cute::C<32>, cute::C<128>>>, TmaStoreOut=cute::TiledCopy<cute::Copy_Atom<cute::Copy_Traits<cute::SM90_TMA_STORE, cute::C<2048>, cute::AuxTmaParams<cute::tuple<cute::ScaledBasis<cute::C<1>, 2>, cute::ScaledBasis<cute::C<1>, 1>, cute::ScaledBasis<int, 0>>, const cute::Layout<cute::tuple<cute::C<8>, cute::C<16>, cute::C<1>>, cute::tuple<cute::ScaledBasis<cute::C<1>, 2>, cute::ScaledBasis<cute::C<1>, 1>, cute::ScaledBasis<cute::C<1>, 0>>> &, const cute::Swizzle<0, 4, 3> &>>, cutlass::bfloat16_t>, cute::Layout<cute::tuple<cute::_1, cute::tuple<cute::tuple<cute::tuple<cute::C<8>, cute::C<16>>, cute::_4>>>, cute::tuple<cute::C<0>, cute::tuple<cute::tuple<cute::tuple<cute::_16, cute::_1>, cute::_128>>>>, cute::tuple<cute::_1, cute::C<16>, cute::C<32>>>, CHUNK=16, KDim=128, VDim=32, InputStages=3, OutputStages=2, NumThreads=128, HasStateIn=true, HasStateOut=false, StateFP32=false, IsVarlen=false]" at line 1399 of csrc/smxx/fwd_launch.cu
            instantiation of "void launch_fwd_vshard4_p2_phase1pf<D,HasStateIn,HasStateOut,StateFP32,IsVarlen>(const cutlass::bfloat16_t *, const cutlass::bfloat16_t *, const cutlass::bfloat16_t *, const cutlass::bfloat16_t *, const cutlass::bfloat16_t *, const void *, float, void *, cutlass::bfloat16_t *, void *, int, int, int, int, const int64_t *, const float *, const float *, float, cudaStream_t) [with D=128, HasStateIn=true, HasStateOut=false, StateFP32=false, IsVarlen=false]" at line 1438 of csrc/smxx/fwd_launch.cu

csrc/smxx/fwd_kernel2_vshard4_p2_phase1pf.cuh(687): error: no instance of overloaded function "copy" matches the argument list
            argument types are: (cute::TiledCopy<cute::Copy_Atom<cute::SM75_U32x4_LDSM_N, cutlass::bfloat16_t>, cute::Layout<cute::tuple<cute::tuple<cute::_4, cute::_8>, cute::tuple<cute::tuple<cute::_2, cute::_2, cute::_2>, cute::tuple<cute::_1, cute::_1>>>, cute::tuple<cute::tuple<cute::_32, cute::_1>, cute::tuple<cute::tuple<cute::_16, cute::_8, cute::_128>, cute::tuple<cute::_0, cute::_0>>>>, cute::tuple<cute::C<16>, cute::C<16>>>, cute::Tensor<cute::ViewEngine<cute::smem_ptr<cutlass::bfloat16_t *>>, cute::Layout<cute::tuple<cute::tuple<cute::_8, cute::_1>, cute::_1, cute::_1>, cute::tuple<cute::tuple<cute::_1, cute::C<0>>, cute::C<0>, cute::C<0>>>>, Phase1AInputViewT [2])
              copy(smem_tiled_copy_A, smem_thr_copy_A.partition_S(Mqk), tCrAi_k_view);
              ^
/home/lcpu/85117379/flashkda-phase1-prefetch-1ce47ea-b300-r2/cutlass/include/cute/algorithm/copy.hpp(173): note #3326-D: function template "cute::copy(const cute::AutoCopyAsync &, const cute::Tensor<SrcEngine, SrcLayout> &, cute::Tensor<DstEngine, DstLayout> &)" does not match because argument #1 does not match parameter
  copy(AutoCopyAsync const& cpy,
  ^
/home/lcpu/85117379/flashkda-phase1-prefetch-1ce47ea-b300-r2/cutlass/include/cute/algorithm/copy.hpp(189): note #3327-D: candidate function template "cute::copy(const cute::Copy_Atom<CopyArgs...> &, const cute::Tensor<SrcEngine, SrcLayout> &, cute::Tensor<DstEngine, DstLayout> &)" failed deduction
  copy(Copy_Atom<CopyArgs...> const& copy_atom,
  ^
/home/lcpu/85117379/flashkda-phase1-prefetch-1ce47ea-b300-r2/cutlass/include/cute/algorithm/copy.hpp(247): note #3327-D: candidate function template "cute::copy(const cute::AutoVectorizingCopyWithAssumedAlignment<MaxVecBits> &, const cute::Tensor<SrcEngine, SrcLayout> &, cute::Tensor<DstEngine, DstLayout> &)" failed deduction
  copy(AutoVectorizingCopyWithAssumedAlignment<MaxVecBits> const&,
  ^
/home/lcpu/85117379/flashkda-phase1-prefetch-1ce47ea-b300-r2/cutlass/include/cute/algorithm/copy.hpp(288): note #3327-D: candidate function template "cute::copy(const cute::AutoFilter<CopyOp> &, const cute::Tensor<SrcEngine, SrcLayout> &, cute::Tensor<DstEngine, DstLayout> &)" failed deduction
  copy(AutoFilter<CopyOp> const& copy_op,
  ^
/home/lcpu/85117379/flashkda-phase1-prefetch-1ce47ea-b300-r2/cutlass/include/cute/algorithm/copy.hpp(312): note #3322-D: number of parameters of function template "cute::copy(const cute::Tensor<SrcEngine, SrcLayout> &, cute::Tensor<DstEngine, DstLayout> &)" does not match the call
  copy(Tensor<SrcEngine, SrcLayout> const& src,
  ^
/home/lcpu/85117379/flashkda-phase1-prefetch-1ce47ea-b300-r2/cutlass/include/cute/algorithm/copy.hpp(350): note #3327-D: candidate function template "cute::copy(const cute::Copy_Atom<cute::AutoVectorizingCopyWithAssumedAlignment<MaxVecBits>, Args...> &, const cute::Tensor<SrcEngine, SrcLayout> &, cute::Tensor<DstEngine, DstLayout> &)" failed deduction
  copy(Copy_Atom<AutoVectorizingCopyWithAssumedAlignment<MaxVecBits>, Args...> const&,
  ^
/home/lcpu/85117379/flashkda-phase1-prefetch-1ce47ea-b300-r2/cutlass/include/cute/algorithm/copy.hpp(362): note #3327-D: candidate function template "cute::copy(const cute::Copy_Atom<cute::Copy_Traits<cute::AutoVectorizingCopyWithAssumedAlignment<MaxVecBits>>, Args...> &, const cute::Tensor<SrcEngine, SrcLayout> &, cute::Tensor<DstEngine, DstLayout> &)" failed deduction
  copy(Copy_Atom<Copy_Traits<AutoVectorizingCopyWithAssumedAlignment<MaxVecBits>>, Args...> const&,
  ^
/home/lcpu/85117379/flashkda-phase1-prefetch-1ce47ea-b300-r2/cutlass/include/cute/algorithm/copy.hpp(375): note #3327-D: candidate function template "cute::copy(const cute::Copy_Traits<cute::SM90_BULK_COPY_AUTO, CT_Args...> &, const cute::Tensor<SrcEngine, SrcLayout> &, cute::Tensor<DstEngine, DstLayout> &)" failed deduction
  copy(Copy_Traits<SM90_BULK_COPY_AUTO, CT_Args...> const& atom,
  ^
/home/lcpu/85117379/flashkda-phase1-prefetch-1ce47ea-b300-r2/cutlass/include/cute/algorithm/copy.hpp(408): note #3327-D: candidate function template "cute::copy(const cute::Copy_Atom<cute::Copy_Traits<cute::SM90_BULK_COPY_AUTO, CT_Args...>, CA_Args...> &, const cute::Tensor<SrcEngine, SrcLayout> &, cute::Tensor<DstEngine, DstLayout> &)" failed deduction
  copy(Copy_Atom<Copy_Traits<SM90_BULK_COPY_AUTO, CT_Args...>, CA_Args...> const& atom,
  ^
/home/lcpu/85117379/flashkda-phase1-prefetch-1ce47ea-b300-r2/cutlass/include/cute/algorithm/copy.hpp(439): note #3327-D: candidate function template "cute::copy(const cute::TiledCopy<CopyAtom, TV, Tiler> &, const cute::Tensor<SrcEngine, SrcLayout> &, cute::Tensor<DstEngine, DstLayout> &)" failed deduction
  copy(TiledCopy<CopyAtom, TV, Tiler> const& tiled_copy,
  ^
/home/lcpu/85117379/flashkda-phase1-prefetch-1ce47ea-b300-r2/cutlass/include/cute/algorithm/copy.hpp(462): note #3327-D: candidate function template "cute::copy(const cute::ThrCopy<TiledCopy, ThrIdx> &, const cute::Tensor<SrcEngine, SrcLayout> &, cute::Tensor<DstEngine, DstLayout> &)" failed deduction
  copy(ThrCopy<TiledCopy, ThrIdx> const& thr_copy,
  ^
/home/lcpu/85117379/flashkda-phase1-prefetch-1ce47ea-b300-r2/cutlass/include/cute/algorithm/copy.hpp(489): note #3327-D: candidate function template "cute::copy(const CopyPolicy &, const cute::Tensor<SrcEngine, SrcLayout> &, cute::Tensor<DstEngine, DstLayout> &)" failed deduction
  copy(CopyPolicy const& cpy,
  ^
/home/lcpu/85117379/flashkda-phase1-prefetch-1ce47ea-b300-r2/cutlass/include/cute/algorithm/copy.hpp(530): note #3322-D: number of parameters of function template "cute::copy(const cute::Tensor<SrcEngine, SrcLayout> &, cute::Tensor<DstEngine, DstLayout> &&)" does not match the call
  copy(Tensor<SrcEngine, SrcLayout> const& src,
  ^
/home/lcpu/85117379/flashkda-phase1-prefetch-1ce47ea-b300-r2/cutlass/include/cute/algorithm/copy.hpp(541): note #3327-D: candidate function template "cute::copy(const CopyPolicy &, const cute::Tensor<SrcEngine, SrcLayout> &, cute::Tensor<DstEngine, DstLayout> &&)" failed deduction
  copy(CopyPolicy const& copy_policy,
  ^
          detected during:
            instantiation of "void _flash_kda_fwd_recurrence_vshard4_p2_phase1pf<TmaLoadV,TmaLoadBeta,TmaLoadWsKD,TmaLoadWsQD,TmaLoadWsKR,TmaLoadWsGT,TmaLoadWsINV,TmaLoadWsMqk,TmaLoadState,TmaStoreState,TmaStoreOut,CHUNK,KDim,VDim,InputStages,OutputStages,NumThreads,HasStateIn,HasStateOut,StateFP32,IsVarlen>(TmaLoadV, TmaLoadBeta, TmaLoadWsKD, TmaLoadWsQD, TmaLoadWsKR, TmaLoadWsGT, TmaLoadWsINV, TmaLoadWsMqk, TmaLoadState, TmaStoreState, TmaStoreOut, cutlass::bfloat16_t *, int, int, int, const int64_t *, int) [with TmaLoadV=cute::TiledCopy<cute::Copy_Atom<cute::Copy_Traits<cute::SM90_TMA_LOAD, cute::C<2048>, cute::AuxTmaParams<cute::tuple<cute::ScaledBasis<cute::C<1>, 2>, cute::ScaledBasis<cute::C<1>, 1>, cute::ScaledBasis<int, 0>>, const cute::Layout<cute::tuple<cute::C<8>, cute::C<16>, cute::C<1>>, cute::tuple<cute::ScaledBasis<cute::C<1>, 2>, cute::ScaledBasis<cute::C<1>, 1>, cute::ScaledBasis<cute::C<1>, 0>>> &, const cute::Swizzle<0, 4, 3> &>>, cutlass::bfloat16_t>, cute::Layout<cute::tuple<cute::_1, cute::tuple<cute::tuple<cute::tuple<cute::C<8>, cute::C<16>>, cute::_4>>>, cute::tuple<cute::C<0>, cute::tuple<cute::tuple<cute::tuple<cute::_16, cute::_1>, cute::_128>>>>, cute::tuple<cute::_1, cute::C<16>, cute::C<32>>>, TmaLoadBeta=cute::TiledCopy<cute::Copy_Atom<cute::Copy_Traits<cute::SM90_TMA_LOAD, cute::C<512>, cute::AuxTmaParams<cute::tuple<cute::ScaledBasis<cute::C<1>, 0>>, const cute::Layout<cute::tuple<cute::_32>, cute::tuple<cute::ScaledBasis<cute::C<1>, 0>>> &, const cute::Swizzle<0, 4, 3> &>>, cutlass::bfloat16_t>, cute::Layout<cute::tuple<cute::_1, cute::tuple<cute::tuple<cute::_32, cute::_1>>>, cute::tuple<cute::C<0>, cute::tuple<cute::tuple<cute::_1, cute::C<0>>>>>, cute::tuple<cute::_32>>, TmaLoadWsKD=cute::TiledCopy<cute::Copy_Atom<cute::Copy_Traits<cute::SM90_TMA_LOAD, cute::C<2048>, cute::AuxTmaParams<cute::tuple<cute::ScaledBasis<cute::C<1>, 2>, cute::ScaledBasis<cute::C<1>, 1>, cute::ScaledBasis<cute::C<1>, 0>>, const cute::Layout<cute::tuple<cute::C<8>, cute::C<16>, cute::C<1>>, cute::tuple<cute::ScaledBasis<cute::C<1>, 2>, cute::ScaledBasis<cute::C<1>, 1>, cute::ScaledBasis<cute::C<1>, 0>>> &, const cute::Swizzle<0, 4, 3> &>>, cutlass::bfloat16_t>, cute::Layout<cute::tuple<cute::_1, cute::tuple<cute::tuple<cute::tuple<cute::C<8>, cute::C<16>>, cute::_16>>>, cute::tuple<cute::C<0>, cute::tuple<cute::tuple<cute::tuple<cute::_16, cute::_1>, cute::_128>>>>, cute::tuple<cute::_1, cute::_16, cute::_128>>, TmaLoadWsQD=cute::TiledCopy<cute::Copy_Atom<cute::Copy_Traits<cute::SM90_TMA_LOAD, cute::C<2048>, cute::AuxTmaParams<cute::tuple<cute::ScaledBasis<cute::C<1>, 2>, cute::ScaledBasis<cute::C<1>, 1>, cute::ScaledBasis<cute::C<1>, 0>>, const cute::Layout<cute::tuple<cute::C<8>, cute::C<16>, cute::C<1>>, cute::tuple<cute::ScaledBasis<cute::C<1>, 2>, cute::ScaledBasis<cute::C<1>, 1>, cute::ScaledBasis<cute::C<1>, 0>>> &, const cute::Swizzle<0, 4, 3> &>>, cutlass::bfloat16_t>, cute::Layout<cute::tuple<cute::_1, cute::tuple<cute::tuple<cute::tuple<cute::C<8>, cute::C<16>>, cute::_16>>>, cute::tuple<cute::C<0>, cute::tuple<cute::tuple<cute::tuple<cute::_16, cute::_1>, cute::_128>>>>, cute::tuple<cute::_1, cute::_16, cute::_128>>, TmaLoadWsKR=cute::TiledCopy<cute::Copy_Atom<cute::Copy_Traits<cute::SM90_TMA_LOAD, cute::C<2048>, cute::AuxTmaParams<cute::tuple<cute::ScaledBasis<cute::C<1>, 2>, cute::ScaledBasis<cute::C<1>, 1>, cute::ScaledBasis<cute::C<1>, 0>>, const cute::Layout<cute::tuple<cute::C<8>, cute::C<16>, cute::C<1>>, cute::tuple<cute::ScaledBasis<cute::C<1>, 2>, cute::ScaledBasis<cute::C<1>, 1>, cute::ScaledBasis<cute::C<1>, 0>>> &, const cute::Swizzle<0, 4, 3> &>>, cutlass::bfloat16_t>, cute::Layout<cute::tuple<cute::_1, cute::tuple<cute::tuple<cute::tuple<cute::C<8>, cute::C<16>>, cute::_16>>>, cute::tuple<cute::C<0>, cute::tuple<cute::tuple<cute::tuple<cute::_16, cute::_1>, cute::_128>>>>, cute::tuple<cute::_1, cute::_16, cute::_128>>, TmaLoadWsGT=cute::TiledCopy<cute::Copy_Atom<cute::Copy_Traits<cute::SM90_TMA_LOAD, cute::C<4096>, cute::AuxTmaParams<cute::tuple<cute::ScaledBasis<cute::C<1>, 1>, cute::ScaledBasis<cute::C<1>, 0>>, const cute::Layout<cute::tuple<cute::_128, cute::_1>, cute::tuple<cute::ScaledBasis<cute::C<1>, 1>, cute::ScaledBasis<cute::C<1>, 0>>> &, const cute::Swizzle<0, 4, 3> &>>, float>, cute::Layout<cute::tuple<cute::_1, cute::tuple<cute::tuple<cute::_128, cute::_1>>>, cute::tuple<cute::C<0>, cute::tuple<cute::tuple<cute::_1, cute::C<0>>>>>, cute::tuple<cute::_1, cute::_128>>, TmaLoadWsINV=cute::TiledCopy<cute::Copy_Atom<cute::Copy_Traits<cute::SM90_TMA_LOAD, cute::C<2048>, cute::AuxTmaParams<cute::tuple<cute::ScaledBasis<cute::C<1>, 2>, cute::ScaledBasis<cute::C<1>, 1>, cute::ScaledBasis<cute::C<1>, 0>>, const cute::Layout<cute::tuple<cute::C<8>, cute::C<16>, cute::C<1>>, cute::tuple<cute::ScaledBasis<cute::C<1>, 2>, cute::ScaledBasis<cute::C<1>, 1>, cute::ScaledBasis<cute::C<1>, 0>>> &, const cute::Swizzle<0, 4, 3> &>>, cutlass::bfloat16_t>, cute::Layout<cute::tuple<cute::_1, cute::tuple<cute::tuple<cute::tuple<cute::C<8>, cute::C<16>>, cute::_2>>>, cute::tuple<cute::C<0>, cute::tuple<cute::tuple<cute::tuple<cute::_16, cute::_1>, cute::_128>>>>, cute::tuple<cute::_1, cute::C<16>, cute::C<16>>>, TmaLoadWsMqk=cute::TiledCopy<cute::Copy_Atom<cute::Copy_Traits<cute::SM90_TMA_LOAD, cute::C<2048>, cute::AuxTmaParams<cute::tuple<cute::ScaledBasis<cute::C<1>, 2>, cute::ScaledBasis<cute::C<1>, 1>, cute::ScaledBasis<cute::C<1>, 0>>, const cute::Layout<cute::tuple<cute::C<8>, cute::C<16>, cute::C<1>>, cute::tuple<cute::ScaledBasis<cute::C<1>, 2>, cute::ScaledBasis<cute::C<1>, 1>, cute::ScaledBasis<cute::C<1>, 0>>> &, const cute::Swizzle<0, 4, 3> &>>, cutlass::bfloat16_t>, cute::Layout<cute::tuple<cute::_1, cute::tuple<cute::tuple<cute::tuple<cute::C<8>, cute::C<16>>, cute::_2>>>, cute::tuple<cute::C<0>, cute::tuple<cute::tuple<cute::tuple<cute::_16, cute::_1>, cute::_128>>>>, cute::tuple<cute::_1, cute::C<16>, cute::C<16>>>, TmaLoadState=cute::TiledCopy<cute::Copy_Atom<cute::Copy_Traits<cute::SM90_TMA_LOAD, cute::C<4096>, cute::AuxTmaParams<cute::tuple<cute::ScaledBasis<cute::C<1>, 2>, cute::ScaledBasis<cute::C<1>, 1>, cute::ScaledBasis<cute::C<1>, 0>>, const cute::Layout<cute::tuple<cute::C<8>, cute::C<32>, cute::C<1>>, cute::tuple<cute::ScaledBasis<cute::C<1>, 2>, cute::ScaledBasis<cute::C<1>, 1>, cute::ScaledBasis<cute::C<1>, 0>>> &, const cute::Swizzle<0, 4, 3> &>>, cutlass::bfloat16_t>, cute::Layout<cute::tuple<cute::_1, cute::tuple<cute::tuple<cute::tuple<cute::C<8>, cute::C<32>>, cute::_16>>>, cute::tuple<cute::C<0>, cute::tuple<cute::tuple<cute::tuple<cute::_32, cute::_1>, cute::_256>>>>, cute::tuple<cute::_1, cute::C<32>, cute::C<128>>>, TmaStoreState=cute::TiledCopy<cute::Copy_Atom<cute::Copy_Traits<cute::SM90_TMA_STORE, cute::C<4096>, cute::AuxTmaParams<cute::tuple<cute::ScaledBasis<cute::C<1>, 2>, cute::ScaledBasis<cute::C<1>, 1>, cute::ScaledBasis<cute::C<1>, 0>>, const cute::Layout<cute::tuple<cute::C<8>, cute::C<32>, cute::C<1>>, cute::tuple<cute::ScaledBasis<cute::C<1>, 2>, cute::ScaledBasis<cute::C<1>, 1>, cute::ScaledBasis<cute::C<1>, 0>>> &, const cute::Swizzle<0, 4, 3> &>>, cutlass::bfloat16_t>, cute::Layout<cute::tuple<cute::_1, cute::tuple<cute::tuple<cute::tuple<cute::C<8>, cute::C<32>>, cute::_16>>>, cute::tuple<cute::C<0>, cute::tuple<cute::tuple<cute::tuple<cute::_32, cute::_1>, cute::_256>>>>, cute::tuple<cute::_1, cute::C<32>, cute::C<128>>>, TmaStoreOut=cute::TiledCopy<cute::Copy_Atom<cute::Copy_Traits<cute::SM90_TMA_STORE, cute::C<2048>, cute::AuxTmaParams<cute::tuple<cute::ScaledBasis<cute::C<1>, 2>, cute::ScaledBasis<cute::C<1>, 1>, cute::ScaledBasis<int, 0>>, const cute::Layout<cute::tuple<cute::C<8>, cute::C<16>, cute::C<1>>, cute::tuple<cute::ScaledBasis<cute::C<1>, 2>, cute::ScaledBasis<cute::C<1>, 1>, cute::ScaledBasis<cute::C<1>, 0>>> &, const cute::Swizzle<0, 4, 3> &>>, cutlass::bfloat16_t>, cute::Layout<cute::tuple<cute::_1, cute::tuple<cute::tuple<cute::tuple<cute::C<8>, cute::C<16>>, cute::_4>>>, cute::tuple<cute::C<0>, cute::tuple<cute::tuple<cute::tuple<cute::_16, cute::_1>, cute::_128>>>>, cute::tuple<cute::_1, cute::C<16>, cute::C<32>>>, CHUNK=16, KDim=128, VDim=32, InputStages=3, OutputStages=2, NumThreads=128, HasStateIn=true, HasStateOut=false, StateFP32=false, IsVarlen=false]" at line 1399 of csrc/smxx/fwd_launch.cu
            instantiation of "void launch_fwd_vshard4_p2_phase1pf<D,HasStateIn,HasStateOut,StateFP32,IsVarlen>(const cutlass::bfloat16_t *, const cutlass::bfloat16_t *, const cutlass::bfloat16_t *, const cutlass::bfloat16_t *, const cutlass::bfloat16_t *, const void *, float, void *, cutlass::bfloat16_t *, void *, int, int, int, int, const int64_t *, const float *, const float *, float, cudaStream_t) [with D=128, HasStateIn=true, HasStateOut=false, StateFP32=false, IsVarlen=false]" at line 1438 of csrc/smxx/fwd_launch.cu

csrc/smxx/fwd_kernel2_vshard4_p2_phase1pf.cuh(644): error: no instance of overloaded function "copy" matches the argument list
            argument types are: (cute::TiledCopy<cute::Copy_Atom<cute::SM75_U32x4_LDSM_N, cutlass::bfloat16_t>, cute::Layout<cute::tuple<cute::tuple<cute::_4, cute::_8>, cute::tuple<cute::tuple<cute::_2, cute::_2, cute::_2>, cute::tuple<cute::_1, cute::_1>>>, cute::tuple<cute::tuple<cute::_32, cute::_1>, cute::tuple<cute::tuple<cute::_16, cute::_8, cute::_128>, cute::tuple<cute::_0, cute::_0>>>>, cute::tuple<cute::C<16>, cute::C<16>>>, cute::Tensor<cute::ViewEngine<cute::smem_ptr<cutlass::bfloat16_t *>>, cute::Layout<cute::tuple<cute::tuple<cute::_8, cute::_1>, cute::_1, cute::_1>, cute::tuple<cute::tuple<cute::_1, cute::C<0>>, cute::C<0>, cute::C<0>>>>, Phase1AInputViewT [2])
              copy(smem_tiled_copy_A, smem_thr_copy_A.partition_S(INV), tCrAi_k_view);
              ^
/home/lcpu/85117379/flashkda-phase1-prefetch-1ce47ea-b300-r2/cutlass/include/cute/algorithm/copy.hpp(173): note #3326-D: function template "cute::copy(const cute::AutoCopyAsync &, const cute::Tensor<SrcEngine, SrcLayout> &, cute::Tensor<DstEngine, DstLayout> &)" does not match because argument #1 does not match parameter
  copy(AutoCopyAsync const& cpy,
  ^
/home/lcpu/85117379/flashkda-phase1-prefetch-1ce47ea-b300-r2/cutlass/include/cute/algorithm/copy.hpp(189): note #3327-D: candidate function template "cute::copy(const cute::Copy_Atom<CopyArgs...> &, const cute::Tensor<SrcEngine, SrcLayout> &, cute::Tensor<DstEngine, DstLayout> &)" failed deduction
  copy(Copy_Atom<CopyArgs...> const& copy_atom,
  ^
/home/lcpu/85117379/flashkda-phase1-prefetch-1ce47ea-b300-r2/cutlass/include/cute/algorithm/copy.hpp(247): note #3327-D: candidate function template "cute::copy(const cute::AutoVectorizingCopyWithAssumedAlignment<MaxVecBits> &, const cute::Tensor<SrcEngine, SrcLayout> &, cute::Tensor<DstEngine, DstLayout> &)" failed deduction
  copy(AutoVectorizingCopyWithAssumedAlignment<MaxVecBits> const&,
  ^
/home/lcpu/85117379/flashkda-phase1-prefetch-1ce47ea-b300-r2/cutlass/include/cute/algorithm/copy.hpp(288): note #3327-D: candidate function template "cute::copy(const cute::AutoFilter<CopyOp> &, const cute::Tensor<SrcEngine, SrcLayout> &, cute::Tensor<DstEngine, DstLayout> &)" failed deduction
  copy(AutoFilter<CopyOp> const& copy_op,
  ^
/home/lcpu/85117379/flashkda-phase1-prefetch-1ce47ea-b300-r2/cutlass/include/cute/algorithm/copy.hpp(312): note #3322-D: number of parameters of function template "cute::copy(const cute::Tensor<SrcEngine, SrcLayout> &, cute::Tensor<DstEngine, DstLayout> &)" does not match the call
  copy(Tensor<SrcEngine, SrcLayout> const& src,
  ^
/home/lcpu/85117379/flashkda-phase1-prefetch-1ce47ea-b300-r2/cutlass/include/cute/algorithm/copy.hpp(350): note #3327-D: candidate function template "cute::copy(const cute::Copy_Atom<cute::AutoVectorizingCopyWithAssumedAlignment<MaxVecBits>, Args...> &, const cute::Tensor<SrcEngine, SrcLayout> &, cute::Tensor<DstEngine, DstLayout> &)" failed deduction
  copy(Copy_Atom<AutoVectorizingCopyWithAssumedAlignment<MaxVecBits>, Args...> const&,
  ^
/home/lcpu/85117379/flashkda-phase1-prefetch-1ce47ea-b300-r2/cutlass/include/cute/algorithm/copy.hpp(362): note #3327-D: candidate function template "cute::copy(const cute::Copy_Atom<cute::Copy_Traits<cute::AutoVectorizingCopyWithAssumedAlignment<MaxVecBits>>, Args...> &, const cute::Tensor<SrcEngine, SrcLayout> &, cute::Tensor<DstEngine, DstLayout> &)" failed deduction
  copy(Copy_Atom<Copy_Traits<AutoVectorizingCopyWithAssumedAlignment<MaxVecBits>>, Args...> const&,
  ^
/home/lcpu/85117379/flashkda-phase1-prefetch-1ce47ea-b300-r2/cutlass/include/cute/algorithm/copy.hpp(375): note #3327-D: candidate function template "cute::copy(const cute::Copy_Traits<cute::SM90_BULK_COPY_AUTO, CT_Args...> &, const cute::Tensor<SrcEngine, SrcLayout> &, cute::Tensor<DstEngine, DstLayout> &)" failed deduction
  copy(Copy_Traits<SM90_BULK_COPY_AUTO, CT_Args...> const& atom,
  ^
/home/lcpu/85117379/flashkda-phase1-prefetch-1ce47ea-b300-r2/cutlass/include/cute/algorithm/copy.hpp(408): note #3327-D: candidate function template "cute::copy(const cute::Copy_Atom<cute::Copy_Traits<cute::SM90_BULK_COPY_AUTO, CT_Args...>, CA_Args...> &, const cute::Tensor<SrcEngine, SrcLayout> &, cute::Tensor<DstEngine, DstLayout> &)" failed deduction
  copy(Copy_Atom<Copy_Traits<SM90_BULK_COPY_AUTO, CT_Args...>, CA_Args...> const& atom,
  ^
/home/lcpu/85117379/flashkda-phase1-prefetch-1ce47ea-b300-r2/cutlass/include/cute/algorithm/copy.hpp(439): note #3327-D: candidate function template "cute::copy(const cute::TiledCopy<CopyAtom, TV, Tiler> &, const cute::Tensor<SrcEngine, SrcLayout> &, cute::Tensor<DstEngine, DstLayout> &)" failed deduction
  copy(TiledCopy<CopyAtom, TV, Tiler> const& tiled_copy,
  ^
/home/lcpu/85117379/flashkda-phase1-prefetch-1ce47ea-b300-r2/cutlass/include/cute/algorithm/copy.hpp(462): note #3327-D: candidate function template "cute::copy(const cute::ThrCopy<TiledCopy, ThrIdx> &, const cute::Tensor<SrcEngine, SrcLayout> &, cute::Tensor<DstEngine, DstLayout> &)" failed deduction
  copy(ThrCopy<TiledCopy, ThrIdx> const& thr_copy,
  ^
/home/lcpu/85117379/flashkda-phase1-prefetch-1ce47ea-b300-r2/cutlass/include/cute/algorithm/copy.hpp(489): note #3327-D: candidate function template "cute::copy(const CopyPolicy &, const cute::Tensor<SrcEngine, SrcLayout> &, cute::Tensor<DstEngine, DstLayout> &)" failed deduction
  copy(CopyPolicy const& cpy,
  ^
/home/lcpu/85117379/flashkda-phase1-prefetch-1ce47ea-b300-r2/cutlass/include/cute/algorithm/copy.hpp(530): note #3322-D: number of parameters of function template "cute::copy(const cute::Tensor<SrcEngine, SrcLayout> &, cute::Tensor<DstEngine, DstLayout> &&)" does not match the call
  copy(Tensor<SrcEngine, SrcLayout> const& src,
  ^
/home/lcpu/85117379/flashkda-phase1-prefetch-1ce47ea-b300-r2/cutlass/include/cute/algorithm/copy.hpp(541): note #3327-D: candidate function template "cute::copy(const CopyPolicy &, const cute::Tensor<SrcEngine, SrcLayout> &, cute::Tensor<DstEngine, DstLayout> &&)" failed deduction
  copy(CopyPolicy const& copy_policy,
  ^
          detected during:
            instantiation of "void _flash_kda_fwd_recurrence_vshard4_p2_phase1pf<TmaLoadV,TmaLoadBeta,TmaLoadWsKD,TmaLoadWsQD,TmaLoadWsKR,TmaLoadWsGT,TmaLoadWsINV,TmaLoadWsMqk,TmaLoadState,TmaStoreState,TmaStoreOut,CHUNK,KDim,VDim,InputStages,OutputStages,NumThreads,HasStateIn,HasStateOut,StateFP32,IsVarlen>(TmaLoadV, TmaLoadBeta, TmaLoadWsKD, TmaLoadWsQD, TmaLoadWsKR, TmaLoadWsGT, TmaLoadWsINV, TmaLoadWsMqk, TmaLoadState, TmaStoreState, TmaStoreOut, cutlass::bfloat16_t *, int, int, int, const int64_t *, int) [with TmaLoadV=cute::TiledCopy<cute::Copy_Atom<cute::Copy_Traits<cute::SM90_TMA_LOAD, cute::C<2048>, cute::AuxTmaParams<cute::tuple<cute::ScaledBasis<cute::C<1>, 2>, cute::ScaledBasis<cute::C<1>, 1>, cute::ScaledBasis<int, 0>>, const cute::Layout<cute::tuple<cute::C<8>, cute::C<16>, cute::C<1>>, cute::tuple<cute::ScaledBasis<cute::C<1>, 2>, cute::ScaledBasis<cute::C<1>, 1>, cute::ScaledBasis<cute::C<1>, 0>>> &, const cute::Swizzle<0, 4, 3> &>>, cutlass::bfloat16_t>, cute::Layout<cute::tuple<cute::_1, cute::tuple<cute::tuple<cute::tuple<cute::C<8>, cute::C<16>>, cute::_4>>>, cute::tuple<cute::C<0>, cute::tuple<cute::tuple<cute::tuple<cute::_16, cute::_1>, cute::_128>>>>, cute::tuple<cute::_1, cute::C<16>, cute::C<32>>>, TmaLoadBeta=cute::TiledCopy<cute::Copy_Atom<cute::Copy_Traits<cute::SM90_TMA_LOAD, cute::C<512>, cute::AuxTmaParams<cute::tuple<cute::ScaledBasis<cute::C<1>, 0>>, const cute::Layout<cute::tuple<cute::_32>, cute::tuple<cute::ScaledBasis<cute::C<1>, 0>>> &, const cute::Swizzle<0, 4, 3> &>>, cutlass::bfloat16_t>, cute::Layout<cute::tuple<cute::_1, cute::tuple<cute::tuple<cute::_32, cute::_1>>>, cute::tuple<cute::C<0>, cute::tuple<cute::tuple<cute::_1, cute::C<0>>>>>, cute::tuple<cute::_32>>, TmaLoadWsKD=cute::TiledCopy<cute::Copy_Atom<cute::Copy_Traits<cute::SM90_TMA_LOAD, cute::C<2048>, cute::AuxTmaParams<cute::tuple<cute::ScaledBasis<cute::C<1>, 2>, cute::ScaledBasis<cute::C<1>, 1>, cute::ScaledBasis<cute::C<1>, 0>>, const cute::Layout<cute::tuple<cute::C<8>, cute::C<16>, cute::C<1>>, cute::tuple<cute::ScaledBasis<cute::C<1>, 2>, cute::ScaledBasis<cute::C<1>, 1>, cute::ScaledBasis<cute::C<1>, 0>>> &, const cute::Swizzle<0, 4, 3> &>>, cutlass::bfloat16_t>, cute::Layout<cute::tuple<cute::_1, cute::tuple<cute::tuple<cute::tuple<cute::C<8>, cute::C<16>>, cute::_16>>>, cute::tuple<cute::C<0>, cute::tuple<cute::tuple<cute::tuple<cute::_16, cute::_1>, cute::_128>>>>, cute::tuple<cute::_1, cute::_16, cute::_128>>, TmaLoadWsQD=cute::TiledCopy<cute::Copy_Atom<cute::Copy_Traits<cute::SM90_TMA_LOAD, cute::C<2048>, cute::AuxTmaParams<cute::tuple<cute::ScaledBasis<cute::C<1>, 2>, cute::ScaledBasis<cute::C<1>, 1>, cute::ScaledBasis<cute::C<1>, 0>>, const cute::Layout<cute::tuple<cute::C<8>, cute::C<16>, cute::C<1>>, cute::tuple<cute::ScaledBasis<cute::C<1>, 2>, cute::ScaledBasis<cute::C<1>, 1>, cute::ScaledBasis<cute::C<1>, 0>>> &, const cute::Swizzle<0, 4, 3> &>>, cutlass::bfloat16_t>, cute::Layout<cute::tuple<cute::_1, cute::tuple<cute::tuple<cute::tuple<cute::C<8>, cute::C<16>>, cute::_16>>>, cute::tuple<cute::C<0>, cute::tuple<cute::tuple<cute::tuple<cute::_16, cute::_1>, cute::_128>>>>, cute::tuple<cute::_1, cute::_16, cute::_128>>, TmaLoadWsKR=cute::TiledCopy<cute::Copy_Atom<cute::Copy_Traits<cute::SM90_TMA_LOAD, cute::C<2048>, cute::AuxTmaParams<cute::tuple<cute::ScaledBasis<cute::C<1>, 2>, cute::ScaledBasis<cute::C<1>, 1>, cute::ScaledBasis<cute::C<1>, 0>>, const cute::Layout<cute::tuple<cute::C<8>, cute::C<16>, cute::C<1>>, cute::tuple<cute::ScaledBasis<cute::C<1>, 2>, cute::ScaledBasis<cute::C<1>, 1>, cute::ScaledBasis<cute::C<1>, 0>>> &, const cute::Swizzle<0, 4, 3> &>>, cutlass::bfloat16_t>, cute::Layout<cute::tuple<cute::_1, cute::tuple<cute::tuple<cute::tuple<cute::C<8>, cute::C<16>>, cute::_16>>>, cute::tuple<cute::C<0>, cute::tuple<cute::tuple<cute::tuple<cute::_16, cute::_1>, cute::_128>>>>, cute::tuple<cute::_1, cute::_16, cute::_128>>, TmaLoadWsGT=cute::TiledCopy<cute::Copy_Atom<cute::Copy_Traits<cute::SM90_TMA_LOAD, cute::C<4096>, cute::AuxTmaParams<cute::tuple<cute::ScaledBasis<cute::C<1>, 1>, cute::ScaledBasis<cute::C<1>, 0>>, const cute::Layout<cute::tuple<cute::_128, cute::_1>, cute::tuple<cute::ScaledBasis<cute::C<1>, 1>, cute::ScaledBasis<cute::C<1>, 0>>> &, const cute::Swizzle<0, 4, 3> &>>, float>, cute::Layout<cute::tuple<cute::_1, cute::tuple<cute::tuple<cute::_128, cute::_1>>>, cute::tuple<cute::C<0>, cute::tuple<cute::tuple<cute::_1, cute::C<0>>>>>, cute::tuple<cute::_1, cute::_128>>, TmaLoadWsINV=cute::TiledCopy<cute::Copy_Atom<cute::Copy_Traits<cute::SM90_TMA_LOAD, cute::C<2048>, cute::AuxTmaParams<cute::tuple<cute::ScaledBasis<cute::C<1>, 2>, cute::ScaledBasis<cute::C<1>, 1>, cute::ScaledBasis<cute::C<1>, 0>>, const cute::Layout<cute::tuple<cute::C<8>, cute::C<16>, cute::C<1>>, cute::tuple<cute::ScaledBasis<cute::C<1>, 2>, cute::ScaledBasis<cute::C<1>, 1>, cute::ScaledBasis<cute::C<1>, 0>>> &, const cute::Swizzle<0, 4, 3> &>>, cutlass::bfloat16_t>, cute::Layout<cute::tuple<cute::_1, cute::tuple<cute::tuple<cute::tuple<cute::C<8>, cute::C<16>>, cute::_2>>>, cute::tuple<cute::C<0>, cute::tuple<cute::tuple<cute::tuple<cute::_16, cute::_1>, cute::_128>>>>, cute::tuple<cute::_1, cute::C<16>, cute::C<16>>>, TmaLoadWsMqk=cute::TiledCopy<cute::Copy_Atom<cute::Copy_Traits<cute::SM90_TMA_LOAD, cute::C<2048>, cute::AuxTmaParams<cute::tuple<cute::ScaledBasis<cute::C<1>, 2>, cute::ScaledBasis<cute::C<1>, 1>, cute::ScaledBasis<cute::C<1>, 0>>, const cute::Layout<cute::tuple<cute::C<8>, cute::C<16>, cute::C<1>>, cute::tuple<cute::ScaledBasis<cute::C<1>, 2>, cute::ScaledBasis<cute::C<1>, 1>, cute::ScaledBasis<cute::C<1>, 0>>> &, const cute::Swizzle<0, 4, 3> &>>, cutlass::bfloat16_t>, cute::Layout<cute::tuple<cute::_1, cute::tuple<cute::tuple<cute::tuple<cute::C<8>, cute::C<16>>, cute::_2>>>, cute::tuple<cute::C<0>, cute::tuple<cute::tuple<cute::tuple<cute::_16, cute::_1>, cute::_128>>>>, cute::tuple<cute::_1, cute::C<16>, cute::C<16>>>, TmaLoadState=cute::TiledCopy<cute::Copy_Atom<cute::Copy_Traits<cute::SM90_TMA_LOAD, cute::C<8192>, cute::AuxTmaParams<cute::tuple<cute::ScaledBasis<cute::C<1>, 2>, cute::ScaledBasis<cute::C<1>, 1>, cute::ScaledBasis<cute::C<1>, 0>>, const cute::Layout<cute::tuple<cute::C<8>, cute::C<32>, cute::C<1>>, cute::tuple<cute::ScaledBasis<cute::C<1>, 2>, cute::ScaledBasis<cute::C<1>, 1>, cute::ScaledBasis<cute::C<1>, 0>>> &, const cute::Swizzle<1, 4, 3> &>>, float>, cute::Layout<cute::tuple<cute::_1, cute::tuple<cute::tuple<cute::tuple<cute::C<8>, cute::C<32>>, cute::_16>>>, cute::tuple<cute::C<0>, cute::tuple<cute::tuple<cute::tuple<cute::_32, cute::_1>, cute::_256>>>>, cute::tuple<cute::_1, cute::C<32>, cute::C<128>>>, TmaStoreState=cute::TiledCopy<cute::Copy_Atom<cute::Copy_Traits<cute::SM90_TMA_STORE, cute::C<8192>, cute::AuxTmaParams<cute::tuple<cute::ScaledBasis<cute::C<1>, 2>, cute::ScaledBasis<cute::C<1>, 1>, cute::ScaledBasis<cute::C<1>, 0>>, const cute::Layout<cute::tuple<cute::C<8>, cute::C<32>, cute::C<1>>, cute::tuple<cute::ScaledBasis<cute::C<1>, 2>, cute::ScaledBasis<cute::C<1>, 1>, cute::ScaledBasis<cute::C<1>, 0>>> &, const cute::Swizzle<1, 4, 3> &>>, float>, cute::Layout<cute::tuple<cute::_1, cute::tuple<cute::tuple<cute::tuple<cute::C<8>, cute::C<32>>, cute::_16>>>, cute::tuple<cute::C<0>, cute::tuple<cute::tuple<cute::tuple<cute::_32, cute::_1>, cute::_256>>>>, cute::tuple<cute::_1, cute::C<32>, cute::C<128>>>, TmaStoreOut=cute::TiledCopy<cute::Copy_Atom<cute::Copy_Traits<cute::SM90_TMA_STORE, cute::C<2048>, cute::AuxTmaParams<cute::tuple<cute::ScaledBasis<cute::C<1>, 2>, cute::ScaledBasis<cute::C<1>, 1>, cute::ScaledBasis<int, 0>>, const cute::Layout<cute::tuple<cute::C<8>, cute::C<16>, cute::C<1>>, cute::tuple<cute::ScaledBasis<cute::C<1>, 2>, cute::ScaledBasis<cute::C<1>, 1>, cute::ScaledBasis<cute::C<1>, 0>>> &, const cute::Swizzle<0, 4, 3> &>>, cutlass::bfloat16_t>, cute::Layout<cute::tuple<cute::_1, cute::tuple<cute::tuple<cute::tuple<cute::C<8>, cute::C<16>>, cute::_4>>>, cute::tuple<cute::C<0>, cute::tuple<cute::tuple<cute::tuple<cute::_16, cute::_1>, cute::_128>>>>, cute::tuple<cute::_1, cute::C<16>, cute::C<32>>>, CHUNK=16, KDim=128, VDim=32, InputStages=3, OutputStages=2, NumThreads=128, HasStateIn=false, HasStateOut=true, StateFP32=true, IsVarlen=false]" at line 1399 of csrc/smxx/fwd_launch.cu
            instantiation of "void launch_fwd_vshard4_p2_phase1pf<D,HasStateIn,HasStateOut,StateFP32,IsVarlen>(const cutlass::bfloat16_t *, const cutlass::bfloat16_t *, const cutlass::bfloat16_t *, const cutlass::bfloat16_t *, const cutlass::bfloat16_t *, const void *, float, void *, cutlass::bfloat16_t *, void *, int, int, int, int, const int64_t *, const float *, const float *, float, cudaStream_t) [with D=128, HasStateIn=false, HasStateOut=true, StateFP32=true, IsVarlen=false]" at line 1438 of csrc/smxx/fwd_launch.cu

csrc/smxx/fwd_kernel2_vshard4_p2_phase1pf.cuh(687): error: no instance of overloaded function "copy" matches the argument list
            argument types are: (cute::TiledCopy<cute::Copy_Atom<cute::SM75_U32x4_LDSM_N, cutlass::bfloat16_t>, cute::Layout<cute::tuple<cute::tuple<cute::_4, cute::_8>, cute::tuple<cute::tuple<cute::_2, cute::_2, cute::_2>, cute::tuple<cute::_1, cute::_1>>>, cute::tuple<cute::tuple<cute::_32, cute::_1>, cute::tuple<cute::tuple<cute::_16, cute::_8, cute::_128>, cute::tuple<cute::_0, cute::_0>>>>, cute::tuple<cute::C<16>, cute::C<16>>>, cute::Tensor<cute::ViewEngine<cute::smem_ptr<cutlass::bfloat16_t *>>, cute::Layout<cute::tuple<cute::tuple<cute::_8, cute::_1>, cute::_1, cute::_1>, cute::tuple<cute::tuple<cute::_1, cute::C<0>>, cute::C<0>, cute::C<0>>>>, Phase1AInputViewT [2])
              copy(smem_tiled_copy_A, smem_thr_copy_A.partition_S(Mqk), tCrAi_k_view);
              ^
/home/lcpu/85117379/flashkda-phase1-prefetch-1ce47ea-b300-r2/cutlass/include/cute/algorithm/copy.hpp(173): note #3326-D: function template "cute::copy(const cute::AutoCopyAsync &, const cute::Tensor<SrcEngine, SrcLayout> &, cute::Tensor<DstEngine, DstLayout> &)" does not match because argument #1 does not match parameter
  copy(AutoCopyAsync const& cpy,
  ^
/home/lcpu/85117379/flashkda-phase1-prefetch-1ce47ea-b300-r2/cutlass/include/cute/algorithm/copy.hpp(189): note #3327-D: candidate function template "cute::copy(const cute::Copy_Atom<CopyArgs...> &, const cute::Tensor<SrcEngine, SrcLayout> &, cute::Tensor<DstEngine, DstLayout> &)" failed deduction
  copy(Copy_Atom<CopyArgs...> const& copy_atom,
  ^
/home/lcpu/85117379/flashkda-phase1-prefetch-1ce47ea-b300-r2/cutlass/include/cute/algorithm/copy.hpp(247): note #3327-D: candidate function template "cute::copy(const cute::AutoVectorizingCopyWithAssumedAlignment<MaxVecBits> &, const cute::Tensor<SrcEngine, SrcLayout> &, cute::Tensor<DstEngine, DstLayout> &)" failed deduction
  copy(AutoVectorizingCopyWithAssumedAlignment<MaxVecBits> const&,
  ^
/home/lcpu/85117379/flashkda-phase1-prefetch-1ce47ea-b300-r2/cutlass/include/cute/algorithm/copy.hpp(288): note #3327-D: candidate function template "cute::copy(const cute::AutoFilter<CopyOp> &, const cute::Tensor<SrcEngine, SrcLayout> &, cute::Tensor<DstEngine, DstLayout> &)" failed deduction
  copy(AutoFilter<CopyOp> const& copy_op,
  ^
/home/lcpu/85117379/flashkda-phase1-prefetch-1ce47ea-b300-r2/cutlass/include/cute/algorithm/copy.hpp(312): note #3322-D: number of parameters of function template "cute::copy(const cute::Tensor<SrcEngine, SrcLayout> &, cute::Tensor<DstEngine, DstLayout> &)" does not match the call
  copy(Tensor<SrcEngine, SrcLayout> const& src,
  ^
/home/lcpu/85117379/flashkda-phase1-prefetch-1ce47ea-b300-r2/cutlass/include/cute/algorithm/copy.hpp(350): note #3327-D: candidate function template "cute::copy(const cute::Copy_Atom<cute::AutoVectorizingCopyWithAssumedAlignment<MaxVecBits>, Args...> &, const cute::Tensor<SrcEngine, SrcLayout> &, cute::Tensor<DstEngine, DstLayout> &)" failed deduction
  copy(Copy_Atom<AutoVectorizingCopyWithAssumedAlignment<MaxVecBits>, Args...> const&,
  ^
/home/lcpu/85117379/flashkda-phase1-prefetch-1ce47ea-b300-r2/cutlass/include/cute/algorithm/copy.hpp(362): note #3327-D: candidate function template "cute::copy(const cute::Copy_Atom<cute::Copy_Traits<cute::AutoVectorizingCopyWithAssumedAlignment<MaxVecBits>>, Args...> &, const cute::Tensor<SrcEngine, SrcLayout> &, cute::Tensor<DstEngine, DstLayout> &)" failed deduction
  copy(Copy_Atom<Copy_Traits<AutoVectorizingCopyWithAssumedAlignment<MaxVecBits>>, Args...> const&,
  ^
/home/lcpu/85117379/flashkda-phase1-prefetch-1ce47ea-b300-r2/cutlass/include/cute/algorithm/copy.hpp(375): note #3327-D: candidate function template "cute::copy(const cute::Copy_Traits<cute::SM90_BULK_COPY_AUTO, CT_Args...> &, const cute::Tensor<SrcEngine, SrcLayout> &, cute::Tensor<DstEngine, DstLayout> &)" failed deduction
  copy(Copy_Traits<SM90_BULK_COPY_AUTO, CT_Args...> const& atom,
  ^
/home/lcpu/85117379/flashkda-phase1-prefetch-1ce47ea-b300-r2/cutlass/include/cute/algorithm/copy.hpp(408): note #3327-D: candidate function template "cute::copy(const cute::Copy_Atom<cute::Copy_Traits<cute::SM90_BULK_COPY_AUTO, CT_Args...>, CA_Args...> &, const cute::Tensor<SrcEngine, SrcLayout> &, cute::Tensor<DstEngine, DstLayout> &)" failed deduction
  copy(Copy_Atom<Copy_Traits<SM90_BULK_COPY_AUTO, CT_Args...>, CA_Args...> const& atom,
  ^
/home/lcpu/85117379/flashkda-phase1-prefetch-1ce47ea-b300-r2/cutlass/include/cute/algorithm/copy.hpp(439): note #3327-D: candidate function template "cute::copy(const cute::TiledCopy<CopyAtom, TV, Tiler> &, const cute::Tensor<SrcEngine, SrcLayout> &, cute::Tensor<DstEngine, DstLayout> &)" failed deduction
  copy(TiledCopy<CopyAtom, TV, Tiler> const& tiled_copy,
  ^
/home/lcpu/85117379/flashkda-phase1-prefetch-1ce47ea-b300-r2/cutlass/include/cute/algorithm/copy.hpp(462): note #3327-D: candidate function template "cute::copy(const cute::ThrCopy<TiledCopy, ThrIdx> &, const cute::Tensor<SrcEngine, SrcLayout> &, cute::Tensor<DstEngine, DstLayout> &)" failed deduction
  copy(ThrCopy<TiledCopy, ThrIdx> const& thr_copy,
  ^
/home/lcpu/85117379/flashkda-phase1-prefetch-1ce47ea-b300-r2/cutlass/include/cute/algorithm/copy.hpp(489): note #3327-D: candidate function template "cute::copy(const CopyPolicy &, const cute::Tensor<SrcEngine, SrcLayout> &, cute::Tensor<DstEngine, DstLayout> &)" failed deduction
  copy(CopyPolicy const& cpy,
  ^
/home/lcpu/85117379/flashkda-phase1-prefetch-1ce47ea-b300-r2/cutlass/include/cute/algorithm/copy.hpp(530): note #3322-D: number of parameters of function template "cute::copy(const cute::Tensor<SrcEngine, SrcLayout> &, cute::Tensor<DstEngine, DstLayout> &&)" does not match the call
  copy(Tensor<SrcEngine, SrcLayout> const& src,
  ^
/home/lcpu/85117379/flashkda-phase1-prefetch-1ce47ea-b300-r2/cutlass/include/cute/algorithm/copy.hpp(541): note #3327-D: candidate function template "cute::copy(const CopyPolicy &, const cute::Tensor<SrcEngine, SrcLayout> &, cute::Tensor<DstEngine, DstLayout> &&)" failed deduction
  copy(CopyPolicy const& copy_policy,
  ^
          detected during:
            instantiation of "void _flash_kda_fwd_recurrence_vshard4_p2_phase1pf<TmaLoadV,TmaLoadBeta,TmaLoadWsKD,TmaLoadWsQD,TmaLoadWsKR,TmaLoadWsGT,TmaLoadWsINV,TmaLoadWsMqk,TmaLoadState,TmaStoreState,TmaStoreOut,CHUNK,KDim,VDim,InputStages,OutputStages,NumThreads,HasStateIn,HasStateOut,StateFP32,IsVarlen>(TmaLoadV, TmaLoadBeta, TmaLoadWsKD, TmaLoadWsQD, TmaLoadWsKR, TmaLoadWsGT, TmaLoadWsINV, TmaLoadWsMqk, TmaLoadState, TmaStoreState, TmaStoreOut, cutlass::bfloat16_t *, int, int, int, const int64_t *, int) [with TmaLoadV=cute::TiledCopy<cute::Copy_Atom<cute::Copy_Traits<cute::SM90_TMA_LOAD, cute::C<2048>, cute::AuxTmaParams<cute::tuple<cute::ScaledBasis<cute::C<1>, 2>, cute::ScaledBasis<cute::C<1>, 1>, cute::ScaledBasis<int, 0>>, const cute::Layout<cute::tuple<cute::C<8>, cute::C<16>, cute::C<1>>, cute::tuple<cute::ScaledBasis<cute::C<1>, 2>, cute::ScaledBasis<cute::C<1>, 1>, cute::ScaledBasis<cute::C<1>, 0>>> &, const cute::Swizzle<0, 4, 3> &>>, cutlass::bfloat16_t>, cute::Layout<cute::tuple<cute::_1, cute::tuple<cute::tuple<cute::tuple<cute::C<8>, cute::C<16>>, cute::_4>>>, cute::tuple<cute::C<0>, cute::tuple<cute::tuple<cute::tuple<cute::_16, cute::_1>, cute::_128>>>>, cute::tuple<cute::_1, cute::C<16>, cute::C<32>>>, TmaLoadBeta=cute::TiledCopy<cute::Copy_Atom<cute::Copy_Traits<cute::SM90_TMA_LOAD, cute::C<512>, cute::AuxTmaParams<cute::tuple<cute::ScaledBasis<cute::C<1>, 0>>, const cute::Layout<cute::tuple<cute::_32>, cute::tuple<cute::ScaledBasis<cute::C<1>, 0>>> &, const cute::Swizzle<0, 4, 3> &>>, cutlass::bfloat16_t>, cute::Layout<cute::tuple<cute::_1, cute::tuple<cute::tuple<cute::_32, cute::_1>>>, cute::tuple<cute::C<0>, cute::tuple<cute::tuple<cute::_1, cute::C<0>>>>>, cute::tuple<cute::_32>>, TmaLoadWsKD=cute::TiledCopy<cute::Copy_Atom<cute::Copy_Traits<cute::SM90_TMA_LOAD, cute::C<2048>, cute::AuxTmaParams<cute::tuple<cute::ScaledBasis<cute::C<1>, 2>, cute::ScaledBasis<cute::C<1>, 1>, cute::ScaledBasis<cute::C<1>, 0>>, const cute::Layout<cute::tuple<cute::C<8>, cute::C<16>, cute::C<1>>, cute::tuple<cute::ScaledBasis<cute::C<1>, 2>, cute::ScaledBasis<cute::C<1>, 1>, cute::ScaledBasis<cute::C<1>, 0>>> &, const cute::Swizzle<0, 4, 3> &>>, cutlass::bfloat16_t>, cute::Layout<cute::tuple<cute::_1, cute::tuple<cute::tuple<cute::tuple<cute::C<8>, cute::C<16>>, cute::_16>>>, cute::tuple<cute::C<0>, cute::tuple<cute::tuple<cute::tuple<cute::_16, cute::_1>, cute::_128>>>>, cute::tuple<cute::_1, cute::_16, cute::_128>>, TmaLoadWsQD=cute::TiledCopy<cute::Copy_Atom<cute::Copy_Traits<cute::SM90_TMA_LOAD, cute::C<2048>, cute::AuxTmaParams<cute::tuple<cute::ScaledBasis<cute::C<1>, 2>, cute::ScaledBasis<cute::C<1>, 1>, cute::ScaledBasis<cute::C<1>, 0>>, const cute::Layout<cute::tuple<cute::C<8>, cute::C<16>, cute::C<1>>, cute::tuple<cute::ScaledBasis<cute::C<1>, 2>, cute::ScaledBasis<cute::C<1>, 1>, cute::ScaledBasis<cute::C<1>, 0>>> &, const cute::Swizzle<0, 4, 3> &>>, cutlass::bfloat16_t>, cute::Layout<cute::tuple<cute::_1, cute::tuple<cute::tuple<cute::tuple<cute::C<8>, cute::C<16>>, cute::_16>>>, cute::tuple<cute::C<0>, cute::tuple<cute::tuple<cute::tuple<cute::_16, cute::_1>, cute::_128>>>>, cute::tuple<cute::_1, cute::_16, cute::_128>>, TmaLoadWsKR=cute::TiledCopy<cute::Copy_Atom<cute::Copy_Traits<cute::SM90_TMA_LOAD, cute::C<2048>, cute::AuxTmaParams<cute::tuple<cute::ScaledBasis<cute::C<1>, 2>, cute::ScaledBasis<cute::C<1>, 1>, cute::ScaledBasis<cute::C<1>, 0>>, const cute::Layout<cute::tuple<cute::C<8>, cute::C<16>, cute::C<1>>, cute::tuple<cute::ScaledBasis<cute::C<1>, 2>, cute::ScaledBasis<cute::C<1>, 1>, cute::ScaledBasis<cute::C<1>, 0>>> &, const cute::Swizzle<0, 4, 3> &>>, cutlass::bfloat16_t>, cute::Layout<cute::tuple<cute::_1, cute::tuple<cute::tuple<cute::tuple<cute::C<8>, cute::C<16>>, cute::_16>>>, cute::tuple<cute::C<0>, cute::tuple<cute::tuple<cute::tuple<cute::_16, cute::_1>, cute::_128>>>>, cute::tuple<cute::_1, cute::_16, cute::_128>>, TmaLoadWsGT=cute::TiledCopy<cute::Copy_Atom<cute::Copy_Traits<cute::SM90_TMA_LOAD, cute::C<4096>, cute::AuxTmaParams<cute::tuple<cute::ScaledBasis<cute::C<1>, 1>, cute::ScaledBasis<cute::C<1>, 0>>, const cute::Layout<cute::tuple<cute::_128, cute::_1>, cute::tuple<cute::ScaledBasis<cute::C<1>, 1>, cute::ScaledBasis<cute::C<1>, 0>>> &, const cute::Swizzle<0, 4, 3> &>>, float>, cute::Layout<cute::tuple<cute::_1, cute::tuple<cute::tuple<cute::_128, cute::_1>>>, cute::tuple<cute::C<0>, cute::tuple<cute::tuple<cute::_1, cute::C<0>>>>>, cute::tuple<cute::_1, cute::_128>>, TmaLoadWsINV=cute::TiledCopy<cute::Copy_Atom<cute::Copy_Traits<cute::SM90_TMA_LOAD, cute::C<2048>, cute::AuxTmaParams<cute::tuple<cute::ScaledBasis<cute::C<1>, 2>, cute::ScaledBasis<cute::C<1>, 1>, cute::ScaledBasis<cute::C<1>, 0>>, const cute::Layout<cute::tuple<cute::C<8>, cute::C<16>, cute::C<1>>, cute::tuple<cute::ScaledBasis<cute::C<1>, 2>, cute::ScaledBasis<cute::C<1>, 1>, cute::ScaledBasis<cute::C<1>, 0>>> &, const cute::Swizzle<0, 4, 3> &>>, cutlass::bfloat16_t>, cute::Layout<cute::tuple<cute::_1, cute::tuple<cute::tuple<cute::tuple<cute::C<8>, cute::C<16>>, cute::_2>>>, cute::tuple<cute::C<0>, cute::tuple<cute::tuple<cute::tuple<cute::_16, cute::_1>, cute::_128>>>>, cute::tuple<cute::_1, cute::C<16>, cute::C<16>>>, TmaLoadWsMqk=cute::TiledCopy<cute::Copy_Atom<cute::Copy_Traits<cute::SM90_TMA_LOAD, cute::C<2048>, cute::AuxTmaParams<cute::tuple<cute::ScaledBasis<cute::C<1>, 2>, cute::ScaledBasis<cute::C<1>, 1>, cute::ScaledBasis<cute::C<1>, 0>>, const cute::Layout<cute::tuple<cute::C<8>, cute::C<16>, cute::C<1>>, cute::tuple<cute::ScaledBasis<cute::C<1>, 2>, cute::ScaledBasis<cute::C<1>, 1>, cute::ScaledBasis<cute::C<1>, 0>>> &, const cute::Swizzle<0, 4, 3> &>>, cutlass::bfloat16_t>, cute::Layout<cute::tuple<cute::_1, cute::tuple<cute::tuple<cute::tuple<cute::C<8>, cute::C<16>>, cute::_2>>>, cute::tuple<cute::C<0>, cute::tuple<cute::tuple<cute::tuple<cute::_16, cute::_1>, cute::_128>>>>, cute::tuple<cute::_1, cute::C<16>, cute::C<16>>>, TmaLoadState=cute::TiledCopy<cute::Copy_Atom<cute::Copy_Traits<cute::SM90_TMA_LOAD, cute::C<8192>, cute::AuxTmaParams<cute::tuple<cute::ScaledBasis<cute::C<1>, 2>, cute::ScaledBasis<cute::C<1>, 1>, cute::ScaledBasis<cute::C<1>, 0>>, const cute::Layout<cute::tuple<cute::C<8>, cute::C<32>, cute::C<1>>, cute::tuple<cute::ScaledBasis<cute::C<1>, 2>, cute::ScaledBasis<cute::C<1>, 1>, cute::ScaledBasis<cute::C<1>, 0>>> &, const cute::Swizzle<1, 4, 3> &>>, float>, cute::Layout<cute::tuple<cute::_1, cute::tuple<cute::tuple<cute::tuple<cute::C<8>, cute::C<32>>, cute::_16>>>, cute::tuple<cute::C<0>, cute::tuple<cute::tuple<cute::tuple<cute::_32, cute::_1>, cute::_256>>>>, cute::tuple<cute::_1, cute::C<32>, cute::C<128>>>, TmaStoreState=cute::TiledCopy<cute::Copy_Atom<cute::Copy_Traits<cute::SM90_TMA_STORE, cute::C<8192>, cute::AuxTmaParams<cute::tuple<cute::ScaledBasis<cute::C<1>, 2>, cute::ScaledBasis<cute::C<1>, 1>, cute::ScaledBasis<cute::C<1>, 0>>, const cute::Layout<cute::tuple<cute::C<8>, cute::C<32>, cute::C<1>>, cute::tuple<cute::ScaledBasis<cute::C<1>, 2>, cute::ScaledBasis<cute::C<1>, 1>, cute::ScaledBasis<cute::C<1>, 0>>> &, const cute::Swizzle<1, 4, 3> &>>, float>, cute::Layout<cute::tuple<cute::_1, cute::tuple<cute::tuple<cute::tuple<cute::C<8>, cute::C<32>>, cute::_16>>>, cute::tuple<cute::C<0>, cute::tuple<cute::tuple<cute::tuple<cute::_32, cute::_1>, cute::_256>>>>, cute::tuple<cute::_1, cute::C<32>, cute::C<128>>>, TmaStoreOut=cute::TiledCopy<cute::Copy_Atom<cute::Copy_Traits<cute::SM90_TMA_STORE, cute::C<2048>, cute::AuxTmaParams<cute::tuple<cute::ScaledBasis<cute::C<1>, 2>, cute::ScaledBasis<cute::C<1>, 1>, cute::ScaledBasis<int, 0>>, const cute::Layout<cute::tuple<cute::C<8>, cute::C<16>, cute::C<1>>, cute::tuple<cute::ScaledBasis<cute::C<1>, 2>, cute::ScaledBasis<cute::C<1>, 1>, cute::ScaledBasis<cute::C<1>, 0>>> &, const cute::Swizzle<0, 4, 3> &>>, cutlass::bfloat16_t>, cute::Layout<cute::tuple<cute::_1, cute::tuple<cute::tuple<cute::tuple<cute::C<8>, cute::C<16>>, cute::_4>>>, cute::tuple<cute::C<0>, cute::tuple<cute::tuple<cute::tuple<cute::_16, cute::_1>, cute::_128>>>>, cute::tuple<cute::_1, cute::C<16>, cute::C<32>>>, CHUNK=16, KDim=128, VDim=32, InputStages=3, OutputStages=2, NumThreads=128, HasStateIn=false, HasStateOut=true, StateFP32=true, IsVarlen=false]" at line 1399 of csrc/smxx/fwd_launch.cu
            instantiation of "void launch_fwd_vshard4_p2_phase1pf<D,HasStateIn,HasStateOut,StateFP32,IsVarlen>(const cutlass::bfloat16_t *, const cutlass::bfloat16_t *, const cutlass::bfloat16_t *, const cutlass::bfloat16_t *, const cutlass::bfloat16_t *, const void *, float, void *, cutlass::bfloat16_t *, void *, int, int, int, int, const int64_t *, const float *, const float *, float, cudaStream_t) [with D=128, HasStateIn=false, HasStateOut=true, StateFP32=true, IsVarlen=false]" at line 1438 of csrc/smxx/fwd_launch.cu

csrc/smxx/fwd_kernel2_vshard4_p2_phase1pf.cuh(644): error: no instance of overloaded function "copy" matches the argument list
            argument types are: (cute::TiledCopy<cute::Copy_Atom<cute::SM75_U32x4_LDSM_N, cutlass::bfloat16_t>, cute::Layout<cute::tuple<cute::tuple<cute::_4, cute::_8>, cute::tuple<cute::tuple<cute::_2, cute::_2, cute::_2>, cute::tuple<cute::_1, cute::_1>>>, cute::tuple<cute::tuple<cute::_32, cute::_1>, cute::tuple<cute::tuple<cute::_16, cute::_8, cute::_128>, cute::tuple<cute::_0, cute::_0>>>>, cute::tuple<cute::C<16>, cute::C<16>>>, cute::Tensor<cute::ViewEngine<cute::smem_ptr<cutlass::bfloat16_t *>>, cute::Layout<cute::tuple<cute::tuple<cute::_8, cute::_1>, cute::_1, cute::_1>, cute::tuple<cute::tuple<cute::_1, cute::C<0>>, cute::C<0>, cute::C<0>>>>, Phase1AInputViewT [2])
              copy(smem_tiled_copy_A, smem_thr_copy_A.partition_S(INV), tCrAi_k_view);
              ^
/home/lcpu/85117379/flashkda-phase1-prefetch-1ce47ea-b300-r2/cutlass/include/cute/algorithm/copy.hpp(173): note #3326-D: function template "cute::copy(const cute::AutoCopyAsync &, const cute::Tensor<SrcEngine, SrcLayout> &, cute::Tensor<DstEngine, DstLayout> &)" does not match because argument #1 does not match parameter
  copy(AutoCopyAsync const& cpy,
  ^
/home/lcpu/85117379/flashkda-phase1-prefetch-1ce47ea-b300-r2/cutlass/include/cute/algorithm/copy.hpp(189): note #3327-D: candidate function template "cute::copy(const cute::Copy_Atom<CopyArgs...> &, const cute::Tensor<SrcEngine, SrcLayout> &, cute::Tensor<DstEngine, DstLayout> &)" failed deduction
  copy(Copy_Atom<CopyArgs...> const& copy_atom,
  ^
/home/lcpu/85117379/flashkda-phase1-prefetch-1ce47ea-b300-r2/cutlass/include/cute/algorithm/copy.hpp(247): note #3327-D: candidate function template "cute::copy(const cute::AutoVectorizingCopyWithAssumedAlignment<MaxVecBits> &, const cute::Tensor<SrcEngine, SrcLayout> &, cute::Tensor<DstEngine, DstLayout> &)" failed deduction
  copy(AutoVectorizingCopyWithAssumedAlignment<MaxVecBits> const&,
  ^
/home/lcpu/85117379/flashkda-phase1-prefetch-1ce47ea-b300-r2/cutlass/include/cute/algorithm/copy.hpp(288): note #3327-D: candidate function template "cute::copy(const cute::AutoFilter<CopyOp> &, const cute::Tensor<SrcEngine, SrcLayout> &, cute::Tensor<DstEngine, DstLayout> &)" failed deduction
  copy(AutoFilter<CopyOp> const& copy_op,
  ^
/home/lcpu/85117379/flashkda-phase1-prefetch-1ce47ea-b300-r2/cutlass/include/cute/algorithm/copy.hpp(312): note #3322-D: number of parameters of function template "cute::copy(const cute::Tensor<SrcEngine, SrcLayout> &, cute::Tensor<DstEngine, DstLayout> &)" does not match the call
  copy(Tensor<SrcEngine, SrcLayout> const& src,
  ^
/home/lcpu/85117379/flashkda-phase1-prefetch-1ce47ea-b300-r2/cutlass/include/cute/algorithm/copy.hpp(350): note #3327-D: candidate function template "cute::copy(const cute::Copy_Atom<cute::AutoVectorizingCopyWithAssumedAlignment<MaxVecBits>, Args...> &, const cute::Tensor<SrcEngine, SrcLayout> &, cute::Tensor<DstEngine, DstLayout> &)" failed deduction
  copy(Copy_Atom<AutoVectorizingCopyWithAssumedAlignment<MaxVecBits>, Args...> const&,
  ^
/home/lcpu/85117379/flashkda-phase1-prefetch-1ce47ea-b300-r2/cutlass/include/cute/algorithm/copy.hpp(362): note #3327-D: candidate function template "cute::copy(const cute::Copy_Atom<cute::Copy_Traits<cute::AutoVectorizingCopyWithAssumedAlignment<MaxVecBits>>, Args...> &, const cute::Tensor<SrcEngine, SrcLayout> &, cute::Tensor<DstEngine, DstLayout> &)" failed deduction
  copy(Copy_Atom<Copy_Traits<AutoVectorizingCopyWithAssumedAlignment<MaxVecBits>>, Args...> const&,
  ^
/home/lcpu/85117379/flashkda-phase1-prefetch-1ce47ea-b300-r2/cutlass/include/cute/algorithm/copy.hpp(375): note #3327-D: candidate function template "cute::copy(const cute::Copy_Traits<cute::SM90_BULK_COPY_AUTO, CT_Args...> &, const cute::Tensor<SrcEngine, SrcLayout> &, cute::Tensor<DstEngine, DstLayout> &)" failed deduction
  copy(Copy_Traits<SM90_BULK_COPY_AUTO, CT_Args...> const& atom,
  ^
/home/lcpu/85117379/flashkda-phase1-prefetch-1ce47ea-b300-r2/cutlass/include/cute/algorithm/copy.hpp(408): note #3327-D: candidate function template "cute::copy(const cute::Copy_Atom<cute::Copy_Traits<cute::SM90_BULK_COPY_AUTO, CT_Args...>, CA_Args...> &, const cute::Tensor<SrcEngine, SrcLayout> &, cute::Tensor<DstEngine, DstLayout> &)" failed deduction
  copy(Copy_Atom<Copy_Traits<SM90_BULK_COPY_AUTO, CT_Args...>, CA_Args...> const& atom,
  ^
/home/lcpu/85117379/flashkda-phase1-prefetch-1ce47ea-b300-r2/cutlass/include/cute/algorithm/copy.hpp(439): note #3327-D: candidate function template "cute::copy(const cute::TiledCopy<CopyAtom, TV, Tiler> &, const cute::Tensor<SrcEngine, SrcLayout> &, cute::Tensor<DstEngine, DstLayout> &)" failed deduction
  copy(TiledCopy<CopyAtom, TV, Tiler> const& tiled_copy,
  ^
/home/lcpu/85117379/flashkda-phase1-prefetch-1ce47ea-b300-r2/cutlass/include/cute/algorithm/copy.hpp(462): note #3327-D: candidate function template "cute::copy(const cute::ThrCopy<TiledCopy, ThrIdx> &, const cute::Tensor<SrcEngine, SrcLayout> &, cute::Tensor<DstEngine, DstLayout> &)" failed deduction
  copy(ThrCopy<TiledCopy, ThrIdx> const& thr_copy,
  ^
/home/lcpu/85117379/flashkda-phase1-prefetch-1ce47ea-b300-r2/cutlass/include/cute/algorithm/copy.hpp(489): note #3327-D: candidate function template "cute::copy(const CopyPolicy &, const cute::Tensor<SrcEngine, SrcLayout> &, cute::Tensor<DstEngine, DstLayout> &)" failed deduction
  copy(CopyPolicy const& cpy,
  ^
/home/lcpu/85117379/flashkda-phase1-prefetch-1ce47ea-b300-r2/cutlass/include/cute/algorithm/copy.hpp(530): note #3322-D: number of parameters of function template "cute::copy(const cute::Tensor<SrcEngine, SrcLayout> &, cute::Tensor<DstEngine, DstLayout> &&)" does not match the call
  copy(Tensor<SrcEngine, SrcLayout> const& src,
  ^
/home/lcpu/85117379/flashkda-phase1-prefetch-1ce47ea-b300-r2/cutlass/include/cute/algorithm/copy.hpp(541): note #3327-D: candidate function template "cute::copy(const CopyPolicy &, const cute::Tensor<SrcEngine, SrcLayout> &, cute::Tensor<DstEngine, DstLayout> &&)" failed deduction
  copy(CopyPolicy const& copy_policy,
  ^
          detected during:
            instantiation of "void _flash_kda_fwd_recurrence_vshard4_p2_phase1pf<TmaLoadV,TmaLoadBeta,TmaLoadWsKD,TmaLoadWsQD,TmaLoadWsKR,TmaLoadWsGT,TmaLoadWsINV,TmaLoadWsMqk,TmaLoadState,TmaStoreState,TmaStoreOut,CHUNK,KDim,VDim,InputStages,OutputStages,NumThreads,HasStateIn,HasStateOut,StateFP32,IsVarlen>(TmaLoadV, TmaLoadBeta, TmaLoadWsKD, TmaLoadWsQD, TmaLoadWsKR, TmaLoadWsGT, TmaLoadWsINV, TmaLoadWsMqk, TmaLoadState, TmaStoreState, TmaStoreOut, cutlass::bfloat16_t *, int, int, int, const int64_t *, int) [with TmaLoadV=cute::TiledCopy<cute::Copy_Atom<cute::Copy_Traits<cute::SM90_TMA_LOAD, cute::C<2048>, cute::AuxTmaParams<cute::tuple<cute::ScaledBasis<cute::C<1>, 2>, cute::ScaledBasis<cute::C<1>, 1>, cute::ScaledBasis<int, 0>>, const cute::Layout<cute::tuple<cute::C<8>, cute::C<16>, cute::C<1>>, cute::tuple<cute::ScaledBasis<cute::C<1>, 2>, cute::ScaledBasis<cute::C<1>, 1>, cute::ScaledBasis<cute::C<1>, 0>>> &, const cute::Swizzle<0, 4, 3> &>>, cutlass::bfloat16_t>, cute::Layout<cute::tuple<cute::_1, cute::tuple<cute::tuple<cute::tuple<cute::C<8>, cute::C<16>>, cute::_4>>>, cute::tuple<cute::C<0>, cute::tuple<cute::tuple<cute::tuple<cute::_16, cute::_1>, cute::_128>>>>, cute::tuple<cute::_1, cute::C<16>, cute::C<32>>>, TmaLoadBeta=cute::TiledCopy<cute::Copy_Atom<cute::Copy_Traits<cute::SM90_TMA_LOAD, cute::C<512>, cute::AuxTmaParams<cute::tuple<cute::ScaledBasis<cute::C<1>, 0>>, const cute::Layout<cute::tuple<cute::_32>, cute::tuple<cute::ScaledBasis<cute::C<1>, 0>>> &, const cute::Swizzle<0, 4, 3> &>>, cutlass::bfloat16_t>, cute::Layout<cute::tuple<cute::_1, cute::tuple<cute::tuple<cute::_32, cute::_1>>>, cute::tuple<cute::C<0>, cute::tuple<cute::tuple<cute::_1, cute::C<0>>>>>, cute::tuple<cute::_32>>, TmaLoadWsKD=cute::TiledCopy<cute::Copy_Atom<cute::Copy_Traits<cute::SM90_TMA_LOAD, cute::C<2048>, cute::AuxTmaParams<cute::tuple<cute::ScaledBasis<cute::C<1>, 2>, cute::ScaledBasis<cute::C<1>, 1>, cute::ScaledBasis<cute::C<1>, 0>>, const cute::Layout<cute::tuple<cute::C<8>, cute::C<16>, cute::C<1>>, cute::tuple<cute::ScaledBasis<cute::C<1>, 2>, cute::ScaledBasis<cute::C<1>, 1>, cute::ScaledBasis<cute::C<1>, 0>>> &, const cute::Swizzle<0, 4, 3> &>>, cutlass::bfloat16_t>, cute::Layout<cute::tuple<cute::_1, cute::tuple<cute::tuple<cute::tuple<cute::C<8>, cute::C<16>>, cute::_16>>>, cute::tuple<cute::C<0>, cute::tuple<cute::tuple<cute::tuple<cute::_16, cute::_1>, cute::_128>>>>, cute::tuple<cute::_1, cute::_16, cute::_128>>, TmaLoadWsQD=cute::TiledCopy<cute::Copy_Atom<cute::Copy_Traits<cute::SM90_TMA_LOAD, cute::C<2048>, cute::AuxTmaParams<cute::tuple<cute::ScaledBasis<cute::C<1>, 2>, cute::ScaledBasis<cute::C<1>, 1>, cute::ScaledBasis<cute::C<1>, 0>>, const cute::Layout<cute::tuple<cute::C<8>, cute::C<16>, cute::C<1>>, cute::tuple<cute::ScaledBasis<cute::C<1>, 2>, cute::ScaledBasis<cute::C<1>, 1>, cute::ScaledBasis<cute::C<1>, 0>>> &, const cute::Swizzle<0, 4, 3> &>>, cutlass::bfloat16_t>, cute::Layout<cute::tuple<cute::_1, cute::tuple<cute::tuple<cute::tuple<cute::C<8>, cute::C<16>>, cute::_16>>>, cute::tuple<cute::C<0>, cute::tuple<cute::tuple<cute::tuple<cute::_16, cute::_1>, cute::_128>>>>, cute::tuple<cute::_1, cute::_16, cute::_128>>, TmaLoadWsKR=cute::TiledCopy<cute::Copy_Atom<cute::Copy_Traits<cute::SM90_TMA_LOAD, cute::C<2048>, cute::AuxTmaParams<cute::tuple<cute::ScaledBasis<cute::C<1>, 2>, cute::ScaledBasis<cute::C<1>, 1>, cute::ScaledBasis<cute::C<1>, 0>>, const cute::Layout<cute::tuple<cute::C<8>, cute::C<16>, cute::C<1>>, cute::tuple<cute::ScaledBasis<cute::C<1>, 2>, cute::ScaledBasis<cute::C<1>, 1>, cute::ScaledBasis<cute::C<1>, 0>>> &, const cute::Swizzle<0, 4, 3> &>>, cutlass::bfloat16_t>, cute::Layout<cute::tuple<cute::_1, cute::tuple<cute::tuple<cute::tuple<cute::C<8>, cute::C<16>>, cute::_16>>>, cute::tuple<cute::C<0>, cute::tuple<cute::tuple<cute::tuple<cute::_16, cute::_1>, cute::_128>>>>, cute::tuple<cute::_1, cute::_16, cute::_128>>, TmaLoadWsGT=cute::TiledCopy<cute::Copy_Atom<cute::Copy_Traits<cute::SM90_TMA_LOAD, cute::C<4096>, cute::AuxTmaParams<cute::tuple<cute::ScaledBasis<cute::C<1>, 1>, cute::ScaledBasis<cute::C<1>, 0>>, const cute::Layout<cute::tuple<cute::_128, cute::_1>, cute::tuple<cute::ScaledBasis<cute::C<1>, 1>, cute::ScaledBasis<cute::C<1>, 0>>> &, const cute::Swizzle<0, 4, 3> &>>, float>, cute::Layout<cute::tuple<cute::_1, cute::tuple<cute::tuple<cute::_128, cute::_1>>>, cute::tuple<cute::C<0>, cute::tuple<cute::tuple<cute::_1, cute::C<0>>>>>, cute::tuple<cute::_1, cute::_128>>, TmaLoadWsINV=cute::TiledCopy<cute::Copy_Atom<cute::Copy_Traits<cute::SM90_TMA_LOAD, cute::C<2048>, cute::AuxTmaParams<cute::tuple<cute::ScaledBasis<cute::C<1>, 2>, cute::ScaledBasis<cute::C<1>, 1>, cute::ScaledBasis<cute::C<1>, 0>>, const cute::Layout<cute::tuple<cute::C<8>, cute::C<16>, cute::C<1>>, cute::tuple<cute::ScaledBasis<cute::C<1>, 2>, cute::ScaledBasis<cute::C<1>, 1>, cute::ScaledBasis<cute::C<1>, 0>>> &, const cute::Swizzle<0, 4, 3> &>>, cutlass::bfloat16_t>, cute::Layout<cute::tuple<cute::_1, cute::tuple<cute::tuple<cute::tuple<cute::C<8>, cute::C<16>>, cute::_2>>>, cute::tuple<cute::C<0>, cute::tuple<cute::tuple<cute::tuple<cute::_16, cute::_1>, cute::_128>>>>, cute::tuple<cute::_1, cute::C<16>, cute::C<16>>>, TmaLoadWsMqk=cute::TiledCopy<cute::Copy_Atom<cute::Copy_Traits<cute::SM90_TMA_LOAD, cute::C<2048>, cute::AuxTmaParams<cute::tuple<cute::ScaledBasis<cute::C<1>, 2>, cute::ScaledBasis<cute::C<1>, 1>, cute::ScaledBasis<cute::C<1>, 0>>, const cute::Layout<cute::tuple<cute::C<8>, cute::C<16>, cute::C<1>>, cute::tuple<cute::ScaledBasis<cute::C<1>, 2>, cute::ScaledBasis<cute::C<1>, 1>, cute::ScaledBasis<cute::C<1>, 0>>> &, const cute::Swizzle<0, 4, 3> &>>, cutlass::bfloat16_t>, cute::Layout<cute::tuple<cute::_1, cute::tuple<cute::tuple<cute::tuple<cute::C<8>, cute::C<16>>, cute::_2>>>, cute::tuple<cute::C<0>, cute::tuple<cute::tuple<cute::tuple<cute::_16, cute::_1>, cute::_128>>>>, cute::tuple<cute::_1, cute::C<16>, cute::C<16>>>, TmaLoadState=cute::TiledCopy<cute::Copy_Atom<cute::Copy_Traits<cute::SM90_TMA_LOAD, cute::C<8192>, cute::AuxTmaParams<cute::tuple<cute::ScaledBasis<cute::C<1>, 2>, cute::ScaledBasis<cute::C<1>, 1>, cute::ScaledBasis<cute::C<1>, 0>>, const cute::Layout<cute::tuple<cute::C<8>, cute::C<32>, cute::C<1>>, cute::tuple<cute::ScaledBasis<cute::C<1>, 2>, cute::ScaledBasis<cute::C<1>, 1>, cute::ScaledBasis<cute::C<1>, 0>>> &, const cute::Swizzle<1, 4, 3> &>>, float>, cute::Layout<cute::tuple<cute::_1, cute::tuple<cute::tuple<cute::tuple<cute::C<8>, cute::C<32>>, cute::_16>>>, cute::tuple<cute::C<0>, cute::tuple<cute::tuple<cute::tuple<cute::_32, cute::_1>, cute::_256>>>>, cute::tuple<cute::_1, cute::C<32>, cute::C<128>>>, TmaStoreState=cute::TiledCopy<cute::Copy_Atom<cute::Copy_Traits<cute::SM90_TMA_STORE, cute::C<8192>, cute::AuxTmaParams<cute::tuple<cute::ScaledBasis<cute::C<1>, 2>, cute::ScaledBasis<cute::C<1>, 1>, cute::ScaledBasis<cute::C<1>, 0>>, const cute::Layout<cute::tuple<cute::C<8>, cute::C<32>, cute::C<1>>, cute::tuple<cute::ScaledBasis<cute::C<1>, 2>, cute::ScaledBasis<cute::C<1>, 1>, cute::ScaledBasis<cute::C<1>, 0>>> &, const cute::Swizzle<1, 4, 3> &>>, float>, cute::Layout<cute::tuple<cute::_1, cute::tuple<cute::tuple<cute::tuple<cute::C<8>, cute::C<32>>, cute::_16>>>, cute::tuple<cute::C<0>, cute::tuple<cute::tuple<cute::tuple<cute::_32, cute::_1>, cute::_256>>>>, cute::tuple<cute::_1, cute::C<32>, cute::C<128>>>, TmaStoreOut=cute::TiledCopy<cute::Copy_Atom<cute::Copy_Traits<cute::SM90_TMA_STORE, cute::C<2048>, cute::AuxTmaParams<cute::tuple<cute::ScaledBasis<cute::C<1>, 2>, cute::ScaledBasis<cute::C<1>, 1>, cute::ScaledBasis<int, 0>>, const cute::Layout<cute::tuple<cute::C<8>, cute::C<16>, cute::C<1>>, cute::tuple<cute::ScaledBasis<cute::C<1>, 2>, cute::ScaledBasis<cute::C<1>, 1>, cute::ScaledBasis<cute::C<1>, 0>>> &, const cute::Swizzle<0, 4, 3> &>>, cutlass::bfloat16_t>, cute::Layout<cute::tuple<cute::_1, cute::tuple<cute::tuple<cute::tuple<cute::C<8>, cute::C<16>>, cute::_4>>>, cute::tuple<cute::C<0>, cute::tuple<cute::tuple<cute::tuple<cute::_16, cute::_1>, cute::_128>>>>, cute::tuple<cute::_1, cute::C<16>, cute::C<32>>>, CHUNK=16, KDim=128, VDim=32, InputStages=3, OutputStages=2, NumThreads=128, HasStateIn=true, HasStateOut=false, StateFP32=true, IsVarlen=false]" at line 1399 of csrc/smxx/fwd_launch.cu
            instantiation of "void launch_fwd_vshard4_p2_phase1pf<D,HasStateIn,HasStateOut,StateFP32,IsVarlen>(const cutlass::bfloat16_t *, const cutlass::bfloat16_t *, const cutlass::bfloat16_t *, const cutlass::bfloat16_t *, const cutlass::bfloat16_t *, const void *, float, void *, cutlass::bfloat16_t *, void *, int, int, int, int, const int64_t *, const float *, const float *, float, cudaStream_t) [with D=128, HasStateIn=true, HasStateOut=false, StateFP32=true, IsVarlen=false]" at line 1438 of csrc/smxx/fwd_launch.cu

csrc/smxx/fwd_kernel2_vshard4_p2_phase1pf.cuh(687): error: no instance of overloaded function "copy" matches the argument list
            argument types are: (cute::TiledCopy<cute::Copy_Atom<cute::SM75_U32x4_LDSM_N, cutlass::bfloat16_t>, cute::Layout<cute::tuple<cute::tuple<cute::_4, cute::_8>, cute::tuple<cute::tuple<cute::_2, cute::_2, cute::_2>, cute::tuple<cute::_1, cute::_1>>>, cute::tuple<cute::tuple<cute::_32, cute::_1>, cute::tuple<cute::tuple<cute::_16, cute::_8, cute::_128>, cute::tuple<cute::_0, cute::_0>>>>, cute::tuple<cute::C<16>, cute::C<16>>>, cute::Tensor<cute::ViewEngine<cute::smem_ptr<cutlass::bfloat16_t *>>, cute::Layout<cute::tuple<cute::tuple<cute::_8, cute::_1>, cute::_1, cute::_1>, cute::tuple<cute::tuple<cute::_1, cute::C<0>>, cute::C<0>, cute::C<0>>>>, Phase1AInputViewT [2])
              copy(smem_tiled_copy_A, smem_thr_copy_A.partition_S(Mqk), tCrAi_k_view);
              ^
/home/lcpu/85117379/flashkda-phase1-prefetch-1ce47ea-b300-r2/cutlass/include/cute/algorithm/copy.hpp(173): note #3326-D: function template "cute::copy(const cute::AutoCopyAsync &, const cute::Tensor<SrcEngine, SrcLayout> &, cute::Tensor<DstEngine, DstLayout> &)" does not match because argument #1 does not match parameter
  copy(AutoCopyAsync const& cpy,
  ^
/home/lcpu/85117379/flashkda-phase1-prefetch-1ce47ea-b300-r2/cutlass/include/cute/algorithm/copy.hpp(189): note #3327-D: candidate function template "cute::copy(const cute::Copy_Atom<CopyArgs...> &, const cute::Tensor<SrcEngine, SrcLayout> &, cute::Tensor<DstEngine, DstLayout> &)" failed deduction
  copy(Copy_Atom<CopyArgs...> const& copy_atom,
  ^
/home/lcpu/85117379/flashkda-phase1-prefetch-1ce47ea-b300-r2/cutlass/include/cute/algorithm/copy.hpp(247): note #3327-D: candidate function template "cute::copy(const cute::AutoVectorizingCopyWithAssumedAlignment<MaxVecBits> &, const cute::Tensor<SrcEngine, SrcLayout> &, cute::Tensor<DstEngine, DstLayout> &)" failed deduction
  copy(AutoVectorizingCopyWithAssumedAlignment<MaxVecBits> const&,
  ^
/home/lcpu/85117379/flashkda-phase1-prefetch-1ce47ea-b300-r2/cutlass/include/cute/algorithm/copy.hpp(288): note #3327-D: candidate function template "cute::copy(const cute::AutoFilter<CopyOp> &, const cute::Tensor<SrcEngine, SrcLayout> &, cute::Tensor<DstEngine, DstLayout> &)" failed deduction
  copy(AutoFilter<CopyOp> const& copy_op,
  ^
/home/lcpu/85117379/flashkda-phase1-prefetch-1ce47ea-b300-r2/cutlass/include/cute/algorithm/copy.hpp(312): note #3322-D: number of parameters of function template "cute::copy(const cute::Tensor<SrcEngine, SrcLayout> &, cute::Tensor<DstEngine, DstLayout> &)" does not match the call
  copy(Tensor<SrcEngine, SrcLayout> const& src,
  ^
/home/lcpu/85117379/flashkda-phase1-prefetch-1ce47ea-b300-r2/cutlass/include/cute/algorithm/copy.hpp(350): note #3327-D: candidate function template "cute::copy(const cute::Copy_Atom<cute::AutoVectorizingCopyWithAssumedAlignment<MaxVecBits>, Args...> &, const cute::Tensor<SrcEngine, SrcLayout> &, cute::Tensor<DstEngine, DstLayout> &)" failed deduction
  copy(Copy_Atom<AutoVectorizingCopyWithAssumedAlignment<MaxVecBits>, Args...> const&,
  ^
/home/lcpu/85117379/flashkda-phase1-prefetch-1ce47ea-b300-r2/cutlass/include/cute/algorithm/copy.hpp(362): note #3327-D: candidate function template "cute::copy(const cute::Copy_Atom<cute::Copy_Traits<cute::AutoVectorizingCopyWithAssumedAlignment<MaxVecBits>>, Args...> &, const cute::Tensor<SrcEngine, SrcLayout> &, cute::Tensor<DstEngine, DstLayout> &)" failed deduction
  copy(Copy_Atom<Copy_Traits<AutoVectorizingCopyWithAssumedAlignment<MaxVecBits>>, Args...> const&,
  ^
/home/lcpu/85117379/flashkda-phase1-prefetch-1ce47ea-b300-r2/cutlass/include/cute/algorithm/copy.hpp(375): note #3327-D: candidate function template "cute::copy(const cute::Copy_Traits<cute::SM90_BULK_COPY_AUTO, CT_Args...> &, const cute::Tensor<SrcEngine, SrcLayout> &, cute::Tensor<DstEngine, DstLayout> &)" failed deduction
  copy(Copy_Traits<SM90_BULK_COPY_AUTO, CT_Args...> const& atom,
  ^
/home/lcpu/85117379/flashkda-phase1-prefetch-1ce47ea-b300-r2/cutlass/include/cute/algorithm/copy.hpp(408): note #3327-D: candidate function template "cute::copy(const cute::Copy_Atom<cute::Copy_Traits<cute::SM90_BULK_COPY_AUTO, CT_Args...>, CA_Args...> &, const cute::Tensor<SrcEngine, SrcLayout> &, cute::Tensor<DstEngine, DstLayout> &)" failed deduction
  copy(Copy_Atom<Copy_Traits<SM90_BULK_COPY_AUTO, CT_Args...>, CA_Args...> const& atom,
  ^
/home/lcpu/85117379/flashkda-phase1-prefetch-1ce47ea-b300-r2/cutlass/include/cute/algorithm/copy.hpp(439): note #3327-D: candidate function template "cute::copy(const cute::TiledCopy<CopyAtom, TV, Tiler> &, const cute::Tensor<SrcEngine, SrcLayout> &, cute::Tensor<DstEngine, DstLayout> &)" failed deduction
  copy(TiledCopy<CopyAtom, TV, Tiler> const& tiled_copy,
  ^
/home/lcpu/85117379/flashkda-phase1-prefetch-1ce47ea-b300-r2/cutlass/include/cute/algorithm/copy.hpp(462): note #3327-D: candidate function template "cute::copy(const cute::ThrCopy<TiledCopy, ThrIdx> &, const cute::Tensor<SrcEngine, SrcLayout> &, cute::Tensor<DstEngine, DstLayout> &)" failed deduction
  copy(ThrCopy<TiledCopy, ThrIdx> const& thr_copy,
  ^
/home/lcpu/85117379/flashkda-phase1-prefetch-1ce47ea-b300-r2/cutlass/include/cute/algorithm/copy.hpp(489): note #3327-D: candidate function template "cute::copy(const CopyPolicy &, const cute::Tensor<SrcEngine, SrcLayout> &, cute::Tensor<DstEngine, DstLayout> &)" failed deduction
  copy(CopyPolicy const& cpy,
  ^
/home/lcpu/85117379/flashkda-phase1-prefetch-1ce47ea-b300-r2/cutlass/include/cute/algorithm/copy.hpp(530): note #3322-D: number of parameters of function template "cute::copy(const cute::Tensor<SrcEngine, SrcLayout> &, cute::Tensor<DstEngine, DstLayout> &&)" does not match the call
  copy(Tensor<SrcEngine, SrcLayout> const& src,
  ^
/home/lcpu/85117379/flashkda-phase1-prefetch-1ce47ea-b300-r2/cutlass/include/cute/algorithm/copy.hpp(541): note #3327-D: candidate function template "cute::copy(const CopyPolicy &, const cute::Tensor<SrcEngine, SrcLayout> &, cute::Tensor<DstEngine, DstLayout> &&)" failed deduction
  copy(CopyPolicy const& copy_policy,
  ^
          detected during:
            instantiation of "void _flash_kda_fwd_recurrence_vshard4_p2_phase1pf<TmaLoadV,TmaLoadBeta,TmaLoadWsKD,TmaLoadWsQD,TmaLoadWsKR,TmaLoadWsGT,TmaLoadWsINV,TmaLoadWsMqk,TmaLoadState,TmaStoreState,TmaStoreOut,CHUNK,KDim,VDim,InputStages,OutputStages,NumThreads,HasStateIn,HasStateOut,StateFP32,IsVarlen>(TmaLoadV, TmaLoadBeta, TmaLoadWsKD, TmaLoadWsQD, TmaLoadWsKR, TmaLoadWsGT, TmaLoadWsINV, TmaLoadWsMqk, TmaLoadState, TmaStoreState, TmaStoreOut, cutlass::bfloat16_t *, int, int, int, const int64_t *, int) [with TmaLoadV=cute::TiledCopy<cute::Copy_Atom<cute::Copy_Traits<cute::SM90_TMA_LOAD, cute::C<2048>, cute::AuxTmaParams<cute::tuple<cute::ScaledBasis<cute::C<1>, 2>, cute::ScaledBasis<cute::C<1>, 1>, cute::ScaledBasis<int, 0>>, const cute::Layout<cute::tuple<cute::C<8>, cute::C<16>, cute::C<1>>, cute::tuple<cute::ScaledBasis<cute::C<1>, 2>, cute::ScaledBasis<cute::C<1>, 1>, cute::ScaledBasis<cute::C<1>, 0>>> &, const cute::Swizzle<0, 4, 3> &>>, cutlass::bfloat16_t>, cute::Layout<cute::tuple<cute::_1, cute::tuple<cute::tuple<cute::tuple<cute::C<8>, cute::C<16>>, cute::_4>>>, cute::tuple<cute::C<0>, cute::tuple<cute::tuple<cute::tuple<cute::_16, cute::_1>, cute::_128>>>>, cute::tuple<cute::_1, cute::C<16>, cute::C<32>>>, TmaLoadBeta=cute::TiledCopy<cute::Copy_Atom<cute::Copy_Traits<cute::SM90_TMA_LOAD, cute::C<512>, cute::AuxTmaParams<cute::tuple<cute::ScaledBasis<cute::C<1>, 0>>, const cute::Layout<cute::tuple<cute::_32>, cute::tuple<cute::ScaledBasis<cute::C<1>, 0>>> &, const cute::Swizzle<0, 4, 3> &>>, cutlass::bfloat16_t>, cute::Layout<cute::tuple<cute::_1, cute::tuple<cute::tuple<cute::_32, cute::_1>>>, cute::tuple<cute::C<0>, cute::tuple<cute::tuple<cute::_1, cute::C<0>>>>>, cute::tuple<cute::_32>>, TmaLoadWsKD=cute::TiledCopy<cute::Copy_Atom<cute::Copy_Traits<cute::SM90_TMA_LOAD, cute::C<2048>, cute::AuxTmaParams<cute::tuple<cute::ScaledBasis<cute::C<1>, 2>, cute::ScaledBasis<cute::C<1>, 1>, cute::ScaledBasis<cute::C<1>, 0>>, const cute::Layout<cute::tuple<cute::C<8>, cute::C<16>, cute::C<1>>, cute::tuple<cute::ScaledBasis<cute::C<1>, 2>, cute::ScaledBasis<cute::C<1>, 1>, cute::ScaledBasis<cute::C<1>, 0>>> &, const cute::Swizzle<0, 4, 3> &>>, cutlass::bfloat16_t>, cute::Layout<cute::tuple<cute::_1, cute::tuple<cute::tuple<cute::tuple<cute::C<8>, cute::C<16>>, cute::_16>>>, cute::tuple<cute::C<0>, cute::tuple<cute::tuple<cute::tuple<cute::_16, cute::_1>, cute::_128>>>>, cute::tuple<cute::_1, cute::_16, cute::_128>>, TmaLoadWsQD=cute::TiledCopy<cute::Copy_Atom<cute::Copy_Traits<cute::SM90_TMA_LOAD, cute::C<2048>, cute::AuxTmaParams<cute::tuple<cute::ScaledBasis<cute::C<1>, 2>, cute::ScaledBasis<cute::C<1>, 1>, cute::ScaledBasis<cute::C<1>, 0>>, const cute::Layout<cute::tuple<cute::C<8>, cute::C<16>, cute::C<1>>, cute::tuple<cute::ScaledBasis<cute::C<1>, 2>, cute::ScaledBasis<cute::C<1>, 1>, cute::ScaledBasis<cute::C<1>, 0>>> &, const cute::Swizzle<0, 4, 3> &>>, cutlass::bfloat16_t>, cute::Layout<cute::tuple<cute::_1, cute::tuple<cute::tuple<cute::tuple<cute::C<8>, cute::C<16>>, cute::_16>>>, cute::tuple<cute::C<0>, cute::tuple<cute::tuple<cute::tuple<cute::_16, cute::_1>, cute::_128>>>>, cute::tuple<cute::_1, cute::_16, cute::_128>>, TmaLoadWsKR=cute::TiledCopy<cute::Copy_Atom<cute::Copy_Traits<cute::SM90_TMA_LOAD, cute::C<2048>, cute::AuxTmaParams<cute::tuple<cute::ScaledBasis<cute::C<1>, 2>, cute::ScaledBasis<cute::C<1>, 1>, cute::ScaledBasis<cute::C<1>, 0>>, const cute::Layout<cute::tuple<cute::C<8>, cute::C<16>, cute::C<1>>, cute::tuple<cute::ScaledBasis<cute::C<1>, 2>, cute::ScaledBasis<cute::C<1>, 1>, cute::ScaledBasis<cute::C<1>, 0>>> &, const cute::Swizzle<0, 4, 3> &>>, cutlass::bfloat16_t>, cute::Layout<cute::tuple<cute::_1, cute::tuple<cute::tuple<cute::tuple<cute::C<8>, cute::C<16>>, cute::_16>>>, cute::tuple<cute::C<0>, cute::tuple<cute::tuple<cute::tuple<cute::_16, cute::_1>, cute::_128>>>>, cute::tuple<cute::_1, cute::_16, cute::_128>>, TmaLoadWsGT=cute::TiledCopy<cute::Copy_Atom<cute::Copy_Traits<cute::SM90_TMA_LOAD, cute::C<4096>, cute::AuxTmaParams<cute::tuple<cute::ScaledBasis<cute::C<1>, 1>, cute::ScaledBasis<cute::C<1>, 0>>, const cute::Layout<cute::tuple<cute::_128, cute::_1>, cute::tuple<cute::ScaledBasis<cute::C<1>, 1>, cute::ScaledBasis<cute::C<1>, 0>>> &, const cute::Swizzle<0, 4, 3> &>>, float>, cute::Layout<cute::tuple<cute::_1, cute::tuple<cute::tuple<cute::_128, cute::_1>>>, cute::tuple<cute::C<0>, cute::tuple<cute::tuple<cute::_1, cute::C<0>>>>>, cute::tuple<cute::_1, cute::_128>>, TmaLoadWsINV=cute::TiledCopy<cute::Copy_Atom<cute::Copy_Traits<cute::SM90_TMA_LOAD, cute::C<2048>, cute::AuxTmaParams<cute::tuple<cute::ScaledBasis<cute::C<1>, 2>, cute::ScaledBasis<cute::C<1>, 1>, cute::ScaledBasis<cute::C<1>, 0>>, const cute::Layout<cute::tuple<cute::C<8>, cute::C<16>, cute::C<1>>, cute::tuple<cute::ScaledBasis<cute::C<1>, 2>, cute::ScaledBasis<cute::C<1>, 1>, cute::ScaledBasis<cute::C<1>, 0>>> &, const cute::Swizzle<0, 4, 3> &>>, cutlass::bfloat16_t>, cute::Layout<cute::tuple<cute::_1, cute::tuple<cute::tuple<cute::tuple<cute::C<8>, cute::C<16>>, cute::_2>>>, cute::tuple<cute::C<0>, cute::tuple<cute::tuple<cute::tuple<cute::_16, cute::_1>, cute::_128>>>>, cute::tuple<cute::_1, cute::C<16>, cute::C<16>>>, TmaLoadWsMqk=cute::TiledCopy<cute::Copy_Atom<cute::Copy_Traits<cute::SM90_TMA_LOAD, cute::C<2048>, cute::AuxTmaParams<cute::tuple<cute::ScaledBasis<cute::C<1>, 2>, cute::ScaledBasis<cute::C<1>, 1>, cute::ScaledBasis<cute::C<1>, 0>>, const cute::Layout<cute::tuple<cute::C<8>, cute::C<16>, cute::C<1>>, cute::tuple<cute::ScaledBasis<cute::C<1>, 2>, cute::ScaledBasis<cute::C<1>, 1>, cute::ScaledBasis<cute::C<1>, 0>>> &, const cute::Swizzle<0, 4, 3> &>>, cutlass::bfloat16_t>, cute::Layout<cute::tuple<cute::_1, cute::tuple<cute::tuple<cute::tuple<cute::C<8>, cute::C<16>>, cute::_2>>>, cute::tuple<cute::C<0>, cute::tuple<cute::tuple<cute::tuple<cute::_16, cute::_1>, cute::_128>>>>, cute::tuple<cute::_1, cute::C<16>, cute::C<16>>>, TmaLoadState=cute::TiledCopy<cute::Copy_Atom<cute::Copy_Traits<cute::SM90_TMA_LOAD, cute::C<8192>, cute::AuxTmaParams<cute::tuple<cute::ScaledBasis<cute::C<1>, 2>, cute::ScaledBasis<cute::C<1>, 1>, cute::ScaledBasis<cute::C<1>, 0>>, const cute::Layout<cute::tuple<cute::C<8>, cute::C<32>, cute::C<1>>, cute::tuple<cute::ScaledBasis<cute::C<1>, 2>, cute::ScaledBasis<cute::C<1>, 1>, cute::ScaledBasis<cute::C<1>, 0>>> &, const cute::Swizzle<1, 4, 3> &>>, float>, cute::Layout<cute::tuple<cute::_1, cute::tuple<cute::tuple<cute::tuple<cute::C<8>, cute::C<32>>, cute::_16>>>, cute::tuple<cute::C<0>, cute::tuple<cute::tuple<cute::tuple<cute::_32, cute::_1>, cute::_256>>>>, cute::tuple<cute::_1, cute::C<32>, cute::C<128>>>, TmaStoreState=cute::TiledCopy<cute::Copy_Atom<cute::Copy_Traits<cute::SM90_TMA_STORE, cute::C<8192>, cute::AuxTmaParams<cute::tuple<cute::ScaledBasis<cute::C<1>, 2>, cute::ScaledBasis<cute::C<1>, 1>, cute::ScaledBasis<cute::C<1>, 0>>, const cute::Layout<cute::tuple<cute::C<8>, cute::C<32>, cute::C<1>>, cute::tuple<cute::ScaledBasis<cute::C<1>, 2>, cute::ScaledBasis<cute::C<1>, 1>, cute::ScaledBasis<cute::C<1>, 0>>> &, const cute::Swizzle<1, 4, 3> &>>, float>, cute::Layout<cute::tuple<cute::_1, cute::tuple<cute::tuple<cute::tuple<cute::C<8>, cute::C<32>>, cute::_16>>>, cute::tuple<cute::C<0>, cute::tuple<cute::tuple<cute::tuple<cute::_32, cute::_1>, cute::_256>>>>, cute::tuple<cute::_1, cute::C<32>, cute::C<128>>>, TmaStoreOut=cute::TiledCopy<cute::Copy_Atom<cute::Copy_Traits<cute::SM90_TMA_STORE, cute::C<2048>, cute::AuxTmaParams<cute::tuple<cute::ScaledBasis<cute::C<1>, 2>, cute::ScaledBasis<cute::C<1>, 1>, cute::ScaledBasis<int, 0>>, const cute::Layout<cute::tuple<cute::C<8>, cute::C<16>, cute::C<1>>, cute::tuple<cute::ScaledBasis<cute::C<1>, 2>, cute::ScaledBasis<cute::C<1>, 1>, cute::ScaledBasis<cute::C<1>, 0>>> &, const cute::Swizzle<0, 4, 3> &>>, cutlass::bfloat16_t>, cute::Layout<cute::tuple<cute::_1, cute::tuple<cute::tuple<cute::tuple<cute::C<8>, cute::C<16>>, cute::_4>>>, cute::tuple<cute::C<0>, cute::tuple<cute::tuple<cute::tuple<cute::_16, cute::_1>, cute::_128>>>>, cute::tuple<cute::_1, cute::C<16>, cute::C<32>>>, CHUNK=16, KDim=128, VDim=32, InputStages=3, OutputStages=2, NumThreads=128, HasStateIn=true, HasStateOut=false, StateFP32=true, IsVarlen=false]" at line 1399 of csrc/smxx/fwd_launch.cu
            instantiation of "void launch_fwd_vshard4_p2_phase1pf<D,HasStateIn,HasStateOut,StateFP32,IsVarlen>(const cutlass::bfloat16_t *, const cutlass::bfloat16_t *, const cutlass::bfloat16_t *, const cutlass::bfloat16_t *, const cutlass::bfloat16_t *, const void *, float, void *, cutlass::bfloat16_t *, void *, int, int, int, int, const int64_t *, const float *, const float *, float, cudaStream_t) [with D=128, HasStateIn=true, HasStateOut=false, StateFP32=true, IsVarlen=false]" at line 1438 of csrc/smxx/fwd_launch.cu

29 errors detected in the compilation of "csrc/smxx/fwd_launch.cu".
error: Command '['/usr/local/cuda/bin/nvcc', '-I/home/lcpu/85117379/flashkda-phase1-prefetch-1ce47ea-b300-r2/cutlass/include', '-I/home/lcpu/85117379/flashkda-phase1-prefetch-1ce47ea-b300-r2/cutlass/examples/common', '-I/home/lcpu/85117379/flashkda-phase1-prefetch-1ce47ea-b300-r2/cutlass/tools/util/include', '-I/home/lcpu/85117379/flashkda-phase1-prefetch-1ce47ea-b300-r2/csrc', '-I/home/lcpu/85117379/codex-a02-20260819-main/assignment02/.venv/lib/python3.12/site-packages/torch/include', '-I/home/lcpu/85117379/codex-a02-20260819-main/assignment02/.venv/lib/python3.12/site-packages/torch/include/torch/csrc/api/include', '-I/usr/local/cuda/include', '-I/home/lcpu/85117379/codex-a02-20260819-main/assignment02/.venv/include', '-I/usr/include/python3.12', '-c', 'csrc/smxx/fwd_launch.cu', '-o', 'build/temp.linux-x86_64-cpython-312/csrc/smxx/fwd_launch.o', '-D__CUDA_NO_HALF_OPERATORS__', '-D__CUDA_NO_HALF_CONVERSIONS__', '-D__CUDA_NO_BFLOAT16_CONVERSIONS__', '-D__CUDA_NO_HALF2_OPERATORS__', '--expt-relaxed-constexpr', '--compiler-options', "'-fPIC'", '-O3', '-U__CUDA_NO_HALF_OPERATORS__', '-U__CUDA_NO_HALF_CONVERSIONS__', '-U__CUDA_NO_HALF2_OPERATORS__', '-U__CUDA_NO_BFLOAT16_CONVERSIONS__', '--expt-relaxed-constexpr', '--expt-extended-lambda', '--use_fast_math', '--ptxas-options=-v,--register-usage-level=10,--warn-on-spills', '-lineinfo', '--threads', '8', '-gencode', 'arch=compute_103a,code=sm_103a', '-DTORCH_API_INCLUDE_EXTENSION_H', '-DTORCH_EXTENSION_NAME=flash_kda_C', '-ccbin', '/usr/bin/gcc', '-std=c++20']' returned non-zero exit status 255.
