===== ENVIRONMENT_GATE =====
/home/lcpu/85117379/codex-a02-20260819-main/assignment02/.venv/bin/python
===== PRE_AUDIT =====
2026-08-29T09:19:56+00:00
dev-slurm
0, GPU-0ff6ec41-3275-1f3d-41d8-8b17413a205a, 00000000:09:00.0, NVIDIA B300 SXM6 AC, 10.3, 580.126.09, 0 MiB, 275040 MiB
PRE_COMPUTE_APPS_BEGIN

PRE_COMPUTE_APPS_END
PRE_MEMORY_USED_MIB=0
===== SOURCE_IDENTITY =====
PATCHED_COMMIT=1ce47ea3bb22c84eb9cc665028399cf35e8ffb0b
PATCHED_STATUS_BEGIN
 M csrc/flash_kda.cpp
 M csrc/fwd.h
 M csrc/smxx/fwd_launch.cu
PATCHED_STATUS_END
REFERENCE_COMMIT=1ce47ea3bb22c84eb9cc665028399cf35e8ffb0b
REFERENCE_STATUS_BEGIN
REFERENCE_STATUS_END
1e8ff86e79683dd3b1266abe2013e7cec8c95b6b099d4c315ecb79419b2d2a42  /home/lcpu/85117379/codex-a02-20260819-main/assignment02/team/c1_flashkda/challenge_varlen_dispatch/run_varlen_dispatch_release.py
a5e023df8b534bbb10eb2e9079f1ebc48e9d3fd8aeed62838318705ed878e97d  /home/lcpu/85117379/codex-a02-20260819-main/assignment02/team/c1_flashkda/challenge_varlen_dispatch/run_clean_varlen_dispatch_release_audit.sh
9445d94a38cb8acc0ab6b15352df01a8d9c93a8b2b6daf0d9adb39a7315c740b  /home/lcpu/85117379/codex-a02-20260819-main/assignment02/team/c1_flashkda/challenge_varlen_dispatch/run_varlen_dispatch_confirmation.py
83e753640ec54fd99e261d3c8b969cfe91619256a2502cf672c6f3af60f5ffa1  /home/lcpu/85117379/codex-a02-20260819-main/assignment02/team/c1_flashkda/challenge_varlen_dispatch/analyze_varlen_confirmation.py
4ba4b26241c97c59ca7ffe8b4d8f4a965bc259bb7e40aa4a93d1271b06cdb83f  /home/lcpu/85117379/codex-a02-20260819-main/assignment02/team/c1_flashkda/challenge_seqcount_dispatch/run_seqcount_dispatch.py
ff771c0b2f1b66f3062bc310c14634bf23830f706aec39f1b8ff03ff8b567621  /home/lcpu/85117379/codex-a02-20260819-main/assignment02/team/c1_flashkda/challenge_varlen_tail/run_varlen_tail.py
752126488487ac317a7ee167b660b0895562e4877aedbc4ce2a599c1f59a10d0  /home/lcpu/85117379/codex-a02-20260819-main/assignment02/team/c1_flashkda/challenge_prefetch2/prefetch2.py
445c90815919fb8c1db3bc79289d10029ea77b1d9accb393c326c120ba1f8385  /home/lcpu/85117379/codex-a02-20260819-main/assignment02/team/c1_flashkda/challenge_vshard4_prefetch2/vshard4_prefetch2.py
5c92ac532525827b72ae5a714303eed896ef1f4742db17e0c970bd8055287d52  /home/lcpu/85117379/codex-a02-20260819-main/assignment02/team/c1_flashkda/harness/validate_and_bench.py
bb037c8b74bb7caa9bdddd144a0f221309c72116456fe7cb2fbd95dbd9b406a5  /home/lcpu/85117379/flashkda-1ce47ea/tests/torch_ref.py
8c524aab9a5bf91e069d7216c3e1879fa6e3b1f61a5affa7ee3eeaa91008622f  /home/lcpu/85117379/.cache/torch_extensions/py312_cu130/sigmoid_ext/sigmoid_ext.so
46cd27f2fbdcaeeb61011c49c6175a0c05d15d4365bfda800cf52040dbe414f7  /home/lcpu/85117379/codex-a02-20260819-main/assignment02/team/c1_flashkda/challenge_seqcount_dispatch/results/c1_seqcount_dispatch_b300_sm103a_r2.json
b2dae8d42f43c3e42c44ca20fdc2c8443ec8b6b1b1ff2b81aff74be5b877fcd3  /home/lcpu/85117379/codex-a02-20260819-main/assignment02/team/c1_flashkda/challenge_varlen_tail/results/c1_varlen_tail_b300_sm103a_r1.json
447d7f49a624fa5b92adc431b350450f99d53f5b20f3a07a1bf4d2f76a64e51c  /home/lcpu/85117379/codex-a02-20260819-main/assignment02/team/c1_flashkda/challenge_varlen_dispatch/results/c1_varlen_dispatch_confirmation_b300_sm103a_r4.json
8f8cb97077d2496834d065c7cc1e39980e14e1f9b1665cdfd3aa8ae2dfe3e005  /home/lcpu/85117379/flashkda-vshard4-prefetch2-1ce47ea-b300-r1/flash_kda_C.cpython-312-x86_64-linux-gnu.so
9cb9bd39186f6993f0067a8ff720cd233ef4b474444f1fd0fcd2bf06cab5fb84  /home/lcpu/85117379/flashkda-vshard4-prefetch2-1ce47ea-b300-r1/flash_kda/__init__.py
38d5657833946849e6cc9b4bad10c8965702cd7d032a3e2f0c77abd141aae7e4  /home/lcpu/85117379/flashkda-vshard4-prefetch2-1ce47ea-b300-r1/csrc/flash_kda.cpp
a4859c8cc365db86ed068849db78190e4199c7d4b645a77695f1200579aae928  /home/lcpu/85117379/flashkda-vshard4-prefetch2-1ce47ea-b300-r1/csrc/smxx/fwd_launch.cu
===== PYTHON_COMPILE_GATE =====
===== VARLEN_DISPATCH_RELEASE =====
PASS exact: equal_n2_h12_t2048/none/baseline/input_immutability/q
PASS exact: equal_n2_h12_t2048/none/baseline/input_immutability/k
PASS exact: equal_n2_h12_t2048/none/baseline/input_immutability/v
PASS exact: equal_n2_h12_t2048/none/baseline/input_immutability/g
PASS exact: equal_n2_h12_t2048/none/baseline/input_immutability/beta
PASS exact: equal_n2_h12_t2048/none/baseline/input_immutability/a_log
PASS exact: equal_n2_h12_t2048/none/baseline/input_immutability/dt_bias
PASS exact: equal_n2_h12_t2048/none/baseline/input_immutability/cu_seqlens
PASS exact: equal_n2_h12_t2048/none/vshard2_p2/input_immutability/q
PASS exact: equal_n2_h12_t2048/none/vshard2_p2/input_immutability/k
PASS exact: equal_n2_h12_t2048/none/vshard2_p2/input_immutability/v
PASS exact: equal_n2_h12_t2048/none/vshard2_p2/input_immutability/g
PASS exact: equal_n2_h12_t2048/none/vshard2_p2/input_immutability/beta
PASS exact: equal_n2_h12_t2048/none/vshard2_p2/input_immutability/a_log
PASS exact: equal_n2_h12_t2048/none/vshard2_p2/input_immutability/dt_bias
PASS exact: equal_n2_h12_t2048/none/vshard2_p2/input_immutability/cu_seqlens
PASS exact: equal_n2_h12_t2048/none/vshard4_p2/input_immutability/q
PASS exact: equal_n2_h12_t2048/none/vshard4_p2/input_immutability/k
PASS exact: equal_n2_h12_t2048/none/vshard4_p2/input_immutability/v
PASS exact: equal_n2_h12_t2048/none/vshard4_p2/input_immutability/g
PASS exact: equal_n2_h12_t2048/none/vshard4_p2/input_immutability/beta
PASS exact: equal_n2_h12_t2048/none/vshard4_p2/input_immutability/a_log
PASS exact: equal_n2_h12_t2048/none/vshard4_p2/input_immutability/dt_bias
PASS exact: equal_n2_h12_t2048/none/vshard4_p2/input_immutability/cu_seqlens
PASS exact: varlen_dispatch_confirmation/equal_n2_h12_t2048/none/vshard2_p2_vs_baseline/output
PASS exact: varlen_dispatch_confirmation/equal_n2_h12_t2048/none/vshard4_p2_vs_baseline/output
PASS exact: equal_n2_h12_t2048/none/pinned_torch_ref/input_immutability/q
PASS exact: equal_n2_h12_t2048/none/pinned_torch_ref/input_immutability/k
PASS exact: equal_n2_h12_t2048/none/pinned_torch_ref/input_immutability/v
PASS exact: equal_n2_h12_t2048/none/pinned_torch_ref/input_immutability/g
PASS exact: equal_n2_h12_t2048/none/pinned_torch_ref/input_immutability/beta
PASS exact: equal_n2_h12_t2048/none/pinned_torch_ref/input_immutability/a_log
PASS exact: equal_n2_h12_t2048/none/pinned_torch_ref/input_immutability/dt_bias
PASS exact: equal_n2_h12_t2048/none/pinned_torch_ref/input_immutability/cu_seqlens
PASS exact: varlen_dispatch_confirmation/equal_n2_h12_t2048/none/baseline_vs_pinned_torch_ref/output
PASS exact: equal_n2_h12_t2048/none/baseline/tensor_contract/input_immutability/q
PASS exact: equal_n2_h12_t2048/none/baseline/tensor_contract/input_immutability/k
PASS exact: equal_n2_h12_t2048/none/baseline/tensor_contract/input_immutability/v
PASS exact: equal_n2_h12_t2048/none/baseline/tensor_contract/input_immutability/g
PASS exact: equal_n2_h12_t2048/none/baseline/tensor_contract/input_immutability/beta
PASS exact: equal_n2_h12_t2048/none/baseline/tensor_contract/input_immutability/a_log
PASS exact: equal_n2_h12_t2048/none/baseline/tensor_contract/input_immutability/dt_bias
PASS exact: equal_n2_h12_t2048/none/baseline/tensor_contract/input_immutability/cu_seqlens
PASS exact: equal_n2_h12_t2048/none/vshard2_p2/tensor_contract/input_immutability/q
PASS exact: equal_n2_h12_t2048/none/vshard2_p2/tensor_contract/input_immutability/k
PASS exact: equal_n2_h12_t2048/none/vshard2_p2/tensor_contract/input_immutability/v
PASS exact: equal_n2_h12_t2048/none/vshard2_p2/tensor_contract/input_immutability/g
PASS exact: equal_n2_h12_t2048/none/vshard2_p2/tensor_contract/input_immutability/beta
PASS exact: equal_n2_h12_t2048/none/vshard2_p2/tensor_contract/input_immutability/a_log
PASS exact: equal_n2_h12_t2048/none/vshard2_p2/tensor_contract/input_immutability/dt_bias
PASS exact: equal_n2_h12_t2048/none/vshard2_p2/tensor_contract/input_immutability/cu_seqlens
PASS exact: equal_n2_h12_t2048/none/vshard4_p2/tensor_contract/input_immutability/q
PASS exact: equal_n2_h12_t2048/none/vshard4_p2/tensor_contract/input_immutability/k
PASS exact: equal_n2_h12_t2048/none/vshard4_p2/tensor_contract/input_immutability/v
PASS exact: equal_n2_h12_t2048/none/vshard4_p2/tensor_contract/input_immutability/g
PASS exact: equal_n2_h12_t2048/none/vshard4_p2/tensor_contract/input_immutability/beta
PASS exact: equal_n2_h12_t2048/none/vshard4_p2/tensor_contract/input_immutability/a_log
PASS exact: equal_n2_h12_t2048/none/vshard4_p2/tensor_contract/input_immutability/dt_bias
PASS exact: equal_n2_h12_t2048/none/vshard4_p2/tensor_contract/input_immutability/cu_seqlens
PASS exact: equal_n2_h12_t2048/none/pinned_torch_ref/tensor_contract/input_immutability/q
PASS exact: equal_n2_h12_t2048/none/pinned_torch_ref/tensor_contract/input_immutability/k
PASS exact: equal_n2_h12_t2048/none/pinned_torch_ref/tensor_contract/input_immutability/v
PASS exact: equal_n2_h12_t2048/none/pinned_torch_ref/tensor_contract/input_immutability/g
PASS exact: equal_n2_h12_t2048/none/pinned_torch_ref/tensor_contract/input_immutability/beta
PASS exact: equal_n2_h12_t2048/none/pinned_torch_ref/tensor_contract/input_immutability/a_log
PASS exact: equal_n2_h12_t2048/none/pinned_torch_ref/tensor_contract/input_immutability/dt_bias
PASS exact: equal_n2_h12_t2048/none/pinned_torch_ref/tensor_contract/input_immutability/cu_seqlens
PASS exact: equal_n2_h12_t2048/bf16_both/baseline/input_immutability/q
PASS exact: equal_n2_h12_t2048/bf16_both/baseline/input_immutability/k
PASS exact: equal_n2_h12_t2048/bf16_both/baseline/input_immutability/v
PASS exact: equal_n2_h12_t2048/bf16_both/baseline/input_immutability/g
PASS exact: equal_n2_h12_t2048/bf16_both/baseline/input_immutability/beta
PASS exact: equal_n2_h12_t2048/bf16_both/baseline/input_immutability/a_log
PASS exact: equal_n2_h12_t2048/bf16_both/baseline/input_immutability/dt_bias
PASS exact: equal_n2_h12_t2048/bf16_both/baseline/input_immutability/cu_seqlens
PASS exact: equal_n2_h12_t2048/bf16_both/vshard2_p2/input_immutability/q
PASS exact: equal_n2_h12_t2048/bf16_both/vshard2_p2/input_immutability/k
PASS exact: equal_n2_h12_t2048/bf16_both/vshard2_p2/input_immutability/v
PASS exact: equal_n2_h12_t2048/bf16_both/vshard2_p2/input_immutability/g
PASS exact: equal_n2_h12_t2048/bf16_both/vshard2_p2/input_immutability/beta
PASS exact: equal_n2_h12_t2048/bf16_both/vshard2_p2/input_immutability/a_log
PASS exact: equal_n2_h12_t2048/bf16_both/vshard2_p2/input_immutability/dt_bias
PASS exact: equal_n2_h12_t2048/bf16_both/vshard2_p2/input_immutability/cu_seqlens
PASS exact: equal_n2_h12_t2048/bf16_both/vshard4_p2/input_immutability/q
PASS exact: equal_n2_h12_t2048/bf16_both/vshard4_p2/input_immutability/k
PASS exact: equal_n2_h12_t2048/bf16_both/vshard4_p2/input_immutability/v
PASS exact: equal_n2_h12_t2048/bf16_both/vshard4_p2/input_immutability/g
PASS exact: equal_n2_h12_t2048/bf16_both/vshard4_p2/input_immutability/beta
PASS exact: equal_n2_h12_t2048/bf16_both/vshard4_p2/input_immutability/a_log
PASS exact: equal_n2_h12_t2048/bf16_both/vshard4_p2/input_immutability/dt_bias
PASS exact: equal_n2_h12_t2048/bf16_both/vshard4_p2/input_immutability/cu_seqlens
PASS exact: varlen_dispatch_confirmation/equal_n2_h12_t2048/bf16_both/vshard2_p2_vs_baseline/output
PASS exact: varlen_dispatch_confirmation/equal_n2_h12_t2048/bf16_both/vshard2_p2_vs_baseline/final_state
PASS exact: varlen_dispatch_confirmation/equal_n2_h12_t2048/bf16_both/vshard4_p2_vs_baseline/output
PASS exact: varlen_dispatch_confirmation/equal_n2_h12_t2048/bf16_both/vshard4_p2_vs_baseline/final_state
PASS exact: equal_n2_h12_t2048/bf16_both/baseline/tensor_contract/input_immutability/q
PASS exact: equal_n2_h12_t2048/bf16_both/baseline/tensor_contract/input_immutability/k
PASS exact: equal_n2_h12_t2048/bf16_both/baseline/tensor_contract/input_immutability/v
PASS exact: equal_n2_h12_t2048/bf16_both/baseline/tensor_contract/input_immutability/g
PASS exact: equal_n2_h12_t2048/bf16_both/baseline/tensor_contract/input_immutability/beta
PASS exact: equal_n2_h12_t2048/bf16_both/baseline/tensor_contract/input_immutability/a_log
PASS exact: equal_n2_h12_t2048/bf16_both/baseline/tensor_contract/input_immutability/dt_bias
PASS exact: equal_n2_h12_t2048/bf16_both/baseline/tensor_contract/input_immutability/cu_seqlens
PASS exact: equal_n2_h12_t2048/bf16_both/vshard2_p2/tensor_contract/input_immutability/q
PASS exact: equal_n2_h12_t2048/bf16_both/vshard2_p2/tensor_contract/input_immutability/k
PASS exact: equal_n2_h12_t2048/bf16_both/vshard2_p2/tensor_contract/input_immutability/v
PASS exact: equal_n2_h12_t2048/bf16_both/vshard2_p2/tensor_contract/input_immutability/g
PASS exact: equal_n2_h12_t2048/bf16_both/vshard2_p2/tensor_contract/input_immutability/beta
PASS exact: equal_n2_h12_t2048/bf16_both/vshard2_p2/tensor_contract/input_immutability/a_log
PASS exact: equal_n2_h12_t2048/bf16_both/vshard2_p2/tensor_contract/input_immutability/dt_bias
PASS exact: equal_n2_h12_t2048/bf16_both/vshard2_p2/tensor_contract/input_immutability/cu_seqlens
PASS exact: equal_n2_h12_t2048/bf16_both/vshard4_p2/tensor_contract/input_immutability/q
PASS exact: equal_n2_h12_t2048/bf16_both/vshard4_p2/tensor_contract/input_immutability/k
PASS exact: equal_n2_h12_t2048/bf16_both/vshard4_p2/tensor_contract/input_immutability/v
PASS exact: equal_n2_h12_t2048/bf16_both/vshard4_p2/tensor_contract/input_immutability/g
PASS exact: equal_n2_h12_t2048/bf16_both/vshard4_p2/tensor_contract/input_immutability/beta
PASS exact: equal_n2_h12_t2048/bf16_both/vshard4_p2/tensor_contract/input_immutability/a_log
PASS exact: equal_n2_h12_t2048/bf16_both/vshard4_p2/tensor_contract/input_immutability/dt_bias
PASS exact: equal_n2_h12_t2048/bf16_both/vshard4_p2/tensor_contract/input_immutability/cu_seqlens
PASS exact: equal_n2_h12_t2048/fp32_both/baseline/input_immutability/q
PASS exact: equal_n2_h12_t2048/fp32_both/baseline/input_immutability/k
PASS exact: equal_n2_h12_t2048/fp32_both/baseline/input_immutability/v
PASS exact: equal_n2_h12_t2048/fp32_both/baseline/input_immutability/g
PASS exact: equal_n2_h12_t2048/fp32_both/baseline/input_immutability/beta
PASS exact: equal_n2_h12_t2048/fp32_both/baseline/input_immutability/a_log
PASS exact: equal_n2_h12_t2048/fp32_both/baseline/input_immutability/dt_bias
PASS exact: equal_n2_h12_t2048/fp32_both/baseline/input_immutability/cu_seqlens
PASS exact: equal_n2_h12_t2048/fp32_both/vshard2_p2/input_immutability/q
PASS exact: equal_n2_h12_t2048/fp32_both/vshard2_p2/input_immutability/k
PASS exact: equal_n2_h12_t2048/fp32_both/vshard2_p2/input_immutability/v
PASS exact: equal_n2_h12_t2048/fp32_both/vshard2_p2/input_immutability/g
PASS exact: equal_n2_h12_t2048/fp32_both/vshard2_p2/input_immutability/beta
PASS exact: equal_n2_h12_t2048/fp32_both/vshard2_p2/input_immutability/a_log
PASS exact: equal_n2_h12_t2048/fp32_both/vshard2_p2/input_immutability/dt_bias
PASS exact: equal_n2_h12_t2048/fp32_both/vshard2_p2/input_immutability/cu_seqlens
PASS exact: equal_n2_h12_t2048/fp32_both/vshard4_p2/input_immutability/q
PASS exact: equal_n2_h12_t2048/fp32_both/vshard4_p2/input_immutability/k
PASS exact: equal_n2_h12_t2048/fp32_both/vshard4_p2/input_immutability/v
PASS exact: equal_n2_h12_t2048/fp32_both/vshard4_p2/input_immutability/g
PASS exact: equal_n2_h12_t2048/fp32_both/vshard4_p2/input_immutability/beta
PASS exact: equal_n2_h12_t2048/fp32_both/vshard4_p2/input_immutability/a_log
PASS exact: equal_n2_h12_t2048/fp32_both/vshard4_p2/input_immutability/dt_bias
PASS exact: equal_n2_h12_t2048/fp32_both/vshard4_p2/input_immutability/cu_seqlens
PASS exact: varlen_dispatch_confirmation/equal_n2_h12_t2048/fp32_both/vshard2_p2_vs_baseline/output
PASS exact: varlen_dispatch_confirmation/equal_n2_h12_t2048/fp32_both/vshard2_p2_vs_baseline/final_state
PASS exact: varlen_dispatch_confirmation/equal_n2_h12_t2048/fp32_both/vshard4_p2_vs_baseline/output
PASS exact: varlen_dispatch_confirmation/equal_n2_h12_t2048/fp32_both/vshard4_p2_vs_baseline/final_state
PASS exact: equal_n2_h12_t2048/fp32_both/pinned_torch_ref/input_immutability/q
PASS exact: equal_n2_h12_t2048/fp32_both/pinned_torch_ref/input_immutability/k
PASS exact: equal_n2_h12_t2048/fp32_both/pinned_torch_ref/input_immutability/v
PASS exact: equal_n2_h12_t2048/fp32_both/pinned_torch_ref/input_immutability/g
PASS exact: equal_n2_h12_t2048/fp32_both/pinned_torch_ref/input_immutability/beta
PASS exact: equal_n2_h12_t2048/fp32_both/pinned_torch_ref/input_immutability/a_log
PASS exact: equal_n2_h12_t2048/fp32_both/pinned_torch_ref/input_immutability/dt_bias
PASS exact: equal_n2_h12_t2048/fp32_both/pinned_torch_ref/input_immutability/cu_seqlens
PASS exact: varlen_dispatch_confirmation/equal_n2_h12_t2048/fp32_both/baseline_vs_pinned_torch_ref/output
PASS exact: varlen_dispatch_confirmation/equal_n2_h12_t2048/fp32_both/baseline_vs_pinned_torch_ref/final_state
PASS exact: equal_n2_h12_t2048/fp32_both/baseline/tensor_contract/input_immutability/q
PASS exact: equal_n2_h12_t2048/fp32_both/baseline/tensor_contract/input_immutability/k
PASS exact: equal_n2_h12_t2048/fp32_both/baseline/tensor_contract/input_immutability/v
PASS exact: equal_n2_h12_t2048/fp32_both/baseline/tensor_contract/input_immutability/g
PASS exact: equal_n2_h12_t2048/fp32_both/baseline/tensor_contract/input_immutability/beta
PASS exact: equal_n2_h12_t2048/fp32_both/baseline/tensor_contract/input_immutability/a_log
PASS exact: equal_n2_h12_t2048/fp32_both/baseline/tensor_contract/input_immutability/dt_bias
PASS exact: equal_n2_h12_t2048/fp32_both/baseline/tensor_contract/input_immutability/cu_seqlens
PASS exact: equal_n2_h12_t2048/fp32_both/vshard2_p2/tensor_contract/input_immutability/q
PASS exact: equal_n2_h12_t2048/fp32_both/vshard2_p2/tensor_contract/input_immutability/k
PASS exact: equal_n2_h12_t2048/fp32_both/vshard2_p2/tensor_contract/input_immutability/v
PASS exact: equal_n2_h12_t2048/fp32_both/vshard2_p2/tensor_contract/input_immutability/g
PASS exact: equal_n2_h12_t2048/fp32_both/vshard2_p2/tensor_contract/input_immutability/beta
PASS exact: equal_n2_h12_t2048/fp32_both/vshard2_p2/tensor_contract/input_immutability/a_log
PASS exact: equal_n2_h12_t2048/fp32_both/vshard2_p2/tensor_contract/input_immutability/dt_bias
PASS exact: equal_n2_h12_t2048/fp32_both/vshard2_p2/tensor_contract/input_immutability/cu_seqlens
PASS exact: equal_n2_h12_t2048/fp32_both/vshard4_p2/tensor_contract/input_immutability/q
PASS exact: equal_n2_h12_t2048/fp32_both/vshard4_p2/tensor_contract/input_immutability/k
PASS exact: equal_n2_h12_t2048/fp32_both/vshard4_p2/tensor_contract/input_immutability/v
PASS exact: equal_n2_h12_t2048/fp32_both/vshard4_p2/tensor_contract/input_immutability/g
PASS exact: equal_n2_h12_t2048/fp32_both/vshard4_p2/tensor_contract/input_immutability/beta
PASS exact: equal_n2_h12_t2048/fp32_both/vshard4_p2/tensor_contract/input_immutability/a_log
PASS exact: equal_n2_h12_t2048/fp32_both/vshard4_p2/tensor_contract/input_immutability/dt_bias
PASS exact: equal_n2_h12_t2048/fp32_both/vshard4_p2/tensor_contract/input_immutability/cu_seqlens
PASS exact: equal_n2_h12_t2048/fp32_both/pinned_torch_ref/tensor_contract/input_immutability/q
PASS exact: equal_n2_h12_t2048/fp32_both/pinned_torch_ref/tensor_contract/input_immutability/k
PASS exact: equal_n2_h12_t2048/fp32_both/pinned_torch_ref/tensor_contract/input_immutability/v
PASS exact: equal_n2_h12_t2048/fp32_both/pinned_torch_ref/tensor_contract/input_immutability/g
PASS exact: equal_n2_h12_t2048/fp32_both/pinned_torch_ref/tensor_contract/input_immutability/beta
PASS exact: equal_n2_h12_t2048/fp32_both/pinned_torch_ref/tensor_contract/input_immutability/a_log
PASS exact: equal_n2_h12_t2048/fp32_both/pinned_torch_ref/tensor_contract/input_immutability/dt_bias
PASS exact: equal_n2_h12_t2048/fp32_both/pinned_torch_ref/tensor_contract/input_immutability/cu_seqlens
PASS exact: equal_n2_h12_t2048/fp32_final_only/baseline/input_immutability/q
PASS exact: equal_n2_h12_t2048/fp32_final_only/baseline/input_immutability/k
PASS exact: equal_n2_h12_t2048/fp32_final_only/baseline/input_immutability/v
PASS exact: equal_n2_h12_t2048/fp32_final_only/baseline/input_immutability/g
PASS exact: equal_n2_h12_t2048/fp32_final_only/baseline/input_immutability/beta
PASS exact: equal_n2_h12_t2048/fp32_final_only/baseline/input_immutability/a_log
PASS exact: equal_n2_h12_t2048/fp32_final_only/baseline/input_immutability/dt_bias
PASS exact: equal_n2_h12_t2048/fp32_final_only/baseline/input_immutability/cu_seqlens
PASS exact: equal_n2_h12_t2048/fp32_final_only/vshard2_p2/input_immutability/q
PASS exact: equal_n2_h12_t2048/fp32_final_only/vshard2_p2/input_immutability/k
PASS exact: equal_n2_h12_t2048/fp32_final_only/vshard2_p2/input_immutability/v
PASS exact: equal_n2_h12_t2048/fp32_final_only/vshard2_p2/input_immutability/g
PASS exact: equal_n2_h12_t2048/fp32_final_only/vshard2_p2/input_immutability/beta
PASS exact: equal_n2_h12_t2048/fp32_final_only/vshard2_p2/input_immutability/a_log
PASS exact: equal_n2_h12_t2048/fp32_final_only/vshard2_p2/input_immutability/dt_bias
PASS exact: equal_n2_h12_t2048/fp32_final_only/vshard2_p2/input_immutability/cu_seqlens
PASS exact: equal_n2_h12_t2048/fp32_final_only/vshard4_p2/input_immutability/q
PASS exact: equal_n2_h12_t2048/fp32_final_only/vshard4_p2/input_immutability/k
PASS exact: equal_n2_h12_t2048/fp32_final_only/vshard4_p2/input_immutability/v
PASS exact: equal_n2_h12_t2048/fp32_final_only/vshard4_p2/input_immutability/g
PASS exact: equal_n2_h12_t2048/fp32_final_only/vshard4_p2/input_immutability/beta
PASS exact: equal_n2_h12_t2048/fp32_final_only/vshard4_p2/input_immutability/a_log
PASS exact: equal_n2_h12_t2048/fp32_final_only/vshard4_p2/input_immutability/dt_bias
PASS exact: equal_n2_h12_t2048/fp32_final_only/vshard4_p2/input_immutability/cu_seqlens
PASS exact: varlen_dispatch_confirmation/equal_n2_h12_t2048/fp32_final_only/vshard2_p2_vs_baseline/output
PASS exact: varlen_dispatch_confirmation/equal_n2_h12_t2048/fp32_final_only/vshard2_p2_vs_baseline/final_state
PASS exact: varlen_dispatch_confirmation/equal_n2_h12_t2048/fp32_final_only/vshard4_p2_vs_baseline/output
PASS exact: varlen_dispatch_confirmation/equal_n2_h12_t2048/fp32_final_only/vshard4_p2_vs_baseline/final_state
PASS exact: equal_n2_h12_t2048/fp32_final_only/pinned_torch_ref/input_immutability/q
PASS exact: equal_n2_h12_t2048/fp32_final_only/pinned_torch_ref/input_immutability/k
PASS exact: equal_n2_h12_t2048/fp32_final_only/pinned_torch_ref/input_immutability/v
PASS exact: equal_n2_h12_t2048/fp32_final_only/pinned_torch_ref/input_immutability/g
PASS exact: equal_n2_h12_t2048/fp32_final_only/pinned_torch_ref/input_immutability/beta
PASS exact: equal_n2_h12_t2048/fp32_final_only/pinned_torch_ref/input_immutability/a_log
PASS exact: equal_n2_h12_t2048/fp32_final_only/pinned_torch_ref/input_immutability/dt_bias
PASS exact: equal_n2_h12_t2048/fp32_final_only/pinned_torch_ref/input_immutability/cu_seqlens
PASS exact: varlen_dispatch_confirmation/equal_n2_h12_t2048/fp32_final_only/baseline_vs_pinned_torch_ref/output
PASS exact: varlen_dispatch_confirmation/equal_n2_h12_t2048/fp32_final_only/baseline_vs_pinned_torch_ref/final_state
PASS exact: equal_n2_h12_t2048/fp32_final_only/baseline/tensor_contract/input_immutability/q
PASS exact: equal_n2_h12_t2048/fp32_final_only/baseline/tensor_contract/input_immutability/k
PASS exact: equal_n2_h12_t2048/fp32_final_only/baseline/tensor_contract/input_immutability/v
PASS exact: equal_n2_h12_t2048/fp32_final_only/baseline/tensor_contract/input_immutability/g
PASS exact: equal_n2_h12_t2048/fp32_final_only/baseline/tensor_contract/input_immutability/beta
PASS exact: equal_n2_h12_t2048/fp32_final_only/baseline/tensor_contract/input_immutability/a_log
PASS exact: equal_n2_h12_t2048/fp32_final_only/baseline/tensor_contract/input_immutability/dt_bias
PASS exact: equal_n2_h12_t2048/fp32_final_only/baseline/tensor_contract/input_immutability/cu_seqlens
PASS exact: equal_n2_h12_t2048/fp32_final_only/vshard2_p2/tensor_contract/input_immutability/q
PASS exact: equal_n2_h12_t2048/fp32_final_only/vshard2_p2/tensor_contract/input_immutability/k
PASS exact: equal_n2_h12_t2048/fp32_final_only/vshard2_p2/tensor_contract/input_immutability/v
PASS exact: equal_n2_h12_t2048/fp32_final_only/vshard2_p2/tensor_contract/input_immutability/g
PASS exact: equal_n2_h12_t2048/fp32_final_only/vshard2_p2/tensor_contract/input_immutability/beta
PASS exact: equal_n2_h12_t2048/fp32_final_only/vshard2_p2/tensor_contract/input_immutability/a_log
PASS exact: equal_n2_h12_t2048/fp32_final_only/vshard2_p2/tensor_contract/input_immutability/dt_bias
PASS exact: equal_n2_h12_t2048/fp32_final_only/vshard2_p2/tensor_contract/input_immutability/cu_seqlens
PASS exact: equal_n2_h12_t2048/fp32_final_only/vshard4_p2/tensor_contract/input_immutability/q
PASS exact: equal_n2_h12_t2048/fp32_final_only/vshard4_p2/tensor_contract/input_immutability/k
PASS exact: equal_n2_h12_t2048/fp32_final_only/vshard4_p2/tensor_contract/input_immutability/v
PASS exact: equal_n2_h12_t2048/fp32_final_only/vshard4_p2/tensor_contract/input_immutability/g
PASS exact: equal_n2_h12_t2048/fp32_final_only/vshard4_p2/tensor_contract/input_immutability/beta
PASS exact: equal_n2_h12_t2048/fp32_final_only/vshard4_p2/tensor_contract/input_immutability/a_log
PASS exact: equal_n2_h12_t2048/fp32_final_only/vshard4_p2/tensor_contract/input_immutability/dt_bias
PASS exact: equal_n2_h12_t2048/fp32_final_only/vshard4_p2/tensor_contract/input_immutability/cu_seqlens
PASS exact: equal_n2_h12_t2048/fp32_final_only/pinned_torch_ref/tensor_contract/input_immutability/q
PASS exact: equal_n2_h12_t2048/fp32_final_only/pinned_torch_ref/tensor_contract/input_immutability/k
PASS exact: equal_n2_h12_t2048/fp32_final_only/pinned_torch_ref/tensor_contract/input_immutability/v
PASS exact: equal_n2_h12_t2048/fp32_final_only/pinned_torch_ref/tensor_contract/input_immutability/g
PASS exact: equal_n2_h12_t2048/fp32_final_only/pinned_torch_ref/tensor_contract/input_immutability/beta
PASS exact: equal_n2_h12_t2048/fp32_final_only/pinned_torch_ref/tensor_contract/input_immutability/a_log
PASS exact: equal_n2_h12_t2048/fp32_final_only/pinned_torch_ref/tensor_contract/input_immutability/dt_bias
PASS exact: equal_n2_h12_t2048/fp32_final_only/pinned_torch_ref/tensor_contract/input_immutability/cu_seqlens
PASS exact: equal_n4_h12_t2048/none/baseline/input_immutability/q
PASS exact: equal_n4_h12_t2048/none/baseline/input_immutability/k
PASS exact: equal_n4_h12_t2048/none/baseline/input_immutability/v
PASS exact: equal_n4_h12_t2048/none/baseline/input_immutability/g
PASS exact: equal_n4_h12_t2048/none/baseline/input_immutability/beta
PASS exact: equal_n4_h12_t2048/none/baseline/input_immutability/a_log
PASS exact: equal_n4_h12_t2048/none/baseline/input_immutability/dt_bias
PASS exact: equal_n4_h12_t2048/none/baseline/input_immutability/cu_seqlens
PASS exact: equal_n4_h12_t2048/none/vshard2_p2/input_immutability/q
PASS exact: equal_n4_h12_t2048/none/vshard2_p2/input_immutability/k
PASS exact: equal_n4_h12_t2048/none/vshard2_p2/input_immutability/v
PASS exact: equal_n4_h12_t2048/none/vshard2_p2/input_immutability/g
PASS exact: equal_n4_h12_t2048/none/vshard2_p2/input_immutability/beta
PASS exact: equal_n4_h12_t2048/none/vshard2_p2/input_immutability/a_log
PASS exact: equal_n4_h12_t2048/none/vshard2_p2/input_immutability/dt_bias
PASS exact: equal_n4_h12_t2048/none/vshard2_p2/input_immutability/cu_seqlens
PASS exact: equal_n4_h12_t2048/none/vshard4_p2/input_immutability/q
PASS exact: equal_n4_h12_t2048/none/vshard4_p2/input_immutability/k
PASS exact: equal_n4_h12_t2048/none/vshard4_p2/input_immutability/v
PASS exact: equal_n4_h12_t2048/none/vshard4_p2/input_immutability/g
PASS exact: equal_n4_h12_t2048/none/vshard4_p2/input_immutability/beta
PASS exact: equal_n4_h12_t2048/none/vshard4_p2/input_immutability/a_log
PASS exact: equal_n4_h12_t2048/none/vshard4_p2/input_immutability/dt_bias
PASS exact: equal_n4_h12_t2048/none/vshard4_p2/input_immutability/cu_seqlens
PASS exact: varlen_dispatch_confirmation/equal_n4_h12_t2048/none/vshard2_p2_vs_baseline/output
PASS exact: varlen_dispatch_confirmation/equal_n4_h12_t2048/none/vshard4_p2_vs_baseline/output
PASS exact: equal_n4_h12_t2048/none/pinned_torch_ref/input_immutability/q
PASS exact: equal_n4_h12_t2048/none/pinned_torch_ref/input_immutability/k
PASS exact: equal_n4_h12_t2048/none/pinned_torch_ref/input_immutability/v
PASS exact: equal_n4_h12_t2048/none/pinned_torch_ref/input_immutability/g
PASS exact: equal_n4_h12_t2048/none/pinned_torch_ref/input_immutability/beta
PASS exact: equal_n4_h12_t2048/none/pinned_torch_ref/input_immutability/a_log
PASS exact: equal_n4_h12_t2048/none/pinned_torch_ref/input_immutability/dt_bias
PASS exact: equal_n4_h12_t2048/none/pinned_torch_ref/input_immutability/cu_seqlens
PASS exact: varlen_dispatch_confirmation/equal_n4_h12_t2048/none/baseline_vs_pinned_torch_ref/output
PASS exact: equal_n4_h12_t2048/none/baseline/tensor_contract/input_immutability/q
PASS exact: equal_n4_h12_t2048/none/baseline/tensor_contract/input_immutability/k
PASS exact: equal_n4_h12_t2048/none/baseline/tensor_contract/input_immutability/v
PASS exact: equal_n4_h12_t2048/none/baseline/tensor_contract/input_immutability/g
PASS exact: equal_n4_h12_t2048/none/baseline/tensor_contract/input_immutability/beta
PASS exact: equal_n4_h12_t2048/none/baseline/tensor_contract/input_immutability/a_log
PASS exact: equal_n4_h12_t2048/none/baseline/tensor_contract/input_immutability/dt_bias
PASS exact: equal_n4_h12_t2048/none/baseline/tensor_contract/input_immutability/cu_seqlens
PASS exact: equal_n4_h12_t2048/none/vshard2_p2/tensor_contract/input_immutability/q
PASS exact: equal_n4_h12_t2048/none/vshard2_p2/tensor_contract/input_immutability/k
PASS exact: equal_n4_h12_t2048/none/vshard2_p2/tensor_contract/input_immutability/v
PASS exact: equal_n4_h12_t2048/none/vshard2_p2/tensor_contract/input_immutability/g
PASS exact: equal_n4_h12_t2048/none/vshard2_p2/tensor_contract/input_immutability/beta
PASS exact: equal_n4_h12_t2048/none/vshard2_p2/tensor_contract/input_immutability/a_log
PASS exact: equal_n4_h12_t2048/none/vshard2_p2/tensor_contract/input_immutability/dt_bias
PASS exact: equal_n4_h12_t2048/none/vshard2_p2/tensor_contract/input_immutability/cu_seqlens
PASS exact: equal_n4_h12_t2048/none/vshard4_p2/tensor_contract/input_immutability/q
PASS exact: equal_n4_h12_t2048/none/vshard4_p2/tensor_contract/input_immutability/k
PASS exact: equal_n4_h12_t2048/none/vshard4_p2/tensor_contract/input_immutability/v
PASS exact: equal_n4_h12_t2048/none/vshard4_p2/tensor_contract/input_immutability/g
PASS exact: equal_n4_h12_t2048/none/vshard4_p2/tensor_contract/input_immutability/beta
PASS exact: equal_n4_h12_t2048/none/vshard4_p2/tensor_contract/input_immutability/a_log
PASS exact: equal_n4_h12_t2048/none/vshard4_p2/tensor_contract/input_immutability/dt_bias
PASS exact: equal_n4_h12_t2048/none/vshard4_p2/tensor_contract/input_immutability/cu_seqlens
PASS exact: equal_n4_h12_t2048/none/pinned_torch_ref/tensor_contract/input_immutability/q
PASS exact: equal_n4_h12_t2048/none/pinned_torch_ref/tensor_contract/input_immutability/k
PASS exact: equal_n4_h12_t2048/none/pinned_torch_ref/tensor_contract/input_immutability/v
PASS exact: equal_n4_h12_t2048/none/pinned_torch_ref/tensor_contract/input_immutability/g
PASS exact: equal_n4_h12_t2048/none/pinned_torch_ref/tensor_contract/input_immutability/beta
PASS exact: equal_n4_h12_t2048/none/pinned_torch_ref/tensor_contract/input_immutability/a_log
PASS exact: equal_n4_h12_t2048/none/pinned_torch_ref/tensor_contract/input_immutability/dt_bias
PASS exact: equal_n4_h12_t2048/none/pinned_torch_ref/tensor_contract/input_immutability/cu_seqlens
PASS exact: equal_n4_h12_t2048/bf16_both/baseline/input_immutability/q
PASS exact: equal_n4_h12_t2048/bf16_both/baseline/input_immutability/k
PASS exact: equal_n4_h12_t2048/bf16_both/baseline/input_immutability/v
PASS exact: equal_n4_h12_t2048/bf16_both/baseline/input_immutability/g
PASS exact: equal_n4_h12_t2048/bf16_both/baseline/input_immutability/beta
PASS exact: equal_n4_h12_t2048/bf16_both/baseline/input_immutability/a_log
PASS exact: equal_n4_h12_t2048/bf16_both/baseline/input_immutability/dt_bias
PASS exact: equal_n4_h12_t2048/bf16_both/baseline/input_immutability/cu_seqlens
PASS exact: equal_n4_h12_t2048/bf16_both/vshard2_p2/input_immutability/q
PASS exact: equal_n4_h12_t2048/bf16_both/vshard2_p2/input_immutability/k
PASS exact: equal_n4_h12_t2048/bf16_both/vshard2_p2/input_immutability/v
PASS exact: equal_n4_h12_t2048/bf16_both/vshard2_p2/input_immutability/g
PASS exact: equal_n4_h12_t2048/bf16_both/vshard2_p2/input_immutability/beta
PASS exact: equal_n4_h12_t2048/bf16_both/vshard2_p2/input_immutability/a_log
PASS exact: equal_n4_h12_t2048/bf16_both/vshard2_p2/input_immutability/dt_bias
PASS exact: equal_n4_h12_t2048/bf16_both/vshard2_p2/input_immutability/cu_seqlens
PASS exact: equal_n4_h12_t2048/bf16_both/vshard4_p2/input_immutability/q
PASS exact: equal_n4_h12_t2048/bf16_both/vshard4_p2/input_immutability/k
PASS exact: equal_n4_h12_t2048/bf16_both/vshard4_p2/input_immutability/v
PASS exact: equal_n4_h12_t2048/bf16_both/vshard4_p2/input_immutability/g
PASS exact: equal_n4_h12_t2048/bf16_both/vshard4_p2/input_immutability/beta
PASS exact: equal_n4_h12_t2048/bf16_both/vshard4_p2/input_immutability/a_log
PASS exact: equal_n4_h12_t2048/bf16_both/vshard4_p2/input_immutability/dt_bias
PASS exact: equal_n4_h12_t2048/bf16_both/vshard4_p2/input_immutability/cu_seqlens
PASS exact: varlen_dispatch_confirmation/equal_n4_h12_t2048/bf16_both/vshard2_p2_vs_baseline/output
PASS exact: varlen_dispatch_confirmation/equal_n4_h12_t2048/bf16_both/vshard2_p2_vs_baseline/final_state
PASS exact: varlen_dispatch_confirmation/equal_n4_h12_t2048/bf16_both/vshard4_p2_vs_baseline/output
PASS exact: varlen_dispatch_confirmation/equal_n4_h12_t2048/bf16_both/vshard4_p2_vs_baseline/final_state
PASS exact: equal_n4_h12_t2048/bf16_both/baseline/tensor_contract/input_immutability/q
PASS exact: equal_n4_h12_t2048/bf16_both/baseline/tensor_contract/input_immutability/k
PASS exact: equal_n4_h12_t2048/bf16_both/baseline/tensor_contract/input_immutability/v
PASS exact: equal_n4_h12_t2048/bf16_both/baseline/tensor_contract/input_immutability/g
PASS exact: equal_n4_h12_t2048/bf16_both/baseline/tensor_contract/input_immutability/beta
PASS exact: equal_n4_h12_t2048/bf16_both/baseline/tensor_contract/input_immutability/a_log
PASS exact: equal_n4_h12_t2048/bf16_both/baseline/tensor_contract/input_immutability/dt_bias
PASS exact: equal_n4_h12_t2048/bf16_both/baseline/tensor_contract/input_immutability/cu_seqlens
PASS exact: equal_n4_h12_t2048/bf16_both/vshard2_p2/tensor_contract/input_immutability/q
PASS exact: equal_n4_h12_t2048/bf16_both/vshard2_p2/tensor_contract/input_immutability/k
PASS exact: equal_n4_h12_t2048/bf16_both/vshard2_p2/tensor_contract/input_immutability/v
PASS exact: equal_n4_h12_t2048/bf16_both/vshard2_p2/tensor_contract/input_immutability/g
PASS exact: equal_n4_h12_t2048/bf16_both/vshard2_p2/tensor_contract/input_immutability/beta
PASS exact: equal_n4_h12_t2048/bf16_both/vshard2_p2/tensor_contract/input_immutability/a_log
PASS exact: equal_n4_h12_t2048/bf16_both/vshard2_p2/tensor_contract/input_immutability/dt_bias
PASS exact: equal_n4_h12_t2048/bf16_both/vshard2_p2/tensor_contract/input_immutability/cu_seqlens
PASS exact: equal_n4_h12_t2048/bf16_both/vshard4_p2/tensor_contract/input_immutability/q
PASS exact: equal_n4_h12_t2048/bf16_both/vshard4_p2/tensor_contract/input_immutability/k
PASS exact: equal_n4_h12_t2048/bf16_both/vshard4_p2/tensor_contract/input_immutability/v
PASS exact: equal_n4_h12_t2048/bf16_both/vshard4_p2/tensor_contract/input_immutability/g
PASS exact: equal_n4_h12_t2048/bf16_both/vshard4_p2/tensor_contract/input_immutability/beta
PASS exact: equal_n4_h12_t2048/bf16_both/vshard4_p2/tensor_contract/input_immutability/a_log
PASS exact: equal_n4_h12_t2048/bf16_both/vshard4_p2/tensor_contract/input_immutability/dt_bias
PASS exact: equal_n4_h12_t2048/bf16_both/vshard4_p2/tensor_contract/input_immutability/cu_seqlens
PASS exact: equal_n4_h12_t2048/fp32_both/baseline/input_immutability/q
PASS exact: equal_n4_h12_t2048/fp32_both/baseline/input_immutability/k
PASS exact: equal_n4_h12_t2048/fp32_both/baseline/input_immutability/v
PASS exact: equal_n4_h12_t2048/fp32_both/baseline/input_immutability/g
PASS exact: equal_n4_h12_t2048/fp32_both/baseline/input_immutability/beta
PASS exact: equal_n4_h12_t2048/fp32_both/baseline/input_immutability/a_log
PASS exact: equal_n4_h12_t2048/fp32_both/baseline/input_immutability/dt_bias
PASS exact: equal_n4_h12_t2048/fp32_both/baseline/input_immutability/cu_seqlens
PASS exact: equal_n4_h12_t2048/fp32_both/vshard2_p2/input_immutability/q
PASS exact: equal_n4_h12_t2048/fp32_both/vshard2_p2/input_immutability/k
PASS exact: equal_n4_h12_t2048/fp32_both/vshard2_p2/input_immutability/v
PASS exact: equal_n4_h12_t2048/fp32_both/vshard2_p2/input_immutability/g
PASS exact: equal_n4_h12_t2048/fp32_both/vshard2_p2/input_immutability/beta
PASS exact: equal_n4_h12_t2048/fp32_both/vshard2_p2/input_immutability/a_log
PASS exact: equal_n4_h12_t2048/fp32_both/vshard2_p2/input_immutability/dt_bias
PASS exact: equal_n4_h12_t2048/fp32_both/vshard2_p2/input_immutability/cu_seqlens
PASS exact: equal_n4_h12_t2048/fp32_both/vshard4_p2/input_immutability/q
PASS exact: equal_n4_h12_t2048/fp32_both/vshard4_p2/input_immutability/k
PASS exact: equal_n4_h12_t2048/fp32_both/vshard4_p2/input_immutability/v
PASS exact: equal_n4_h12_t2048/fp32_both/vshard4_p2/input_immutability/g
PASS exact: equal_n4_h12_t2048/fp32_both/vshard4_p2/input_immutability/beta
PASS exact: equal_n4_h12_t2048/fp32_both/vshard4_p2/input_immutability/a_log
PASS exact: equal_n4_h12_t2048/fp32_both/vshard4_p2/input_immutability/dt_bias
PASS exact: equal_n4_h12_t2048/fp32_both/vshard4_p2/input_immutability/cu_seqlens
PASS exact: varlen_dispatch_confirmation/equal_n4_h12_t2048/fp32_both/vshard2_p2_vs_baseline/output
PASS exact: varlen_dispatch_confirmation/equal_n4_h12_t2048/fp32_both/vshard2_p2_vs_baseline/final_state
PASS exact: varlen_dispatch_confirmation/equal_n4_h12_t2048/fp32_both/vshard4_p2_vs_baseline/output
PASS exact: varlen_dispatch_confirmation/equal_n4_h12_t2048/fp32_both/vshard4_p2_vs_baseline/final_state
PASS exact: equal_n4_h12_t2048/fp32_both/pinned_torch_ref/input_immutability/q
PASS exact: equal_n4_h12_t2048/fp32_both/pinned_torch_ref/input_immutability/k
PASS exact: equal_n4_h12_t2048/fp32_both/pinned_torch_ref/input_immutability/v
PASS exact: equal_n4_h12_t2048/fp32_both/pinned_torch_ref/input_immutability/g
PASS exact: equal_n4_h12_t2048/fp32_both/pinned_torch_ref/input_immutability/beta
PASS exact: equal_n4_h12_t2048/fp32_both/pinned_torch_ref/input_immutability/a_log
PASS exact: equal_n4_h12_t2048/fp32_both/pinned_torch_ref/input_immutability/dt_bias
PASS exact: equal_n4_h12_t2048/fp32_both/pinned_torch_ref/input_immutability/cu_seqlens
PASS exact: varlen_dispatch_confirmation/equal_n4_h12_t2048/fp32_both/baseline_vs_pinned_torch_ref/output
PASS exact: varlen_dispatch_confirmation/equal_n4_h12_t2048/fp32_both/baseline_vs_pinned_torch_ref/final_state
PASS exact: equal_n4_h12_t2048/fp32_both/baseline/tensor_contract/input_immutability/q
PASS exact: equal_n4_h12_t2048/fp32_both/baseline/tensor_contract/input_immutability/k
PASS exact: equal_n4_h12_t2048/fp32_both/baseline/tensor_contract/input_immutability/v
PASS exact: equal_n4_h12_t2048/fp32_both/baseline/tensor_contract/input_immutability/g
PASS exact: equal_n4_h12_t2048/fp32_both/baseline/tensor_contract/input_immutability/beta
PASS exact: equal_n4_h12_t2048/fp32_both/baseline/tensor_contract/input_immutability/a_log
PASS exact: equal_n4_h12_t2048/fp32_both/baseline/tensor_contract/input_immutability/dt_bias
PASS exact: equal_n4_h12_t2048/fp32_both/baseline/tensor_contract/input_immutability/cu_seqlens
PASS exact: equal_n4_h12_t2048/fp32_both/vshard2_p2/tensor_contract/input_immutability/q
PASS exact: equal_n4_h12_t2048/fp32_both/vshard2_p2/tensor_contract/input_immutability/k
PASS exact: equal_n4_h12_t2048/fp32_both/vshard2_p2/tensor_contract/input_immutability/v
PASS exact: equal_n4_h12_t2048/fp32_both/vshard2_p2/tensor_contract/input_immutability/g
PASS exact: equal_n4_h12_t2048/fp32_both/vshard2_p2/tensor_contract/input_immutability/beta
PASS exact: equal_n4_h12_t2048/fp32_both/vshard2_p2/tensor_contract/input_immutability/a_log
PASS exact: equal_n4_h12_t2048/fp32_both/vshard2_p2/tensor_contract/input_immutability/dt_bias
PASS exact: equal_n4_h12_t2048/fp32_both/vshard2_p2/tensor_contract/input_immutability/cu_seqlens
PASS exact: equal_n4_h12_t2048/fp32_both/vshard4_p2/tensor_contract/input_immutability/q
PASS exact: equal_n4_h12_t2048/fp32_both/vshard4_p2/tensor_contract/input_immutability/k
PASS exact: equal_n4_h12_t2048/fp32_both/vshard4_p2/tensor_contract/input_immutability/v
PASS exact: equal_n4_h12_t2048/fp32_both/vshard4_p2/tensor_contract/input_immutability/g
PASS exact: equal_n4_h12_t2048/fp32_both/vshard4_p2/tensor_contract/input_immutability/beta
PASS exact: equal_n4_h12_t2048/fp32_both/vshard4_p2/tensor_contract/input_immutability/a_log
PASS exact: equal_n4_h12_t2048/fp32_both/vshard4_p2/tensor_contract/input_immutability/dt_bias
PASS exact: equal_n4_h12_t2048/fp32_both/vshard4_p2/tensor_contract/input_immutability/cu_seqlens
PASS exact: equal_n4_h12_t2048/fp32_both/pinned_torch_ref/tensor_contract/input_immutability/q
PASS exact: equal_n4_h12_t2048/fp32_both/pinned_torch_ref/tensor_contract/input_immutability/k
PASS exact: equal_n4_h12_t2048/fp32_both/pinned_torch_ref/tensor_contract/input_immutability/v
PASS exact: equal_n4_h12_t2048/fp32_both/pinned_torch_ref/tensor_contract/input_immutability/g
PASS exact: equal_n4_h12_t2048/fp32_both/pinned_torch_ref/tensor_contract/input_immutability/beta
PASS exact: equal_n4_h12_t2048/fp32_both/pinned_torch_ref/tensor_contract/input_immutability/a_log
PASS exact: equal_n4_h12_t2048/fp32_both/pinned_torch_ref/tensor_contract/input_immutability/dt_bias
PASS exact: equal_n4_h12_t2048/fp32_both/pinned_torch_ref/tensor_contract/input_immutability/cu_seqlens
PASS exact: equal_n4_h12_t2048/fp32_final_only/baseline/input_immutability/q
PASS exact: equal_n4_h12_t2048/fp32_final_only/baseline/input_immutability/k
PASS exact: equal_n4_h12_t2048/fp32_final_only/baseline/input_immutability/v
PASS exact: equal_n4_h12_t2048/fp32_final_only/baseline/input_immutability/g
PASS exact: equal_n4_h12_t2048/fp32_final_only/baseline/input_immutability/beta
PASS exact: equal_n4_h12_t2048/fp32_final_only/baseline/input_immutability/a_log
PASS exact: equal_n4_h12_t2048/fp32_final_only/baseline/input_immutability/dt_bias
PASS exact: equal_n4_h12_t2048/fp32_final_only/baseline/input_immutability/cu_seqlens
PASS exact: equal_n4_h12_t2048/fp32_final_only/vshard2_p2/input_immutability/q
PASS exact: equal_n4_h12_t2048/fp32_final_only/vshard2_p2/input_immutability/k
PASS exact: equal_n4_h12_t2048/fp32_final_only/vshard2_p2/input_immutability/v
PASS exact: equal_n4_h12_t2048/fp32_final_only/vshard2_p2/input_immutability/g
PASS exact: equal_n4_h12_t2048/fp32_final_only/vshard2_p2/input_immutability/beta
PASS exact: equal_n4_h12_t2048/fp32_final_only/vshard2_p2/input_immutability/a_log
PASS exact: equal_n4_h12_t2048/fp32_final_only/vshard2_p2/input_immutability/dt_bias
PASS exact: equal_n4_h12_t2048/fp32_final_only/vshard2_p2/input_immutability/cu_seqlens
PASS exact: equal_n4_h12_t2048/fp32_final_only/vshard4_p2/input_immutability/q
PASS exact: equal_n4_h12_t2048/fp32_final_only/vshard4_p2/input_immutability/k
PASS exact: equal_n4_h12_t2048/fp32_final_only/vshard4_p2/input_immutability/v
PASS exact: equal_n4_h12_t2048/fp32_final_only/vshard4_p2/input_immutability/g
PASS exact: equal_n4_h12_t2048/fp32_final_only/vshard4_p2/input_immutability/beta
PASS exact: equal_n4_h12_t2048/fp32_final_only/vshard4_p2/input_immutability/a_log
PASS exact: equal_n4_h12_t2048/fp32_final_only/vshard4_p2/input_immutability/dt_bias
PASS exact: equal_n4_h12_t2048/fp32_final_only/vshard4_p2/input_immutability/cu_seqlens
PASS exact: varlen_dispatch_confirmation/equal_n4_h12_t2048/fp32_final_only/vshard2_p2_vs_baseline/output
PASS exact: varlen_dispatch_confirmation/equal_n4_h12_t2048/fp32_final_only/vshard2_p2_vs_baseline/final_state
PASS exact: varlen_dispatch_confirmation/equal_n4_h12_t2048/fp32_final_only/vshard4_p2_vs_baseline/output
PASS exact: varlen_dispatch_confirmation/equal_n4_h12_t2048/fp32_final_only/vshard4_p2_vs_baseline/final_state
PASS exact: equal_n4_h12_t2048/fp32_final_only/pinned_torch_ref/input_immutability/q
PASS exact: equal_n4_h12_t2048/fp32_final_only/pinned_torch_ref/input_immutability/k
PASS exact: equal_n4_h12_t2048/fp32_final_only/pinned_torch_ref/input_immutability/v
PASS exact: equal_n4_h12_t2048/fp32_final_only/pinned_torch_ref/input_immutability/g
PASS exact: equal_n4_h12_t2048/fp32_final_only/pinned_torch_ref/input_immutability/beta
PASS exact: equal_n4_h12_t2048/fp32_final_only/pinned_torch_ref/input_immutability/a_log
PASS exact: equal_n4_h12_t2048/fp32_final_only/pinned_torch_ref/input_immutability/dt_bias
PASS exact: equal_n4_h12_t2048/fp32_final_only/pinned_torch_ref/input_immutability/cu_seqlens
PASS exact: varlen_dispatch_confirmation/equal_n4_h12_t2048/fp32_final_only/baseline_vs_pinned_torch_ref/output
PASS exact: varlen_dispatch_confirmation/equal_n4_h12_t2048/fp32_final_only/baseline_vs_pinned_torch_ref/final_state
PASS exact: equal_n4_h12_t2048/fp32_final_only/baseline/tensor_contract/input_immutability/q
PASS exact: equal_n4_h12_t2048/fp32_final_only/baseline/tensor_contract/input_immutability/k
PASS exact: equal_n4_h12_t2048/fp32_final_only/baseline/tensor_contract/input_immutability/v
PASS exact: equal_n4_h12_t2048/fp32_final_only/baseline/tensor_contract/input_immutability/g
PASS exact: equal_n4_h12_t2048/fp32_final_only/baseline/tensor_contract/input_immutability/beta
PASS exact: equal_n4_h12_t2048/fp32_final_only/baseline/tensor_contract/input_immutability/a_log
PASS exact: equal_n4_h12_t2048/fp32_final_only/baseline/tensor_contract/input_immutability/dt_bias
PASS exact: equal_n4_h12_t2048/fp32_final_only/baseline/tensor_contract/input_immutability/cu_seqlens
PASS exact: equal_n4_h12_t2048/fp32_final_only/vshard2_p2/tensor_contract/input_immutability/q
PASS exact: equal_n4_h12_t2048/fp32_final_only/vshard2_p2/tensor_contract/input_immutability/k
PASS exact: equal_n4_h12_t2048/fp32_final_only/vshard2_p2/tensor_contract/input_immutability/v
PASS exact: equal_n4_h12_t2048/fp32_final_only/vshard2_p2/tensor_contract/input_immutability/g
PASS exact: equal_n4_h12_t2048/fp32_final_only/vshard2_p2/tensor_contract/input_immutability/beta
PASS exact: equal_n4_h12_t2048/fp32_final_only/vshard2_p2/tensor_contract/input_immutability/a_log
PASS exact: equal_n4_h12_t2048/fp32_final_only/vshard2_p2/tensor_contract/input_immutability/dt_bias
PASS exact: equal_n4_h12_t2048/fp32_final_only/vshard2_p2/tensor_contract/input_immutability/cu_seqlens
PASS exact: equal_n4_h12_t2048/fp32_final_only/vshard4_p2/tensor_contract/input_immutability/q
PASS exact: equal_n4_h12_t2048/fp32_final_only/vshard4_p2/tensor_contract/input_immutability/k
PASS exact: equal_n4_h12_t2048/fp32_final_only/vshard4_p2/tensor_contract/input_immutability/v
PASS exact: equal_n4_h12_t2048/fp32_final_only/vshard4_p2/tensor_contract/input_immutability/g
PASS exact: equal_n4_h12_t2048/fp32_final_only/vshard4_p2/tensor_contract/input_immutability/beta
PASS exact: equal_n4_h12_t2048/fp32_final_only/vshard4_p2/tensor_contract/input_immutability/a_log
PASS exact: equal_n4_h12_t2048/fp32_final_only/vshard4_p2/tensor_contract/input_immutability/dt_bias
PASS exact: equal_n4_h12_t2048/fp32_final_only/vshard4_p2/tensor_contract/input_immutability/cu_seqlens
PASS exact: equal_n4_h12_t2048/fp32_final_only/pinned_torch_ref/tensor_contract/input_immutability/q
PASS exact: equal_n4_h12_t2048/fp32_final_only/pinned_torch_ref/tensor_contract/input_immutability/k
PASS exact: equal_n4_h12_t2048/fp32_final_only/pinned_torch_ref/tensor_contract/input_immutability/v
PASS exact: equal_n4_h12_t2048/fp32_final_only/pinned_torch_ref/tensor_contract/input_immutability/g
PASS exact: equal_n4_h12_t2048/fp32_final_only/pinned_torch_ref/tensor_contract/input_immutability/beta
PASS exact: equal_n4_h12_t2048/fp32_final_only/pinned_torch_ref/tensor_contract/input_immutability/a_log
PASS exact: equal_n4_h12_t2048/fp32_final_only/pinned_torch_ref/tensor_contract/input_immutability/dt_bias
PASS exact: equal_n4_h12_t2048/fp32_final_only/pinned_torch_ref/tensor_contract/input_immutability/cu_seqlens
PASS exact: mixed_n6_h12_t8192/none/baseline/input_immutability/q
PASS exact: mixed_n6_h12_t8192/none/baseline/input_immutability/k
PASS exact: mixed_n6_h12_t8192/none/baseline/input_immutability/v
PASS exact: mixed_n6_h12_t8192/none/baseline/input_immutability/g
PASS exact: mixed_n6_h12_t8192/none/baseline/input_immutability/beta
PASS exact: mixed_n6_h12_t8192/none/baseline/input_immutability/a_log
PASS exact: mixed_n6_h12_t8192/none/baseline/input_immutability/dt_bias
PASS exact: mixed_n6_h12_t8192/none/baseline/input_immutability/cu_seqlens
PASS exact: mixed_n6_h12_t8192/none/vshard2_p2/input_immutability/q
PASS exact: mixed_n6_h12_t8192/none/vshard2_p2/input_immutability/k
PASS exact: mixed_n6_h12_t8192/none/vshard2_p2/input_immutability/v
PASS exact: mixed_n6_h12_t8192/none/vshard2_p2/input_immutability/g
PASS exact: mixed_n6_h12_t8192/none/vshard2_p2/input_immutability/beta
PASS exact: mixed_n6_h12_t8192/none/vshard2_p2/input_immutability/a_log
PASS exact: mixed_n6_h12_t8192/none/vshard2_p2/input_immutability/dt_bias
PASS exact: mixed_n6_h12_t8192/none/vshard2_p2/input_immutability/cu_seqlens
PASS exact: mixed_n6_h12_t8192/none/vshard4_p2/input_immutability/q
PASS exact: mixed_n6_h12_t8192/none/vshard4_p2/input_immutability/k
PASS exact: mixed_n6_h12_t8192/none/vshard4_p2/input_immutability/v
PASS exact: mixed_n6_h12_t8192/none/vshard4_p2/input_immutability/g
PASS exact: mixed_n6_h12_t8192/none/vshard4_p2/input_immutability/beta
PASS exact: mixed_n6_h12_t8192/none/vshard4_p2/input_immutability/a_log
PASS exact: mixed_n6_h12_t8192/none/vshard4_p2/input_immutability/dt_bias
PASS exact: mixed_n6_h12_t8192/none/vshard4_p2/input_immutability/cu_seqlens
PASS exact: varlen_dispatch_confirmation/mixed_n6_h12_t8192/none/vshard2_p2_vs_baseline/output
PASS exact: varlen_dispatch_confirmation/mixed_n6_h12_t8192/none/vshard4_p2_vs_baseline/output
PASS exact: mixed_n6_h12_t8192/none/pinned_torch_ref/input_immutability/q
PASS exact: mixed_n6_h12_t8192/none/pinned_torch_ref/input_immutability/k
PASS exact: mixed_n6_h12_t8192/none/pinned_torch_ref/input_immutability/v
PASS exact: mixed_n6_h12_t8192/none/pinned_torch_ref/input_immutability/g
PASS exact: mixed_n6_h12_t8192/none/pinned_torch_ref/input_immutability/beta
PASS exact: mixed_n6_h12_t8192/none/pinned_torch_ref/input_immutability/a_log
PASS exact: mixed_n6_h12_t8192/none/pinned_torch_ref/input_immutability/dt_bias
PASS exact: mixed_n6_h12_t8192/none/pinned_torch_ref/input_immutability/cu_seqlens
PASS exact: varlen_dispatch_confirmation/mixed_n6_h12_t8192/none/baseline_vs_pinned_torch_ref/output
PASS exact: mixed_n6_h12_t8192/none/baseline/tensor_contract/input_immutability/q
PASS exact: mixed_n6_h12_t8192/none/baseline/tensor_contract/input_immutability/k
PASS exact: mixed_n6_h12_t8192/none/baseline/tensor_contract/input_immutability/v
PASS exact: mixed_n6_h12_t8192/none/baseline/tensor_contract/input_immutability/g
PASS exact: mixed_n6_h12_t8192/none/baseline/tensor_contract/input_immutability/beta
PASS exact: mixed_n6_h12_t8192/none/baseline/tensor_contract/input_immutability/a_log
PASS exact: mixed_n6_h12_t8192/none/baseline/tensor_contract/input_immutability/dt_bias
PASS exact: mixed_n6_h12_t8192/none/baseline/tensor_contract/input_immutability/cu_seqlens
PASS exact: mixed_n6_h12_t8192/none/vshard2_p2/tensor_contract/input_immutability/q
PASS exact: mixed_n6_h12_t8192/none/vshard2_p2/tensor_contract/input_immutability/k
PASS exact: mixed_n6_h12_t8192/none/vshard2_p2/tensor_contract/input_immutability/v
PASS exact: mixed_n6_h12_t8192/none/vshard2_p2/tensor_contract/input_immutability/g
PASS exact: mixed_n6_h12_t8192/none/vshard2_p2/tensor_contract/input_immutability/beta
PASS exact: mixed_n6_h12_t8192/none/vshard2_p2/tensor_contract/input_immutability/a_log
PASS exact: mixed_n6_h12_t8192/none/vshard2_p2/tensor_contract/input_immutability/dt_bias
PASS exact: mixed_n6_h12_t8192/none/vshard2_p2/tensor_contract/input_immutability/cu_seqlens
PASS exact: mixed_n6_h12_t8192/none/vshard4_p2/tensor_contract/input_immutability/q
PASS exact: mixed_n6_h12_t8192/none/vshard4_p2/tensor_contract/input_immutability/k
PASS exact: mixed_n6_h12_t8192/none/vshard4_p2/tensor_contract/input_immutability/v
PASS exact: mixed_n6_h12_t8192/none/vshard4_p2/tensor_contract/input_immutability/g
PASS exact: mixed_n6_h12_t8192/none/vshard4_p2/tensor_contract/input_immutability/beta
PASS exact: mixed_n6_h12_t8192/none/vshard4_p2/tensor_contract/input_immutability/a_log
PASS exact: mixed_n6_h12_t8192/none/vshard4_p2/tensor_contract/input_immutability/dt_bias
PASS exact: mixed_n6_h12_t8192/none/vshard4_p2/tensor_contract/input_immutability/cu_seqlens
PASS exact: mixed_n6_h12_t8192/none/pinned_torch_ref/tensor_contract/input_immutability/q
PASS exact: mixed_n6_h12_t8192/none/pinned_torch_ref/tensor_contract/input_immutability/k
PASS exact: mixed_n6_h12_t8192/none/pinned_torch_ref/tensor_contract/input_immutability/v
PASS exact: mixed_n6_h12_t8192/none/pinned_torch_ref/tensor_contract/input_immutability/g
PASS exact: mixed_n6_h12_t8192/none/pinned_torch_ref/tensor_contract/input_immutability/beta
PASS exact: mixed_n6_h12_t8192/none/pinned_torch_ref/tensor_contract/input_immutability/a_log
PASS exact: mixed_n6_h12_t8192/none/pinned_torch_ref/tensor_contract/input_immutability/dt_bias
PASS exact: mixed_n6_h12_t8192/none/pinned_torch_ref/tensor_contract/input_immutability/cu_seqlens
PASS exact: mixed_n6_h12_t8192/bf16_both/baseline/input_immutability/q
PASS exact: mixed_n6_h12_t8192/bf16_both/baseline/input_immutability/k
PASS exact: mixed_n6_h12_t8192/bf16_both/baseline/input_immutability/v
PASS exact: mixed_n6_h12_t8192/bf16_both/baseline/input_immutability/g
PASS exact: mixed_n6_h12_t8192/bf16_both/baseline/input_immutability/beta
PASS exact: mixed_n6_h12_t8192/bf16_both/baseline/input_immutability/a_log
PASS exact: mixed_n6_h12_t8192/bf16_both/baseline/input_immutability/dt_bias
PASS exact: mixed_n6_h12_t8192/bf16_both/baseline/input_immutability/cu_seqlens
PASS exact: mixed_n6_h12_t8192/bf16_both/vshard2_p2/input_immutability/q
PASS exact: mixed_n6_h12_t8192/bf16_both/vshard2_p2/input_immutability/k
PASS exact: mixed_n6_h12_t8192/bf16_both/vshard2_p2/input_immutability/v
PASS exact: mixed_n6_h12_t8192/bf16_both/vshard2_p2/input_immutability/g
PASS exact: mixed_n6_h12_t8192/bf16_both/vshard2_p2/input_immutability/beta
PASS exact: mixed_n6_h12_t8192/bf16_both/vshard2_p2/input_immutability/a_log
PASS exact: mixed_n6_h12_t8192/bf16_both/vshard2_p2/input_immutability/dt_bias
PASS exact: mixed_n6_h12_t8192/bf16_both/vshard2_p2/input_immutability/cu_seqlens
PASS exact: mixed_n6_h12_t8192/bf16_both/vshard4_p2/input_immutability/q
PASS exact: mixed_n6_h12_t8192/bf16_both/vshard4_p2/input_immutability/k
PASS exact: mixed_n6_h12_t8192/bf16_both/vshard4_p2/input_immutability/v
PASS exact: mixed_n6_h12_t8192/bf16_both/vshard4_p2/input_immutability/g
PASS exact: mixed_n6_h12_t8192/bf16_both/vshard4_p2/input_immutability/beta
PASS exact: mixed_n6_h12_t8192/bf16_both/vshard4_p2/input_immutability/a_log
PASS exact: mixed_n6_h12_t8192/bf16_both/vshard4_p2/input_immutability/dt_bias
PASS exact: mixed_n6_h12_t8192/bf16_both/vshard4_p2/input_immutability/cu_seqlens
PASS exact: varlen_dispatch_confirmation/mixed_n6_h12_t8192/bf16_both/vshard2_p2_vs_baseline/output
PASS exact: varlen_dispatch_confirmation/mixed_n6_h12_t8192/bf16_both/vshard2_p2_vs_baseline/final_state
PASS exact: varlen_dispatch_confirmation/mixed_n6_h12_t8192/bf16_both/vshard4_p2_vs_baseline/output
PASS exact: varlen_dispatch_confirmation/mixed_n6_h12_t8192/bf16_both/vshard4_p2_vs_baseline/final_state
PASS exact: mixed_n6_h12_t8192/bf16_both/baseline/tensor_contract/input_immutability/q
PASS exact: mixed_n6_h12_t8192/bf16_both/baseline/tensor_contract/input_immutability/k
PASS exact: mixed_n6_h12_t8192/bf16_both/baseline/tensor_contract/input_immutability/v
PASS exact: mixed_n6_h12_t8192/bf16_both/baseline/tensor_contract/input_immutability/g
PASS exact: mixed_n6_h12_t8192/bf16_both/baseline/tensor_contract/input_immutability/beta
PASS exact: mixed_n6_h12_t8192/bf16_both/baseline/tensor_contract/input_immutability/a_log
PASS exact: mixed_n6_h12_t8192/bf16_both/baseline/tensor_contract/input_immutability/dt_bias
PASS exact: mixed_n6_h12_t8192/bf16_both/baseline/tensor_contract/input_immutability/cu_seqlens
PASS exact: mixed_n6_h12_t8192/bf16_both/vshard2_p2/tensor_contract/input_immutability/q
PASS exact: mixed_n6_h12_t8192/bf16_both/vshard2_p2/tensor_contract/input_immutability/k
PASS exact: mixed_n6_h12_t8192/bf16_both/vshard2_p2/tensor_contract/input_immutability/v
PASS exact: mixed_n6_h12_t8192/bf16_both/vshard2_p2/tensor_contract/input_immutability/g
PASS exact: mixed_n6_h12_t8192/bf16_both/vshard2_p2/tensor_contract/input_immutability/beta
PASS exact: mixed_n6_h12_t8192/bf16_both/vshard2_p2/tensor_contract/input_immutability/a_log
PASS exact: mixed_n6_h12_t8192/bf16_both/vshard2_p2/tensor_contract/input_immutability/dt_bias
PASS exact: mixed_n6_h12_t8192/bf16_both/vshard2_p2/tensor_contract/input_immutability/cu_seqlens
PASS exact: mixed_n6_h12_t8192/bf16_both/vshard4_p2/tensor_contract/input_immutability/q
PASS exact: mixed_n6_h12_t8192/bf16_both/vshard4_p2/tensor_contract/input_immutability/k
PASS exact: mixed_n6_h12_t8192/bf16_both/vshard4_p2/tensor_contract/input_immutability/v
PASS exact: mixed_n6_h12_t8192/bf16_both/vshard4_p2/tensor_contract/input_immutability/g
PASS exact: mixed_n6_h12_t8192/bf16_both/vshard4_p2/tensor_contract/input_immutability/beta
PASS exact: mixed_n6_h12_t8192/bf16_both/vshard4_p2/tensor_contract/input_immutability/a_log
PASS exact: mixed_n6_h12_t8192/bf16_both/vshard4_p2/tensor_contract/input_immutability/dt_bias
PASS exact: mixed_n6_h12_t8192/bf16_both/vshard4_p2/tensor_contract/input_immutability/cu_seqlens
PASS exact: mixed_n6_h12_t8192/fp32_both/baseline/input_immutability/q
PASS exact: mixed_n6_h12_t8192/fp32_both/baseline/input_immutability/k
PASS exact: mixed_n6_h12_t8192/fp32_both/baseline/input_immutability/v
PASS exact: mixed_n6_h12_t8192/fp32_both/baseline/input_immutability/g
PASS exact: mixed_n6_h12_t8192/fp32_both/baseline/input_immutability/beta
PASS exact: mixed_n6_h12_t8192/fp32_both/baseline/input_immutability/a_log
PASS exact: mixed_n6_h12_t8192/fp32_both/baseline/input_immutability/dt_bias
PASS exact: mixed_n6_h12_t8192/fp32_both/baseline/input_immutability/cu_seqlens
PASS exact: mixed_n6_h12_t8192/fp32_both/vshard2_p2/input_immutability/q
PASS exact: mixed_n6_h12_t8192/fp32_both/vshard2_p2/input_immutability/k
PASS exact: mixed_n6_h12_t8192/fp32_both/vshard2_p2/input_immutability/v
PASS exact: mixed_n6_h12_t8192/fp32_both/vshard2_p2/input_immutability/g
PASS exact: mixed_n6_h12_t8192/fp32_both/vshard2_p2/input_immutability/beta
PASS exact: mixed_n6_h12_t8192/fp32_both/vshard2_p2/input_immutability/a_log
PASS exact: mixed_n6_h12_t8192/fp32_both/vshard2_p2/input_immutability/dt_bias
PASS exact: mixed_n6_h12_t8192/fp32_both/vshard2_p2/input_immutability/cu_seqlens
PASS exact: mixed_n6_h12_t8192/fp32_both/vshard4_p2/input_immutability/q
PASS exact: mixed_n6_h12_t8192/fp32_both/vshard4_p2/input_immutability/k
PASS exact: mixed_n6_h12_t8192/fp32_both/vshard4_p2/input_immutability/v
PASS exact: mixed_n6_h12_t8192/fp32_both/vshard4_p2/input_immutability/g
PASS exact: mixed_n6_h12_t8192/fp32_both/vshard4_p2/input_immutability/beta
PASS exact: mixed_n6_h12_t8192/fp32_both/vshard4_p2/input_immutability/a_log
PASS exact: mixed_n6_h12_t8192/fp32_both/vshard4_p2/input_immutability/dt_bias
PASS exact: mixed_n6_h12_t8192/fp32_both/vshard4_p2/input_immutability/cu_seqlens
PASS exact: varlen_dispatch_confirmation/mixed_n6_h12_t8192/fp32_both/vshard2_p2_vs_baseline/output
PASS exact: varlen_dispatch_confirmation/mixed_n6_h12_t8192/fp32_both/vshard2_p2_vs_baseline/final_state
PASS exact: varlen_dispatch_confirmation/mixed_n6_h12_t8192/fp32_both/vshard4_p2_vs_baseline/output
PASS exact: varlen_dispatch_confirmation/mixed_n6_h12_t8192/fp32_both/vshard4_p2_vs_baseline/final_state
PASS exact: mixed_n6_h12_t8192/fp32_both/pinned_torch_ref/input_immutability/q
PASS exact: mixed_n6_h12_t8192/fp32_both/pinned_torch_ref/input_immutability/k
PASS exact: mixed_n6_h12_t8192/fp32_both/pinned_torch_ref/input_immutability/v
PASS exact: mixed_n6_h12_t8192/fp32_both/pinned_torch_ref/input_immutability/g
PASS exact: mixed_n6_h12_t8192/fp32_both/pinned_torch_ref/input_immutability/beta
PASS exact: mixed_n6_h12_t8192/fp32_both/pinned_torch_ref/input_immutability/a_log
PASS exact: mixed_n6_h12_t8192/fp32_both/pinned_torch_ref/input_immutability/dt_bias
PASS exact: mixed_n6_h12_t8192/fp32_both/pinned_torch_ref/input_immutability/cu_seqlens
PASS exact: varlen_dispatch_confirmation/mixed_n6_h12_t8192/fp32_both/baseline_vs_pinned_torch_ref/output
PASS exact: varlen_dispatch_confirmation/mixed_n6_h12_t8192/fp32_both/baseline_vs_pinned_torch_ref/final_state
PASS exact: mixed_n6_h12_t8192/fp32_both/baseline/tensor_contract/input_immutability/q
PASS exact: mixed_n6_h12_t8192/fp32_both/baseline/tensor_contract/input_immutability/k
PASS exact: mixed_n6_h12_t8192/fp32_both/baseline/tensor_contract/input_immutability/v
PASS exact: mixed_n6_h12_t8192/fp32_both/baseline/tensor_contract/input_immutability/g
PASS exact: mixed_n6_h12_t8192/fp32_both/baseline/tensor_contract/input_immutability/beta
PASS exact: mixed_n6_h12_t8192/fp32_both/baseline/tensor_contract/input_immutability/a_log
PASS exact: mixed_n6_h12_t8192/fp32_both/baseline/tensor_contract/input_immutability/dt_bias
PASS exact: mixed_n6_h12_t8192/fp32_both/baseline/tensor_contract/input_immutability/cu_seqlens
PASS exact: mixed_n6_h12_t8192/fp32_both/vshard2_p2/tensor_contract/input_immutability/q
PASS exact: mixed_n6_h12_t8192/fp32_both/vshard2_p2/tensor_contract/input_immutability/k
PASS exact: mixed_n6_h12_t8192/fp32_both/vshard2_p2/tensor_contract/input_immutability/v
PASS exact: mixed_n6_h12_t8192/fp32_both/vshard2_p2/tensor_contract/input_immutability/g
PASS exact: mixed_n6_h12_t8192/fp32_both/vshard2_p2/tensor_contract/input_immutability/beta
PASS exact: mixed_n6_h12_t8192/fp32_both/vshard2_p2/tensor_contract/input_immutability/a_log
PASS exact: mixed_n6_h12_t8192/fp32_both/vshard2_p2/tensor_contract/input_immutability/dt_bias
PASS exact: mixed_n6_h12_t8192/fp32_both/vshard2_p2/tensor_contract/input_immutability/cu_seqlens
PASS exact: mixed_n6_h12_t8192/fp32_both/vshard4_p2/tensor_contract/input_immutability/q
PASS exact: mixed_n6_h12_t8192/fp32_both/vshard4_p2/tensor_contract/input_immutability/k
PASS exact: mixed_n6_h12_t8192/fp32_both/vshard4_p2/tensor_contract/input_immutability/v
PASS exact: mixed_n6_h12_t8192/fp32_both/vshard4_p2/tensor_contract/input_immutability/g
PASS exact: mixed_n6_h12_t8192/fp32_both/vshard4_p2/tensor_contract/input_immutability/beta
PASS exact: mixed_n6_h12_t8192/fp32_both/vshard4_p2/tensor_contract/input_immutability/a_log
PASS exact: mixed_n6_h12_t8192/fp32_both/vshard4_p2/tensor_contract/input_immutability/dt_bias
PASS exact: mixed_n6_h12_t8192/fp32_both/vshard4_p2/tensor_contract/input_immutability/cu_seqlens
PASS exact: mixed_n6_h12_t8192/fp32_both/pinned_torch_ref/tensor_contract/input_immutability/q
PASS exact: mixed_n6_h12_t8192/fp32_both/pinned_torch_ref/tensor_contract/input_immutability/k
PASS exact: mixed_n6_h12_t8192/fp32_both/pinned_torch_ref/tensor_contract/input_immutability/v
PASS exact: mixed_n6_h12_t8192/fp32_both/pinned_torch_ref/tensor_contract/input_immutability/g
PASS exact: mixed_n6_h12_t8192/fp32_both/pinned_torch_ref/tensor_contract/input_immutability/beta
PASS exact: mixed_n6_h12_t8192/fp32_both/pinned_torch_ref/tensor_contract/input_immutability/a_log
PASS exact: mixed_n6_h12_t8192/fp32_both/pinned_torch_ref/tensor_contract/input_immutability/dt_bias
PASS exact: mixed_n6_h12_t8192/fp32_both/pinned_torch_ref/tensor_contract/input_immutability/cu_seqlens
PASS exact: mixed_n6_h12_t8192/fp32_final_only/baseline/input_immutability/q
PASS exact: mixed_n6_h12_t8192/fp32_final_only/baseline/input_immutability/k
PASS exact: mixed_n6_h12_t8192/fp32_final_only/baseline/input_immutability/v
PASS exact: mixed_n6_h12_t8192/fp32_final_only/baseline/input_immutability/g
PASS exact: mixed_n6_h12_t8192/fp32_final_only/baseline/input_immutability/beta
PASS exact: mixed_n6_h12_t8192/fp32_final_only/baseline/input_immutability/a_log
PASS exact: mixed_n6_h12_t8192/fp32_final_only/baseline/input_immutability/dt_bias
PASS exact: mixed_n6_h12_t8192/fp32_final_only/baseline/input_immutability/cu_seqlens
PASS exact: mixed_n6_h12_t8192/fp32_final_only/vshard2_p2/input_immutability/q
PASS exact: mixed_n6_h12_t8192/fp32_final_only/vshard2_p2/input_immutability/k
PASS exact: mixed_n6_h12_t8192/fp32_final_only/vshard2_p2/input_immutability/v
PASS exact: mixed_n6_h12_t8192/fp32_final_only/vshard2_p2/input_immutability/g
PASS exact: mixed_n6_h12_t8192/fp32_final_only/vshard2_p2/input_immutability/beta
PASS exact: mixed_n6_h12_t8192/fp32_final_only/vshard2_p2/input_immutability/a_log
PASS exact: mixed_n6_h12_t8192/fp32_final_only/vshard2_p2/input_immutability/dt_bias
PASS exact: mixed_n6_h12_t8192/fp32_final_only/vshard2_p2/input_immutability/cu_seqlens
PASS exact: mixed_n6_h12_t8192/fp32_final_only/vshard4_p2/input_immutability/q
PASS exact: mixed_n6_h12_t8192/fp32_final_only/vshard4_p2/input_immutability/k
PASS exact: mixed_n6_h12_t8192/fp32_final_only/vshard4_p2/input_immutability/v
PASS exact: mixed_n6_h12_t8192/fp32_final_only/vshard4_p2/input_immutability/g
PASS exact: mixed_n6_h12_t8192/fp32_final_only/vshard4_p2/input_immutability/beta
PASS exact: mixed_n6_h12_t8192/fp32_final_only/vshard4_p2/input_immutability/a_log
PASS exact: mixed_n6_h12_t8192/fp32_final_only/vshard4_p2/input_immutability/dt_bias
PASS exact: mixed_n6_h12_t8192/fp32_final_only/vshard4_p2/input_immutability/cu_seqlens
PASS exact: varlen_dispatch_confirmation/mixed_n6_h12_t8192/fp32_final_only/vshard2_p2_vs_baseline/output
PASS exact: varlen_dispatch_confirmation/mixed_n6_h12_t8192/fp32_final_only/vshard2_p2_vs_baseline/final_state
PASS exact: varlen_dispatch_confirmation/mixed_n6_h12_t8192/fp32_final_only/vshard4_p2_vs_baseline/output
PASS exact: varlen_dispatch_confirmation/mixed_n6_h12_t8192/fp32_final_only/vshard4_p2_vs_baseline/final_state
PASS exact: mixed_n6_h12_t8192/fp32_final_only/pinned_torch_ref/input_immutability/q
PASS exact: mixed_n6_h12_t8192/fp32_final_only/pinned_torch_ref/input_immutability/k
PASS exact: mixed_n6_h12_t8192/fp32_final_only/pinned_torch_ref/input_immutability/v
PASS exact: mixed_n6_h12_t8192/fp32_final_only/pinned_torch_ref/input_immutability/g
PASS exact: mixed_n6_h12_t8192/fp32_final_only/pinned_torch_ref/input_immutability/beta
PASS exact: mixed_n6_h12_t8192/fp32_final_only/pinned_torch_ref/input_immutability/a_log
PASS exact: mixed_n6_h12_t8192/fp32_final_only/pinned_torch_ref/input_immutability/dt_bias
PASS exact: mixed_n6_h12_t8192/fp32_final_only/pinned_torch_ref/input_immutability/cu_seqlens
PASS exact: varlen_dispatch_confirmation/mixed_n6_h12_t8192/fp32_final_only/baseline_vs_pinned_torch_ref/output
PASS exact: varlen_dispatch_confirmation/mixed_n6_h12_t8192/fp32_final_only/baseline_vs_pinned_torch_ref/final_state
PASS exact: mixed_n6_h12_t8192/fp32_final_only/baseline/tensor_contract/input_immutability/q
PASS exact: mixed_n6_h12_t8192/fp32_final_only/baseline/tensor_contract/input_immutability/k
PASS exact: mixed_n6_h12_t8192/fp32_final_only/baseline/tensor_contract/input_immutability/v
PASS exact: mixed_n6_h12_t8192/fp32_final_only/baseline/tensor_contract/input_immutability/g
PASS exact: mixed_n6_h12_t8192/fp32_final_only/baseline/tensor_contract/input_immutability/beta
PASS exact: mixed_n6_h12_t8192/fp32_final_only/baseline/tensor_contract/input_immutability/a_log
PASS exact: mixed_n6_h12_t8192/fp32_final_only/baseline/tensor_contract/input_immutability/dt_bias
PASS exact: mixed_n6_h12_t8192/fp32_final_only/baseline/tensor_contract/input_immutability/cu_seqlens
PASS exact: mixed_n6_h12_t8192/fp32_final_only/vshard2_p2/tensor_contract/input_immutability/q
PASS exact: mixed_n6_h12_t8192/fp32_final_only/vshard2_p2/tensor_contract/input_immutability/k
PASS exact: mixed_n6_h12_t8192/fp32_final_only/vshard2_p2/tensor_contract/input_immutability/v
PASS exact: mixed_n6_h12_t8192/fp32_final_only/vshard2_p2/tensor_contract/input_immutability/g
PASS exact: mixed_n6_h12_t8192/fp32_final_only/vshard2_p2/tensor_contract/input_immutability/beta
PASS exact: mixed_n6_h12_t8192/fp32_final_only/vshard2_p2/tensor_contract/input_immutability/a_log
PASS exact: mixed_n6_h12_t8192/fp32_final_only/vshard2_p2/tensor_contract/input_immutability/dt_bias
PASS exact: mixed_n6_h12_t8192/fp32_final_only/vshard2_p2/tensor_contract/input_immutability/cu_seqlens
PASS exact: mixed_n6_h12_t8192/fp32_final_only/vshard4_p2/tensor_contract/input_immutability/q
PASS exact: mixed_n6_h12_t8192/fp32_final_only/vshard4_p2/tensor_contract/input_immutability/k
PASS exact: mixed_n6_h12_t8192/fp32_final_only/vshard4_p2/tensor_contract/input_immutability/v
PASS exact: mixed_n6_h12_t8192/fp32_final_only/vshard4_p2/tensor_contract/input_immutability/g
PASS exact: mixed_n6_h12_t8192/fp32_final_only/vshard4_p2/tensor_contract/input_immutability/beta
PASS exact: mixed_n6_h12_t8192/fp32_final_only/vshard4_p2/tensor_contract/input_immutability/a_log
PASS exact: mixed_n6_h12_t8192/fp32_final_only/vshard4_p2/tensor_contract/input_immutability/dt_bias
PASS exact: mixed_n6_h12_t8192/fp32_final_only/vshard4_p2/tensor_contract/input_immutability/cu_seqlens
PASS exact: mixed_n6_h12_t8192/fp32_final_only/pinned_torch_ref/tensor_contract/input_immutability/q
PASS exact: mixed_n6_h12_t8192/fp32_final_only/pinned_torch_ref/tensor_contract/input_immutability/k
PASS exact: mixed_n6_h12_t8192/fp32_final_only/pinned_torch_ref/tensor_contract/input_immutability/v
PASS exact: mixed_n6_h12_t8192/fp32_final_only/pinned_torch_ref/tensor_contract/input_immutability/g
PASS exact: mixed_n6_h12_t8192/fp32_final_only/pinned_torch_ref/tensor_contract/input_immutability/beta
PASS exact: mixed_n6_h12_t8192/fp32_final_only/pinned_torch_ref/tensor_contract/input_immutability/a_log
PASS exact: mixed_n6_h12_t8192/fp32_final_only/pinned_torch_ref/tensor_contract/input_immutability/dt_bias
PASS exact: mixed_n6_h12_t8192/fp32_final_only/pinned_torch_ref/tensor_contract/input_immutability/cu_seqlens
PASS exact: skew_n6_h12_t12288/none/baseline/input_immutability/q
PASS exact: skew_n6_h12_t12288/none/baseline/input_immutability/k
PASS exact: skew_n6_h12_t12288/none/baseline/input_immutability/v
PASS exact: skew_n6_h12_t12288/none/baseline/input_immutability/g
PASS exact: skew_n6_h12_t12288/none/baseline/input_immutability/beta
PASS exact: skew_n6_h12_t12288/none/baseline/input_immutability/a_log
PASS exact: skew_n6_h12_t12288/none/baseline/input_immutability/dt_bias
PASS exact: skew_n6_h12_t12288/none/baseline/input_immutability/cu_seqlens
PASS exact: skew_n6_h12_t12288/none/vshard2_p2/input_immutability/q
PASS exact: skew_n6_h12_t12288/none/vshard2_p2/input_immutability/k
PASS exact: skew_n6_h12_t12288/none/vshard2_p2/input_immutability/v
PASS exact: skew_n6_h12_t12288/none/vshard2_p2/input_immutability/g
PASS exact: skew_n6_h12_t12288/none/vshard2_p2/input_immutability/beta
PASS exact: skew_n6_h12_t12288/none/vshard2_p2/input_immutability/a_log
PASS exact: skew_n6_h12_t12288/none/vshard2_p2/input_immutability/dt_bias
PASS exact: skew_n6_h12_t12288/none/vshard2_p2/input_immutability/cu_seqlens
PASS exact: skew_n6_h12_t12288/none/vshard4_p2/input_immutability/q
PASS exact: skew_n6_h12_t12288/none/vshard4_p2/input_immutability/k
PASS exact: skew_n6_h12_t12288/none/vshard4_p2/input_immutability/v
PASS exact: skew_n6_h12_t12288/none/vshard4_p2/input_immutability/g
PASS exact: skew_n6_h12_t12288/none/vshard4_p2/input_immutability/beta
PASS exact: skew_n6_h12_t12288/none/vshard4_p2/input_immutability/a_log
PASS exact: skew_n6_h12_t12288/none/vshard4_p2/input_immutability/dt_bias
PASS exact: skew_n6_h12_t12288/none/vshard4_p2/input_immutability/cu_seqlens
PASS exact: varlen_dispatch_confirmation/skew_n6_h12_t12288/none/vshard2_p2_vs_baseline/output
PASS exact: varlen_dispatch_confirmation/skew_n6_h12_t12288/none/vshard4_p2_vs_baseline/output
PASS exact: skew_n6_h12_t12288/none/pinned_torch_ref/input_immutability/q
PASS exact: skew_n6_h12_t12288/none/pinned_torch_ref/input_immutability/k
PASS exact: skew_n6_h12_t12288/none/pinned_torch_ref/input_immutability/v
PASS exact: skew_n6_h12_t12288/none/pinned_torch_ref/input_immutability/g
PASS exact: skew_n6_h12_t12288/none/pinned_torch_ref/input_immutability/beta
PASS exact: skew_n6_h12_t12288/none/pinned_torch_ref/input_immutability/a_log
PASS exact: skew_n6_h12_t12288/none/pinned_torch_ref/input_immutability/dt_bias
PASS exact: skew_n6_h12_t12288/none/pinned_torch_ref/input_immutability/cu_seqlens
PASS exact: varlen_dispatch_confirmation/skew_n6_h12_t12288/none/baseline_vs_pinned_torch_ref/output
PASS exact: skew_n6_h12_t12288/none/baseline/tensor_contract/input_immutability/q
PASS exact: skew_n6_h12_t12288/none/baseline/tensor_contract/input_immutability/k
PASS exact: skew_n6_h12_t12288/none/baseline/tensor_contract/input_immutability/v
PASS exact: skew_n6_h12_t12288/none/baseline/tensor_contract/input_immutability/g
PASS exact: skew_n6_h12_t12288/none/baseline/tensor_contract/input_immutability/beta
PASS exact: skew_n6_h12_t12288/none/baseline/tensor_contract/input_immutability/a_log
PASS exact: skew_n6_h12_t12288/none/baseline/tensor_contract/input_immutability/dt_bias
PASS exact: skew_n6_h12_t12288/none/baseline/tensor_contract/input_immutability/cu_seqlens
PASS exact: skew_n6_h12_t12288/none/vshard2_p2/tensor_contract/input_immutability/q
PASS exact: skew_n6_h12_t12288/none/vshard2_p2/tensor_contract/input_immutability/k
PASS exact: skew_n6_h12_t12288/none/vshard2_p2/tensor_contract/input_immutability/v
PASS exact: skew_n6_h12_t12288/none/vshard2_p2/tensor_contract/input_immutability/g
PASS exact: skew_n6_h12_t12288/none/vshard2_p2/tensor_contract/input_immutability/beta
PASS exact: skew_n6_h12_t12288/none/vshard2_p2/tensor_contract/input_immutability/a_log
PASS exact: skew_n6_h12_t12288/none/vshard2_p2/tensor_contract/input_immutability/dt_bias
PASS exact: skew_n6_h12_t12288/none/vshard2_p2/tensor_contract/input_immutability/cu_seqlens
PASS exact: skew_n6_h12_t12288/none/vshard4_p2/tensor_contract/input_immutability/q
PASS exact: skew_n6_h12_t12288/none/vshard4_p2/tensor_contract/input_immutability/k
PASS exact: skew_n6_h12_t12288/none/vshard4_p2/tensor_contract/input_immutability/v
PASS exact: skew_n6_h12_t12288/none/vshard4_p2/tensor_contract/input_immutability/g
PASS exact: skew_n6_h12_t12288/none/vshard4_p2/tensor_contract/input_immutability/beta
PASS exact: skew_n6_h12_t12288/none/vshard4_p2/tensor_contract/input_immutability/a_log
PASS exact: skew_n6_h12_t12288/none/vshard4_p2/tensor_contract/input_immutability/dt_bias
PASS exact: skew_n6_h12_t12288/none/vshard4_p2/tensor_contract/input_immutability/cu_seqlens
PASS exact: skew_n6_h12_t12288/none/pinned_torch_ref/tensor_contract/input_immutability/q
PASS exact: skew_n6_h12_t12288/none/pinned_torch_ref/tensor_contract/input_immutability/k
PASS exact: skew_n6_h12_t12288/none/pinned_torch_ref/tensor_contract/input_immutability/v
PASS exact: skew_n6_h12_t12288/none/pinned_torch_ref/tensor_contract/input_immutability/g
PASS exact: skew_n6_h12_t12288/none/pinned_torch_ref/tensor_contract/input_immutability/beta
PASS exact: skew_n6_h12_t12288/none/pinned_torch_ref/tensor_contract/input_immutability/a_log
PASS exact: skew_n6_h12_t12288/none/pinned_torch_ref/tensor_contract/input_immutability/dt_bias
PASS exact: skew_n6_h12_t12288/none/pinned_torch_ref/tensor_contract/input_immutability/cu_seqlens
PASS exact: skew_n6_h12_t12288/bf16_both/baseline/input_immutability/q
PASS exact: skew_n6_h12_t12288/bf16_both/baseline/input_immutability/k
PASS exact: skew_n6_h12_t12288/bf16_both/baseline/input_immutability/v
PASS exact: skew_n6_h12_t12288/bf16_both/baseline/input_immutability/g
PASS exact: skew_n6_h12_t12288/bf16_both/baseline/input_immutability/beta
PASS exact: skew_n6_h12_t12288/bf16_both/baseline/input_immutability/a_log
PASS exact: skew_n6_h12_t12288/bf16_both/baseline/input_immutability/dt_bias
PASS exact: skew_n6_h12_t12288/bf16_both/baseline/input_immutability/cu_seqlens
PASS exact: skew_n6_h12_t12288/bf16_both/vshard2_p2/input_immutability/q
PASS exact: skew_n6_h12_t12288/bf16_both/vshard2_p2/input_immutability/k
PASS exact: skew_n6_h12_t12288/bf16_both/vshard2_p2/input_immutability/v
PASS exact: skew_n6_h12_t12288/bf16_both/vshard2_p2/input_immutability/g
PASS exact: skew_n6_h12_t12288/bf16_both/vshard2_p2/input_immutability/beta
PASS exact: skew_n6_h12_t12288/bf16_both/vshard2_p2/input_immutability/a_log
PASS exact: skew_n6_h12_t12288/bf16_both/vshard2_p2/input_immutability/dt_bias
PASS exact: skew_n6_h12_t12288/bf16_both/vshard2_p2/input_immutability/cu_seqlens
PASS exact: skew_n6_h12_t12288/bf16_both/vshard4_p2/input_immutability/q
PASS exact: skew_n6_h12_t12288/bf16_both/vshard4_p2/input_immutability/k
PASS exact: skew_n6_h12_t12288/bf16_both/vshard4_p2/input_immutability/v
PASS exact: skew_n6_h12_t12288/bf16_both/vshard4_p2/input_immutability/g
PASS exact: skew_n6_h12_t12288/bf16_both/vshard4_p2/input_immutability/beta
PASS exact: skew_n6_h12_t12288/bf16_both/vshard4_p2/input_immutability/a_log
PASS exact: skew_n6_h12_t12288/bf16_both/vshard4_p2/input_immutability/dt_bias
PASS exact: skew_n6_h12_t12288/bf16_both/vshard4_p2/input_immutability/cu_seqlens
PASS exact: varlen_dispatch_confirmation/skew_n6_h12_t12288/bf16_both/vshard2_p2_vs_baseline/output
PASS exact: varlen_dispatch_confirmation/skew_n6_h12_t12288/bf16_both/vshard2_p2_vs_baseline/final_state
PASS exact: varlen_dispatch_confirmation/skew_n6_h12_t12288/bf16_both/vshard4_p2_vs_baseline/output
PASS exact: varlen_dispatch_confirmation/skew_n6_h12_t12288/bf16_both/vshard4_p2_vs_baseline/final_state
PASS exact: skew_n6_h12_t12288/bf16_both/baseline/tensor_contract/input_immutability/q
PASS exact: skew_n6_h12_t12288/bf16_both/baseline/tensor_contract/input_immutability/k
PASS exact: skew_n6_h12_t12288/bf16_both/baseline/tensor_contract/input_immutability/v
PASS exact: skew_n6_h12_t12288/bf16_both/baseline/tensor_contract/input_immutability/g
PASS exact: skew_n6_h12_t12288/bf16_both/baseline/tensor_contract/input_immutability/beta
PASS exact: skew_n6_h12_t12288/bf16_both/baseline/tensor_contract/input_immutability/a_log
PASS exact: skew_n6_h12_t12288/bf16_both/baseline/tensor_contract/input_immutability/dt_bias
PASS exact: skew_n6_h12_t12288/bf16_both/baseline/tensor_contract/input_immutability/cu_seqlens
PASS exact: skew_n6_h12_t12288/bf16_both/vshard2_p2/tensor_contract/input_immutability/q
PASS exact: skew_n6_h12_t12288/bf16_both/vshard2_p2/tensor_contract/input_immutability/k
PASS exact: skew_n6_h12_t12288/bf16_both/vshard2_p2/tensor_contract/input_immutability/v
PASS exact: skew_n6_h12_t12288/bf16_both/vshard2_p2/tensor_contract/input_immutability/g
PASS exact: skew_n6_h12_t12288/bf16_both/vshard2_p2/tensor_contract/input_immutability/beta
PASS exact: skew_n6_h12_t12288/bf16_both/vshard2_p2/tensor_contract/input_immutability/a_log
PASS exact: skew_n6_h12_t12288/bf16_both/vshard2_p2/tensor_contract/input_immutability/dt_bias
PASS exact: skew_n6_h12_t12288/bf16_both/vshard2_p2/tensor_contract/input_immutability/cu_seqlens
PASS exact: skew_n6_h12_t12288/bf16_both/vshard4_p2/tensor_contract/input_immutability/q
PASS exact: skew_n6_h12_t12288/bf16_both/vshard4_p2/tensor_contract/input_immutability/k
PASS exact: skew_n6_h12_t12288/bf16_both/vshard4_p2/tensor_contract/input_immutability/v
PASS exact: skew_n6_h12_t12288/bf16_both/vshard4_p2/tensor_contract/input_immutability/g
PASS exact: skew_n6_h12_t12288/bf16_both/vshard4_p2/tensor_contract/input_immutability/beta
PASS exact: skew_n6_h12_t12288/bf16_both/vshard4_p2/tensor_contract/input_immutability/a_log
PASS exact: skew_n6_h12_t12288/bf16_both/vshard4_p2/tensor_contract/input_immutability/dt_bias
PASS exact: skew_n6_h12_t12288/bf16_both/vshard4_p2/tensor_contract/input_immutability/cu_seqlens
PASS exact: skew_n6_h12_t12288/fp32_both/baseline/input_immutability/q
PASS exact: skew_n6_h12_t12288/fp32_both/baseline/input_immutability/k
PASS exact: skew_n6_h12_t12288/fp32_both/baseline/input_immutability/v
PASS exact: skew_n6_h12_t12288/fp32_both/baseline/input_immutability/g
PASS exact: skew_n6_h12_t12288/fp32_both/baseline/input_immutability/beta
PASS exact: skew_n6_h12_t12288/fp32_both/baseline/input_immutability/a_log
PASS exact: skew_n6_h12_t12288/fp32_both/baseline/input_immutability/dt_bias
PASS exact: skew_n6_h12_t12288/fp32_both/baseline/input_immutability/cu_seqlens
PASS exact: skew_n6_h12_t12288/fp32_both/vshard2_p2/input_immutability/q
PASS exact: skew_n6_h12_t12288/fp32_both/vshard2_p2/input_immutability/k
PASS exact: skew_n6_h12_t12288/fp32_both/vshard2_p2/input_immutability/v
PASS exact: skew_n6_h12_t12288/fp32_both/vshard2_p2/input_immutability/g
PASS exact: skew_n6_h12_t12288/fp32_both/vshard2_p2/input_immutability/beta
PASS exact: skew_n6_h12_t12288/fp32_both/vshard2_p2/input_immutability/a_log
PASS exact: skew_n6_h12_t12288/fp32_both/vshard2_p2/input_immutability/dt_bias
PASS exact: skew_n6_h12_t12288/fp32_both/vshard2_p2/input_immutability/cu_seqlens
PASS exact: skew_n6_h12_t12288/fp32_both/vshard4_p2/input_immutability/q
PASS exact: skew_n6_h12_t12288/fp32_both/vshard4_p2/input_immutability/k
PASS exact: skew_n6_h12_t12288/fp32_both/vshard4_p2/input_immutability/v
PASS exact: skew_n6_h12_t12288/fp32_both/vshard4_p2/input_immutability/g
PASS exact: skew_n6_h12_t12288/fp32_both/vshard4_p2/input_immutability/beta
PASS exact: skew_n6_h12_t12288/fp32_both/vshard4_p2/input_immutability/a_log
PASS exact: skew_n6_h12_t12288/fp32_both/vshard4_p2/input_immutability/dt_bias
PASS exact: skew_n6_h12_t12288/fp32_both/vshard4_p2/input_immutability/cu_seqlens
PASS exact: varlen_dispatch_confirmation/skew_n6_h12_t12288/fp32_both/vshard2_p2_vs_baseline/output
PASS exact: varlen_dispatch_confirmation/skew_n6_h12_t12288/fp32_both/vshard2_p2_vs_baseline/final_state
PASS exact: varlen_dispatch_confirmation/skew_n6_h12_t12288/fp32_both/vshard4_p2_vs_baseline/output
PASS exact: varlen_dispatch_confirmation/skew_n6_h12_t12288/fp32_both/vshard4_p2_vs_baseline/final_state
PASS exact: skew_n6_h12_t12288/fp32_both/pinned_torch_ref/input_immutability/q
PASS exact: skew_n6_h12_t12288/fp32_both/pinned_torch_ref/input_immutability/k
PASS exact: skew_n6_h12_t12288/fp32_both/pinned_torch_ref/input_immutability/v
PASS exact: skew_n6_h12_t12288/fp32_both/pinned_torch_ref/input_immutability/g
PASS exact: skew_n6_h12_t12288/fp32_both/pinned_torch_ref/input_immutability/beta
PASS exact: skew_n6_h12_t12288/fp32_both/pinned_torch_ref/input_immutability/a_log
PASS exact: skew_n6_h12_t12288/fp32_both/pinned_torch_ref/input_immutability/dt_bias
PASS exact: skew_n6_h12_t12288/fp32_both/pinned_torch_ref/input_immutability/cu_seqlens
PASS exact: varlen_dispatch_confirmation/skew_n6_h12_t12288/fp32_both/baseline_vs_pinned_torch_ref/output
PASS exact: varlen_dispatch_confirmation/skew_n6_h12_t12288/fp32_both/baseline_vs_pinned_torch_ref/final_state
PASS exact: skew_n6_h12_t12288/fp32_both/baseline/tensor_contract/input_immutability/q
PASS exact: skew_n6_h12_t12288/fp32_both/baseline/tensor_contract/input_immutability/k
PASS exact: skew_n6_h12_t12288/fp32_both/baseline/tensor_contract/input_immutability/v
PASS exact: skew_n6_h12_t12288/fp32_both/baseline/tensor_contract/input_immutability/g
PASS exact: skew_n6_h12_t12288/fp32_both/baseline/tensor_contract/input_immutability/beta
PASS exact: skew_n6_h12_t12288/fp32_both/baseline/tensor_contract/input_immutability/a_log
PASS exact: skew_n6_h12_t12288/fp32_both/baseline/tensor_contract/input_immutability/dt_bias
PASS exact: skew_n6_h12_t12288/fp32_both/baseline/tensor_contract/input_immutability/cu_seqlens
PASS exact: skew_n6_h12_t12288/fp32_both/vshard2_p2/tensor_contract/input_immutability/q
PASS exact: skew_n6_h12_t12288/fp32_both/vshard2_p2/tensor_contract/input_immutability/k
PASS exact: skew_n6_h12_t12288/fp32_both/vshard2_p2/tensor_contract/input_immutability/v
PASS exact: skew_n6_h12_t12288/fp32_both/vshard2_p2/tensor_contract/input_immutability/g
PASS exact: skew_n6_h12_t12288/fp32_both/vshard2_p2/tensor_contract/input_immutability/beta
PASS exact: skew_n6_h12_t12288/fp32_both/vshard2_p2/tensor_contract/input_immutability/a_log
PASS exact: skew_n6_h12_t12288/fp32_both/vshard2_p2/tensor_contract/input_immutability/dt_bias
PASS exact: skew_n6_h12_t12288/fp32_both/vshard2_p2/tensor_contract/input_immutability/cu_seqlens
PASS exact: skew_n6_h12_t12288/fp32_both/vshard4_p2/tensor_contract/input_immutability/q
PASS exact: skew_n6_h12_t12288/fp32_both/vshard4_p2/tensor_contract/input_immutability/k
PASS exact: skew_n6_h12_t12288/fp32_both/vshard4_p2/tensor_contract/input_immutability/v
PASS exact: skew_n6_h12_t12288/fp32_both/vshard4_p2/tensor_contract/input_immutability/g
PASS exact: skew_n6_h12_t12288/fp32_both/vshard4_p2/tensor_contract/input_immutability/beta
PASS exact: skew_n6_h12_t12288/fp32_both/vshard4_p2/tensor_contract/input_immutability/a_log
PASS exact: skew_n6_h12_t12288/fp32_both/vshard4_p2/tensor_contract/input_immutability/dt_bias
PASS exact: skew_n6_h12_t12288/fp32_both/vshard4_p2/tensor_contract/input_immutability/cu_seqlens
PASS exact: skew_n6_h12_t12288/fp32_both/pinned_torch_ref/tensor_contract/input_immutability/q
PASS exact: skew_n6_h12_t12288/fp32_both/pinned_torch_ref/tensor_contract/input_immutability/k
PASS exact: skew_n6_h12_t12288/fp32_both/pinned_torch_ref/tensor_contract/input_immutability/v
PASS exact: skew_n6_h12_t12288/fp32_both/pinned_torch_ref/tensor_contract/input_immutability/g
PASS exact: skew_n6_h12_t12288/fp32_both/pinned_torch_ref/tensor_contract/input_immutability/beta
PASS exact: skew_n6_h12_t12288/fp32_both/pinned_torch_ref/tensor_contract/input_immutability/a_log
PASS exact: skew_n6_h12_t12288/fp32_both/pinned_torch_ref/tensor_contract/input_immutability/dt_bias
PASS exact: skew_n6_h12_t12288/fp32_both/pinned_torch_ref/tensor_contract/input_immutability/cu_seqlens
PASS exact: skew_n6_h12_t12288/fp32_final_only/baseline/input_immutability/q
PASS exact: skew_n6_h12_t12288/fp32_final_only/baseline/input_immutability/k
PASS exact: skew_n6_h12_t12288/fp32_final_only/baseline/input_immutability/v
PASS exact: skew_n6_h12_t12288/fp32_final_only/baseline/input_immutability/g
PASS exact: skew_n6_h12_t12288/fp32_final_only/baseline/input_immutability/beta
PASS exact: skew_n6_h12_t12288/fp32_final_only/baseline/input_immutability/a_log
PASS exact: skew_n6_h12_t12288/fp32_final_only/baseline/input_immutability/dt_bias
PASS exact: skew_n6_h12_t12288/fp32_final_only/baseline/input_immutability/cu_seqlens
PASS exact: skew_n6_h12_t12288/fp32_final_only/vshard2_p2/input_immutability/q
PASS exact: skew_n6_h12_t12288/fp32_final_only/vshard2_p2/input_immutability/k
PASS exact: skew_n6_h12_t12288/fp32_final_only/vshard2_p2/input_immutability/v
PASS exact: skew_n6_h12_t12288/fp32_final_only/vshard2_p2/input_immutability/g
PASS exact: skew_n6_h12_t12288/fp32_final_only/vshard2_p2/input_immutability/beta
PASS exact: skew_n6_h12_t12288/fp32_final_only/vshard2_p2/input_immutability/a_log
PASS exact: skew_n6_h12_t12288/fp32_final_only/vshard2_p2/input_immutability/dt_bias
PASS exact: skew_n6_h12_t12288/fp32_final_only/vshard2_p2/input_immutability/cu_seqlens
PASS exact: skew_n6_h12_t12288/fp32_final_only/vshard4_p2/input_immutability/q
PASS exact: skew_n6_h12_t12288/fp32_final_only/vshard4_p2/input_immutability/k
PASS exact: skew_n6_h12_t12288/fp32_final_only/vshard4_p2/input_immutability/v
PASS exact: skew_n6_h12_t12288/fp32_final_only/vshard4_p2/input_immutability/g
PASS exact: skew_n6_h12_t12288/fp32_final_only/vshard4_p2/input_immutability/beta
PASS exact: skew_n6_h12_t12288/fp32_final_only/vshard4_p2/input_immutability/a_log
PASS exact: skew_n6_h12_t12288/fp32_final_only/vshard4_p2/input_immutability/dt_bias
PASS exact: skew_n6_h12_t12288/fp32_final_only/vshard4_p2/input_immutability/cu_seqlens
PASS exact: varlen_dispatch_confirmation/skew_n6_h12_t12288/fp32_final_only/vshard2_p2_vs_baseline/output
PASS exact: varlen_dispatch_confirmation/skew_n6_h12_t12288/fp32_final_only/vshard2_p2_vs_baseline/final_state
PASS exact: varlen_dispatch_confirmation/skew_n6_h12_t12288/fp32_final_only/vshard4_p2_vs_baseline/output
PASS exact: varlen_dispatch_confirmation/skew_n6_h12_t12288/fp32_final_only/vshard4_p2_vs_baseline/final_state
PASS exact: skew_n6_h12_t12288/fp32_final_only/pinned_torch_ref/input_immutability/q
PASS exact: skew_n6_h12_t12288/fp32_final_only/pinned_torch_ref/input_immutability/k
PASS exact: skew_n6_h12_t12288/fp32_final_only/pinned_torch_ref/input_immutability/v
PASS exact: skew_n6_h12_t12288/fp32_final_only/pinned_torch_ref/input_immutability/g
PASS exact: skew_n6_h12_t12288/fp32_final_only/pinned_torch_ref/input_immutability/beta
PASS exact: skew_n6_h12_t12288/fp32_final_only/pinned_torch_ref/input_immutability/a_log
PASS exact: skew_n6_h12_t12288/fp32_final_only/pinned_torch_ref/input_immutability/dt_bias
PASS exact: skew_n6_h12_t12288/fp32_final_only/pinned_torch_ref/input_immutability/cu_seqlens
PASS exact: varlen_dispatch_confirmation/skew_n6_h12_t12288/fp32_final_only/baseline_vs_pinned_torch_ref/output
PASS exact: varlen_dispatch_confirmation/skew_n6_h12_t12288/fp32_final_only/baseline_vs_pinned_torch_ref/final_state
PASS exact: skew_n6_h12_t12288/fp32_final_only/baseline/tensor_contract/input_immutability/q
PASS exact: skew_n6_h12_t12288/fp32_final_only/baseline/tensor_contract/input_immutability/k
PASS exact: skew_n6_h12_t12288/fp32_final_only/baseline/tensor_contract/input_immutability/v
PASS exact: skew_n6_h12_t12288/fp32_final_only/baseline/tensor_contract/input_immutability/g
PASS exact: skew_n6_h12_t12288/fp32_final_only/baseline/tensor_contract/input_immutability/beta
PASS exact: skew_n6_h12_t12288/fp32_final_only/baseline/tensor_contract/input_immutability/a_log
PASS exact: skew_n6_h12_t12288/fp32_final_only/baseline/tensor_contract/input_immutability/dt_bias
PASS exact: skew_n6_h12_t12288/fp32_final_only/baseline/tensor_contract/input_immutability/cu_seqlens
PASS exact: skew_n6_h12_t12288/fp32_final_only/vshard2_p2/tensor_contract/input_immutability/q
PASS exact: skew_n6_h12_t12288/fp32_final_only/vshard2_p2/tensor_contract/input_immutability/k
PASS exact: skew_n6_h12_t12288/fp32_final_only/vshard2_p2/tensor_contract/input_immutability/v
PASS exact: skew_n6_h12_t12288/fp32_final_only/vshard2_p2/tensor_contract/input_immutability/g
PASS exact: skew_n6_h12_t12288/fp32_final_only/vshard2_p2/tensor_contract/input_immutability/beta
PASS exact: skew_n6_h12_t12288/fp32_final_only/vshard2_p2/tensor_contract/input_immutability/a_log
PASS exact: skew_n6_h12_t12288/fp32_final_only/vshard2_p2/tensor_contract/input_immutability/dt_bias
PASS exact: skew_n6_h12_t12288/fp32_final_only/vshard2_p2/tensor_contract/input_immutability/cu_seqlens
PASS exact: skew_n6_h12_t12288/fp32_final_only/vshard4_p2/tensor_contract/input_immutability/q
PASS exact: skew_n6_h12_t12288/fp32_final_only/vshard4_p2/tensor_contract/input_immutability/k
PASS exact: skew_n6_h12_t12288/fp32_final_only/vshard4_p2/tensor_contract/input_immutability/v
PASS exact: skew_n6_h12_t12288/fp32_final_only/vshard4_p2/tensor_contract/input_immutability/g
PASS exact: skew_n6_h12_t12288/fp32_final_only/vshard4_p2/tensor_contract/input_immutability/beta
PASS exact: skew_n6_h12_t12288/fp32_final_only/vshard4_p2/tensor_contract/input_immutability/a_log
PASS exact: skew_n6_h12_t12288/fp32_final_only/vshard4_p2/tensor_contract/input_immutability/dt_bias
PASS exact: skew_n6_h12_t12288/fp32_final_only/vshard4_p2/tensor_contract/input_immutability/cu_seqlens
PASS exact: skew_n6_h12_t12288/fp32_final_only/pinned_torch_ref/tensor_contract/input_immutability/q
PASS exact: skew_n6_h12_t12288/fp32_final_only/pinned_torch_ref/tensor_contract/input_immutability/k
PASS exact: skew_n6_h12_t12288/fp32_final_only/pinned_torch_ref/tensor_contract/input_immutability/v
PASS exact: skew_n6_h12_t12288/fp32_final_only/pinned_torch_ref/tensor_contract/input_immutability/g
PASS exact: skew_n6_h12_t12288/fp32_final_only/pinned_torch_ref/tensor_contract/input_immutability/beta
PASS exact: skew_n6_h12_t12288/fp32_final_only/pinned_torch_ref/tensor_contract/input_immutability/a_log
PASS exact: skew_n6_h12_t12288/fp32_final_only/pinned_torch_ref/tensor_contract/input_immutability/dt_bias
PASS exact: skew_n6_h12_t12288/fp32_final_only/pinned_torch_ref/tensor_contract/input_immutability/cu_seqlens
PASS exact: release/equal_n2_h12_t2048/none/repeat0/input_immutability/q
PASS exact: release/equal_n2_h12_t2048/none/repeat0/input_immutability/k
PASS exact: release/equal_n2_h12_t2048/none/repeat0/input_immutability/v
PASS exact: release/equal_n2_h12_t2048/none/repeat0/input_immutability/g
PASS exact: release/equal_n2_h12_t2048/none/repeat0/input_immutability/beta
PASS exact: release/equal_n2_h12_t2048/none/repeat0/input_immutability/a_log
PASS exact: release/equal_n2_h12_t2048/none/repeat0/input_immutability/dt_bias
PASS exact: release/equal_n2_h12_t2048/none/repeat0/input_immutability/cu_seqlens
PASS exact: release/equal_n2_h12_t2048/none/repeat1/input_immutability/q
PASS exact: release/equal_n2_h12_t2048/none/repeat1/input_immutability/k
PASS exact: release/equal_n2_h12_t2048/none/repeat1/input_immutability/v
PASS exact: release/equal_n2_h12_t2048/none/repeat1/input_immutability/g
PASS exact: release/equal_n2_h12_t2048/none/repeat1/input_immutability/beta
PASS exact: release/equal_n2_h12_t2048/none/repeat1/input_immutability/a_log
PASS exact: release/equal_n2_h12_t2048/none/repeat1/input_immutability/dt_bias
PASS exact: release/equal_n2_h12_t2048/none/repeat1/input_immutability/cu_seqlens
PASS exact: release/equal_n2_h12_t2048/fp32_final_only/repeat0/input_immutability/q
PASS exact: release/equal_n2_h12_t2048/fp32_final_only/repeat0/input_immutability/k
PASS exact: release/equal_n2_h12_t2048/fp32_final_only/repeat0/input_immutability/v
PASS exact: release/equal_n2_h12_t2048/fp32_final_only/repeat0/input_immutability/g
PASS exact: release/equal_n2_h12_t2048/fp32_final_only/repeat0/input_immutability/beta
PASS exact: release/equal_n2_h12_t2048/fp32_final_only/repeat0/input_immutability/a_log
PASS exact: release/equal_n2_h12_t2048/fp32_final_only/repeat0/input_immutability/dt_bias
PASS exact: release/equal_n2_h12_t2048/fp32_final_only/repeat0/input_immutability/cu_seqlens
PASS exact: release/equal_n2_h12_t2048/fp32_final_only/repeat1/input_immutability/q
PASS exact: release/equal_n2_h12_t2048/fp32_final_only/repeat1/input_immutability/k
PASS exact: release/equal_n2_h12_t2048/fp32_final_only/repeat1/input_immutability/v
PASS exact: release/equal_n2_h12_t2048/fp32_final_only/repeat1/input_immutability/g
PASS exact: release/equal_n2_h12_t2048/fp32_final_only/repeat1/input_immutability/beta
PASS exact: release/equal_n2_h12_t2048/fp32_final_only/repeat1/input_immutability/a_log
PASS exact: release/equal_n2_h12_t2048/fp32_final_only/repeat1/input_immutability/dt_bias
PASS exact: release/equal_n2_h12_t2048/fp32_final_only/repeat1/input_immutability/cu_seqlens
PASS exact: release/equal_n2_h12_t2048/fp32_both/repeat0/input_immutability/q
PASS exact: release/equal_n2_h12_t2048/fp32_both/repeat0/input_immutability/k
PASS exact: release/equal_n2_h12_t2048/fp32_both/repeat0/input_immutability/v
PASS exact: release/equal_n2_h12_t2048/fp32_both/repeat0/input_immutability/g
PASS exact: release/equal_n2_h12_t2048/fp32_both/repeat0/input_immutability/beta
PASS exact: release/equal_n2_h12_t2048/fp32_both/repeat0/input_immutability/a_log
PASS exact: release/equal_n2_h12_t2048/fp32_both/repeat0/input_immutability/dt_bias
PASS exact: release/equal_n2_h12_t2048/fp32_both/repeat0/input_immutability/cu_seqlens
PASS exact: release/equal_n2_h12_t2048/fp32_both/repeat1/input_immutability/q
PASS exact: release/equal_n2_h12_t2048/fp32_both/repeat1/input_immutability/k
PASS exact: release/equal_n2_h12_t2048/fp32_both/repeat1/input_immutability/v
PASS exact: release/equal_n2_h12_t2048/fp32_both/repeat1/input_immutability/g
PASS exact: release/equal_n2_h12_t2048/fp32_both/repeat1/input_immutability/beta
PASS exact: release/equal_n2_h12_t2048/fp32_both/repeat1/input_immutability/a_log
PASS exact: release/equal_n2_h12_t2048/fp32_both/repeat1/input_immutability/dt_bias
PASS exact: release/equal_n2_h12_t2048/fp32_both/repeat1/input_immutability/cu_seqlens
PASS exact: release/equal_n4_h12_t2048/none/repeat0/input_immutability/q
PASS exact: release/equal_n4_h12_t2048/none/repeat0/input_immutability/k
PASS exact: release/equal_n4_h12_t2048/none/repeat0/input_immutability/v
PASS exact: release/equal_n4_h12_t2048/none/repeat0/input_immutability/g
PASS exact: release/equal_n4_h12_t2048/none/repeat0/input_immutability/beta
PASS exact: release/equal_n4_h12_t2048/none/repeat0/input_immutability/a_log
PASS exact: release/equal_n4_h12_t2048/none/repeat0/input_immutability/dt_bias
PASS exact: release/equal_n4_h12_t2048/none/repeat0/input_immutability/cu_seqlens
PASS exact: release/equal_n4_h12_t2048/none/repeat1/input_immutability/q
PASS exact: release/equal_n4_h12_t2048/none/repeat1/input_immutability/k
PASS exact: release/equal_n4_h12_t2048/none/repeat1/input_immutability/v
PASS exact: release/equal_n4_h12_t2048/none/repeat1/input_immutability/g
PASS exact: release/equal_n4_h12_t2048/none/repeat1/input_immutability/beta
PASS exact: release/equal_n4_h12_t2048/none/repeat1/input_immutability/a_log
PASS exact: release/equal_n4_h12_t2048/none/repeat1/input_immutability/dt_bias
PASS exact: release/equal_n4_h12_t2048/none/repeat1/input_immutability/cu_seqlens
PASS exact: release/equal_n4_h12_t2048/fp32_final_only/repeat0/input_immutability/q
PASS exact: release/equal_n4_h12_t2048/fp32_final_only/repeat0/input_immutability/k
PASS exact: release/equal_n4_h12_t2048/fp32_final_only/repeat0/input_immutability/v
PASS exact: release/equal_n4_h12_t2048/fp32_final_only/repeat0/input_immutability/g
PASS exact: release/equal_n4_h12_t2048/fp32_final_only/repeat0/input_immutability/beta
PASS exact: release/equal_n4_h12_t2048/fp32_final_only/repeat0/input_immutability/a_log
PASS exact: release/equal_n4_h12_t2048/fp32_final_only/repeat0/input_immutability/dt_bias
PASS exact: release/equal_n4_h12_t2048/fp32_final_only/repeat0/input_immutability/cu_seqlens
PASS exact: release/equal_n4_h12_t2048/fp32_final_only/repeat1/input_immutability/q
PASS exact: release/equal_n4_h12_t2048/fp32_final_only/repeat1/input_immutability/k
PASS exact: release/equal_n4_h12_t2048/fp32_final_only/repeat1/input_immutability/v
PASS exact: release/equal_n4_h12_t2048/fp32_final_only/repeat1/input_immutability/g
PASS exact: release/equal_n4_h12_t2048/fp32_final_only/repeat1/input_immutability/beta
PASS exact: release/equal_n4_h12_t2048/fp32_final_only/repeat1/input_immutability/a_log
PASS exact: release/equal_n4_h12_t2048/fp32_final_only/repeat1/input_immutability/dt_bias
PASS exact: release/equal_n4_h12_t2048/fp32_final_only/repeat1/input_immutability/cu_seqlens
PASS exact: release/equal_n4_h12_t2048/fp32_both/repeat0/input_immutability/q
PASS exact: release/equal_n4_h12_t2048/fp32_both/repeat0/input_immutability/k
PASS exact: release/equal_n4_h12_t2048/fp32_both/repeat0/input_immutability/v
PASS exact: release/equal_n4_h12_t2048/fp32_both/repeat0/input_immutability/g
PASS exact: release/equal_n4_h12_t2048/fp32_both/repeat0/input_immutability/beta
PASS exact: release/equal_n4_h12_t2048/fp32_both/repeat0/input_immutability/a_log
PASS exact: release/equal_n4_h12_t2048/fp32_both/repeat0/input_immutability/dt_bias
PASS exact: release/equal_n4_h12_t2048/fp32_both/repeat0/input_immutability/cu_seqlens
PASS exact: release/equal_n4_h12_t2048/fp32_both/repeat1/input_immutability/q
PASS exact: release/equal_n4_h12_t2048/fp32_both/repeat1/input_immutability/k
PASS exact: release/equal_n4_h12_t2048/fp32_both/repeat1/input_immutability/v
PASS exact: release/equal_n4_h12_t2048/fp32_both/repeat1/input_immutability/g
PASS exact: release/equal_n4_h12_t2048/fp32_both/repeat1/input_immutability/beta
PASS exact: release/equal_n4_h12_t2048/fp32_both/repeat1/input_immutability/a_log
PASS exact: release/equal_n4_h12_t2048/fp32_both/repeat1/input_immutability/dt_bias
PASS exact: release/equal_n4_h12_t2048/fp32_both/repeat1/input_immutability/cu_seqlens
PASS exact: release/mixed_n6_h12_t8192/none/repeat0/input_immutability/q
PASS exact: release/mixed_n6_h12_t8192/none/repeat0/input_immutability/k
PASS exact: release/mixed_n6_h12_t8192/none/repeat0/input_immutability/v
PASS exact: release/mixed_n6_h12_t8192/none/repeat0/input_immutability/g
PASS exact: release/mixed_n6_h12_t8192/none/repeat0/input_immutability/beta
PASS exact: release/mixed_n6_h12_t8192/none/repeat0/input_immutability/a_log
PASS exact: release/mixed_n6_h12_t8192/none/repeat0/input_immutability/dt_bias
PASS exact: release/mixed_n6_h12_t8192/none/repeat0/input_immutability/cu_seqlens
PASS exact: release/mixed_n6_h12_t8192/none/repeat1/input_immutability/q
PASS exact: release/mixed_n6_h12_t8192/none/repeat1/input_immutability/k
PASS exact: release/mixed_n6_h12_t8192/none/repeat1/input_immutability/v
PASS exact: release/mixed_n6_h12_t8192/none/repeat1/input_immutability/g
PASS exact: release/mixed_n6_h12_t8192/none/repeat1/input_immutability/beta
PASS exact: release/mixed_n6_h12_t8192/none/repeat1/input_immutability/a_log
PASS exact: release/mixed_n6_h12_t8192/none/repeat1/input_immutability/dt_bias
PASS exact: release/mixed_n6_h12_t8192/none/repeat1/input_immutability/cu_seqlens
PASS exact: release/mixed_n6_h12_t8192/fp32_final_only/repeat0/input_immutability/q
PASS exact: release/mixed_n6_h12_t8192/fp32_final_only/repeat0/input_immutability/k
PASS exact: release/mixed_n6_h12_t8192/fp32_final_only/repeat0/input_immutability/v
PASS exact: release/mixed_n6_h12_t8192/fp32_final_only/repeat0/input_immutability/g
PASS exact: release/mixed_n6_h12_t8192/fp32_final_only/repeat0/input_immutability/beta
PASS exact: release/mixed_n6_h12_t8192/fp32_final_only/repeat0/input_immutability/a_log
PASS exact: release/mixed_n6_h12_t8192/fp32_final_only/repeat0/input_immutability/dt_bias
PASS exact: release/mixed_n6_h12_t8192/fp32_final_only/repeat0/input_immutability/cu_seqlens
PASS exact: release/mixed_n6_h12_t8192/fp32_final_only/repeat1/input_immutability/q
PASS exact: release/mixed_n6_h12_t8192/fp32_final_only/repeat1/input_immutability/k
PASS exact: release/mixed_n6_h12_t8192/fp32_final_only/repeat1/input_immutability/v
PASS exact: release/mixed_n6_h12_t8192/fp32_final_only/repeat1/input_immutability/g
PASS exact: release/mixed_n6_h12_t8192/fp32_final_only/repeat1/input_immutability/beta
PASS exact: release/mixed_n6_h12_t8192/fp32_final_only/repeat1/input_immutability/a_log
PASS exact: release/mixed_n6_h12_t8192/fp32_final_only/repeat1/input_immutability/dt_bias
PASS exact: release/mixed_n6_h12_t8192/fp32_final_only/repeat1/input_immutability/cu_seqlens
PASS exact: release/mixed_n6_h12_t8192/fp32_both/repeat0/input_immutability/q
PASS exact: release/mixed_n6_h12_t8192/fp32_both/repeat0/input_immutability/k
PASS exact: release/mixed_n6_h12_t8192/fp32_both/repeat0/input_immutability/v
PASS exact: release/mixed_n6_h12_t8192/fp32_both/repeat0/input_immutability/g
PASS exact: release/mixed_n6_h12_t8192/fp32_both/repeat0/input_immutability/beta
PASS exact: release/mixed_n6_h12_t8192/fp32_both/repeat0/input_immutability/a_log
PASS exact: release/mixed_n6_h12_t8192/fp32_both/repeat0/input_immutability/dt_bias
PASS exact: release/mixed_n6_h12_t8192/fp32_both/repeat0/input_immutability/cu_seqlens
PASS exact: release/mixed_n6_h12_t8192/fp32_both/repeat1/input_immutability/q
PASS exact: release/mixed_n6_h12_t8192/fp32_both/repeat1/input_immutability/k
PASS exact: release/mixed_n6_h12_t8192/fp32_both/repeat1/input_immutability/v
PASS exact: release/mixed_n6_h12_t8192/fp32_both/repeat1/input_immutability/g
PASS exact: release/mixed_n6_h12_t8192/fp32_both/repeat1/input_immutability/beta
PASS exact: release/mixed_n6_h12_t8192/fp32_both/repeat1/input_immutability/a_log
PASS exact: release/mixed_n6_h12_t8192/fp32_both/repeat1/input_immutability/dt_bias
PASS exact: release/mixed_n6_h12_t8192/fp32_both/repeat1/input_immutability/cu_seqlens
PASS exact: release/skew_n6_h12_t12288/none/repeat0/input_immutability/q
PASS exact: release/skew_n6_h12_t12288/none/repeat0/input_immutability/k
PASS exact: release/skew_n6_h12_t12288/none/repeat0/input_immutability/v
PASS exact: release/skew_n6_h12_t12288/none/repeat0/input_immutability/g
PASS exact: release/skew_n6_h12_t12288/none/repeat0/input_immutability/beta
PASS exact: release/skew_n6_h12_t12288/none/repeat0/input_immutability/a_log
PASS exact: release/skew_n6_h12_t12288/none/repeat0/input_immutability/dt_bias
PASS exact: release/skew_n6_h12_t12288/none/repeat0/input_immutability/cu_seqlens
PASS exact: release/skew_n6_h12_t12288/none/repeat1/input_immutability/q
PASS exact: release/skew_n6_h12_t12288/none/repeat1/input_immutability/k
PASS exact: release/skew_n6_h12_t12288/none/repeat1/input_immutability/v
PASS exact: release/skew_n6_h12_t12288/none/repeat1/input_immutability/g
PASS exact: release/skew_n6_h12_t12288/none/repeat1/input_immutability/beta
PASS exact: release/skew_n6_h12_t12288/none/repeat1/input_immutability/a_log
PASS exact: release/skew_n6_h12_t12288/none/repeat1/input_immutability/dt_bias
PASS exact: release/skew_n6_h12_t12288/none/repeat1/input_immutability/cu_seqlens
PASS exact: release/skew_n6_h12_t12288/fp32_final_only/repeat0/input_immutability/q
PASS exact: release/skew_n6_h12_t12288/fp32_final_only/repeat0/input_immutability/k
PASS exact: release/skew_n6_h12_t12288/fp32_final_only/repeat0/input_immutability/v
PASS exact: release/skew_n6_h12_t12288/fp32_final_only/repeat0/input_immutability/g
PASS exact: release/skew_n6_h12_t12288/fp32_final_only/repeat0/input_immutability/beta
PASS exact: release/skew_n6_h12_t12288/fp32_final_only/repeat0/input_immutability/a_log
PASS exact: release/skew_n6_h12_t12288/fp32_final_only/repeat0/input_immutability/dt_bias
PASS exact: release/skew_n6_h12_t12288/fp32_final_only/repeat0/input_immutability/cu_seqlens
PASS exact: release/skew_n6_h12_t12288/fp32_final_only/repeat1/input_immutability/q
PASS exact: release/skew_n6_h12_t12288/fp32_final_only/repeat1/input_immutability/k
PASS exact: release/skew_n6_h12_t12288/fp32_final_only/repeat1/input_immutability/v
PASS exact: release/skew_n6_h12_t12288/fp32_final_only/repeat1/input_immutability/g
PASS exact: release/skew_n6_h12_t12288/fp32_final_only/repeat1/input_immutability/beta
PASS exact: release/skew_n6_h12_t12288/fp32_final_only/repeat1/input_immutability/a_log
PASS exact: release/skew_n6_h12_t12288/fp32_final_only/repeat1/input_immutability/dt_bias
PASS exact: release/skew_n6_h12_t12288/fp32_final_only/repeat1/input_immutability/cu_seqlens
PASS exact: release/skew_n6_h12_t12288/fp32_both/repeat0/input_immutability/q
PASS exact: release/skew_n6_h12_t12288/fp32_both/repeat0/input_immutability/k
PASS exact: release/skew_n6_h12_t12288/fp32_both/repeat0/input_immutability/v
PASS exact: release/skew_n6_h12_t12288/fp32_both/repeat0/input_immutability/g
PASS exact: release/skew_n6_h12_t12288/fp32_both/repeat0/input_immutability/beta
PASS exact: release/skew_n6_h12_t12288/fp32_both/repeat0/input_immutability/a_log
PASS exact: release/skew_n6_h12_t12288/fp32_both/repeat0/input_immutability/dt_bias
PASS exact: release/skew_n6_h12_t12288/fp32_both/repeat0/input_immutability/cu_seqlens
PASS exact: release/skew_n6_h12_t12288/fp32_both/repeat1/input_immutability/q
PASS exact: release/skew_n6_h12_t12288/fp32_both/repeat1/input_immutability/k
PASS exact: release/skew_n6_h12_t12288/fp32_both/repeat1/input_immutability/v
PASS exact: release/skew_n6_h12_t12288/fp32_both/repeat1/input_immutability/g
PASS exact: release/skew_n6_h12_t12288/fp32_both/repeat1/input_immutability/beta
PASS exact: release/skew_n6_h12_t12288/fp32_both/repeat1/input_immutability/a_log
PASS exact: release/skew_n6_h12_t12288/fp32_both/repeat1/input_immutability/dt_bias
PASS exact: release/skew_n6_h12_t12288/fp32_both/repeat1/input_immutability/cu_seqlens
wrote /home/lcpu/85117379/codex-a02-20260819-main/assignment02/team/c1_flashkda/challenge_varlen_dispatch/results/c1_varlen_dispatch_release_b300_sm103a_release_r1.json; released={'equal_n2_h12_t2048/none': 'vshard4_p2', 'equal_n2_h12_t2048/fp32_final_only': 'vshard4_p2', 'equal_n2_h12_t2048/fp32_both': 'vshard4_p2', 'equal_n4_h12_t2048/none': 'vshard2_p2', 'equal_n4_h12_t2048/fp32_final_only': 'vshard2_p2', 'mixed_n6_h12_t8192/none': 'vshard2_p2', 'mixed_n6_h12_t8192/fp32_final_only': 'vshard2_p2', 'skew_n6_h12_t12288/none': 'vshard2_p2', 'skew_n6_h12_t12288/fp32_final_only': 'vshard2_p2', 'skew_n6_h12_t12288/fp32_both': 'vshard4_p2'}; fallback={'equal_n4_h12_t2048/fp32_both': 'baseline'}
AFTER_RELEASE_COMPUTE_APPS_BEGIN

AFTER_RELEASE_COMPUTE_APPS_END
AFTER_RELEASE_MEMORY_USED_MIB=0
===== POST_AUDIT =====
2026-08-29T09:21:47+00:00
0, GPU-0ff6ec41-3275-1f3d-41d8-8b17413a205a, 00000000:09:00.0, NVIDIA B300 SXM6 AC, 10.3, 580.126.09, 0 MiB, 275040 MiB
POST_COMPUTE_APPS_BEGIN

POST_COMPUTE_APPS_END
POST_MEMORY_USED_MIB=0
FINAL_RC=0
