/home/lcpu/85117379/c2-native-plugin-v12-wheel-artifacts-20260830/job12987/vllm-0.26.1rc1.dev370+gd4da0c55a-cp38-abi3-manylinux_2_28_x86_64.whl: OK
/home/lcpu/85117379/c2-native-plugin-v12-wheel-artifacts-20260830/job12987/c2-native-plugin-overlay-provenance.json: OK
/home/lcpu/85117379/c2-native-plugin-v12-wheel-artifacts-20260830/job12987/wheel-driver-verification-job12987.json: OK
/home/lcpu/85117379/c2-native-plugin-v12-wheel-artifacts-20260830/job12987/promotion-prerequisites-job12987.json: OK
/home/lcpu/85117379/c2-native-plugin-v12-wheel-artifacts-20260830/job12987/outputs-job12987.sha256: OK
/home/lcpu/85117379/c2-native-plugin-v12-wheel-artifacts-20260830/job12987/final-status-job12987.txt: OK
/home/lcpu/85117379/native_c2_full_backend_bench_20260829.py: OK
/var/lib/slurm/slurmd/job12990/slurm_script: OK
/home/lcpu/85117379/validate_native_c2_plugin_v12_fresh_backend_20260830.slurm: OK
/home/lcpu/85117379/c2-native-plugin-v12-wheel-artifacts-20260830/job12987/c2-native-plugin-overlay-provenance.json: OK
/home/lcpu/85117379/c2-native-plugin-v12-wheel-artifacts-20260830/job12987/c2-native-plugin-overlay-manifest.json: OK
/home/lcpu/85117379/c2-native-plugin-v12-wheel-artifacts-20260830/job12987/vllm-0.26.1rc1.dev370+gd4da0c55a-cp38-abi3-manylinux_2_28_x86_64.whl: OK
/home/lcpu/85117379/c2-native-plugin-v12-wheel-artifacts-20260830/job12987/promotion-prerequisites-job12987.json: OK
/home/lcpu/85117379/c2-native-plugin-v12-wheel-artifacts-20260830/job12987/wheel-driver-verification-job12987.json: OK
/home/lcpu/85117379/c2-native-plugin-v12-wheel-artifacts-20260830/job12987/result-job12987.json: OK
/home/lcpu/85117379/c2-native-plugin-v12-aot-artifacts-20260830/job12983/submitted-script-job12983.slurm: OK
/home/lcpu/85117379/native_c2_decode.plugin-v1.cu: OK
/home/lcpu/85117379/native_c2_plugin_schema_20260829.patch: OK
/home/lcpu/85117379/exact_d4_native_c2_plugin_cmake_20260829.patch: OK
/home/lcpu/85117379/exact_d4_python_dispatch_20260829.patch: OK
/home/lcpu/85117379/exact_d4_native_c2_plugin_python_loader_20260829.patch: OK
/home/lcpu/85117379/c2-native-plugin-v9-aot-artifacts-20260830/job12701/native_c2_decode.v9-parallel-merge.cu: OK
/home/lcpu/85117379/native_c2_v11_q_fragment_reuse_20260830.patch: OK
/home/lcpu/85117379/native_c2_v12_q_row_padding_20260830.patch: OK
/home/lcpu/85117379/vllm-d4-native-c2-plugin-v12-q-row-padding-20260830-job12983/csrc/libtorch_stable/attention/minimax_m3/native_c2_decode.cu: OK
/home/lcpu/85117379/vllm-d4-native-c2-plugin-v12-q-row-padding-build-20260830-job12983/_native_c2_msa_decode_plugin.abi3.so: OK
/home/lcpu/85117379/c2-native-plugin-v12-aot-artifacts-20260830/job12983/vllm/_native_c2_msa_decode_plugin.abi3.so: OK
/home/lcpu/85117379/c2-native-plugin-v12-directed-artifacts-20260830/job12984/finalizer-diagnostics-job12984.txt: OK
/home/lcpu/85117379/c2-native-plugin-v12-directed-artifacts-20260830/job12984/final-status-job12984.txt: OK
/home/lcpu/85117379/c2-native-plugin-v12-directed-artifacts-20260830/job12984/v12-q-row-padding-directed-job12984.json: OK
/home/lcpu/85117379/c2-native-plugin-v12-directed-artifacts-20260830/job12984/run-manifest-job12984.json: OK
/home/lcpu/85117379/c2-native-plugin-v12-directed-artifacts-20260830/job12984/inputs-job12984.sha256: OK
/home/lcpu/85117379/c2-native-plugin-v12-directed-artifacts-20260830/job12984/gpu-pre-job12984.txt: OK
/home/lcpu/85117379/c2-native-plugin-v12-directed-artifacts-20260830/job12984/gpu-post-job12984.txt: OK
/home/lcpu/85117379/c2-native-plugin-v12-stress-3pct-artifacts-20260830/job12985/finalizer-diagnostics-job12985.txt: OK
/home/lcpu/85117379/c2-native-plugin-v12-stress-3pct-artifacts-20260830/job12985/final-status-job12985.txt: OK
/home/lcpu/85117379/c2-native-plugin-v12-stress-3pct-artifacts-20260830/job12985/reference-v11-a-round-job12985.json: OK
/home/lcpu/85117379/c2-native-plugin-v12-stress-3pct-artifacts-20260830/job12985/candidate-v12-q-row-padding-b1-round-job12985.json: OK
/home/lcpu/85117379/c2-native-plugin-v12-stress-3pct-artifacts-20260830/job12985/candidate-v12-q-row-padding-b2-round-job12985.json: OK
/home/lcpu/85117379/c2-native-plugin-v12-stress-3pct-artifacts-20260830/job12985/reference-v11-a2-round-job12985.json: OK
/home/lcpu/85117379/c2-native-plugin-v12-stress-3pct-artifacts-20260830/job12985/worker-exit-status-job12985.json: OK
/home/lcpu/85117379/c2-native-plugin-v12-stress-3pct-artifacts-20260830/job12985/v12-q-row-padding-vs-v11-3pct-incremental-aggregate-job12985.json: OK
/home/lcpu/85117379/c2-native-plugin-v12-stress-3pct-artifacts-20260830/job12985/v12-q-row-padding-vs-v11-3pct-incremental-decision-job12985.json: OK
/home/lcpu/85117379/c2-native-plugin-v12-stress-3pct-artifacts-20260830/job12985/fixtures-8-seeds-meta.json: OK
/home/lcpu/85117379/c2-native-plugin-v12-stress-3pct-artifacts-20260830/job12985/fixture-writer-job12985.json: OK
/home/lcpu/85117379/c2-native-plugin-v12-stress-3pct-artifacts-20260830/job12985/inputs-job12985.sha256: OK
/home/lcpu/85117379/c2-native-plugin-v12-stress-3pct-artifacts-20260830/job12985/reference-v11-plugin-ldd-job12985.txt: OK
/home/lcpu/85117379/c2-native-plugin-v12-stress-3pct-artifacts-20260830/job12985/candidate-v12-q-row-padding-plugin-ldd-job12985.txt: OK
/home/lcpu/85117379/c2-native-plugin-v12-stress-3pct-artifacts-20260830/job12985/gpu-pre-job12985.txt: OK
/home/lcpu/85117379/c2-native-plugin-v12-stress-3pct-artifacts-20260830/job12985/gpu-post-job12985.txt: OK
Using CPython 3.12.11 interpreter at: venv-vllm-d4da0c5/bin/python
Resolved 1 package in 3ms
Installed 1 package in 371ms
 + vllm==0.26.1rc1.dev370+gd4da0c55a (from file:///home/lcpu/85117379/c2-native-plugin-v12-wheel-artifacts-20260830/job12987/vllm-0.26.1rc1.dev370+gd4da0c55a-cp38-abi3-manylinux_2_28_x86_64.whl)
harness/__init__.py: OK
harness/data.py: OK
harness/reference.py: OK
harness/triton_baseline.py: OK
vllm_msa_ref/sparse_attn.py: OK
harness/__init__.py: OK
harness/data.py: OK
harness/reference.py: OK
harness/triton_baseline.py: OK
vllm_msa_ref/sparse_attn.py: OK
INFO 08-30 20:41:02 [sparse_attention_msa.py:197] MiniMax M3 MSA sparse decode selected native_c2
USDT:2026-08-30 20:41:02 470759:470759 SyncActivityProfilerHandler.cpp:52] profiler_start
USDT:2026-08-30 20:41:02 470759:470759 SyncActivityProfilerHandler.cpp:59] profiler_stop
INFO 08-30 20:41:02 [sparse_attention_msa.py:197] MiniMax M3 MSA sparse decode selected Triton
{
  "all_gates_pass": true,
  "boundary": "real MiniMaxM3SparseMSAImpl.forward backend layer; no model weights or server scheduler",
  "builder": {
    "checks": {
      "decode_metadata_present": true,
      "native_backend_did_not_make_cutlass_plan": true,
      "native_decode_has_no_cutlass_metadata": true
    },
    "cutlass_plan_cache_size": 0,
    "triton_checks": {
      "triton_decode_metadata_present": true,
      "triton_plan_cache_empty": true
    },
    "triton_cutlass_plan_cache_size": 0
  },
  "caller_output": {
    "pointer_after": 137981848190976,
    "pointer_before": 137981848190976,
    "pointer_unchanged": true
  },
  "correctness": {
    "allclose": true,
    "atol": 0.0001,
    "finite": true,
    "max_abs": 6.103515625e-05,
    "mean_abs": 3.557062882464379e-06,
    "oracle": "independent FP32 selected-page causal reference over exact native BF16-staged FP8 values",
    "pass": true,
    "rtol": 0.001
  },
  "data_contract": {
    "batch": 16,
    "head_dim": 128,
    "input_checksums": {
      "block_table_i32": "702776e31183896e47ecf403ac58f4204f13fbbbb5c609066c246ae9a0854a43",
      "packed_kv_fp8": "b1dcdbc5f595d1e380315779bb6fe39edbb1621e32ba0e801a83120c720f73fc",
      "q_bf16_original_not_timed": "d1c9d90c4f2ee4ea3aca332f9e6a494a0313478116af3ba5e5bbe6073bca5011",
      "q_bf16_shared_native_staging": "8c0250f202a332286dd875dbbf6de3896d218cdb0b185cfffcc408b92d6b5128",
      "query_fp8": "df1d8ac3dcf605eb5c126af8e7ec323e0b212b857509ee6cfd3eac2d9a55b3a3",
      "seq_lens_i32": "9ca7a635727ba2b2de898f1ec19157b7c71126c88a242a7cd3afea5dce7b1629",
      "topk_token_major_i32": "db9f11221ffc84165e6366775241d9a8612f31ea0c929ab203fa3e1d0e64b705"
    },
    "k_scale": 0.25,
    "kv_heads": 4,
    "page_size": 128,
    "q_scale": 0.25,
    "query_heads": 64,
    "topk": 16,
    "v_scale": 0.5
  },
  "environment": {
    "compute_capability": [
      10,
      3
    ],
    "device": "NVIDIA B300 SXM6 AC",
    "torch": "2.13.0+cu130",
    "vllm_import_root": "/tmp/c2-native-plugin-v12-fresh-runtime-12990.oQ0brnDX/vllm"
  },
  "gates": {
    "caller_owned_output": true,
    "fair_native_vs_triton_abba_timing": true,
    "fp32_oracle_correctness": true,
    "native_static_selection": true,
    "no_cutlass_plan": true,
    "one_profiled_forward_reaches_dispatcher_and_cuda_kernel": true
  },
  "profiled_forward_calls": 1,
  "profiling": {
    "checks": {
      "one_cpu_dispatcher_event": true,
      "one_cuda_native_kernel_event": true,
      "trace_nonempty": true
    },
    "cuda_kernel_events": [
      {
        "count": 1,
        "cpu_total_us": 0.0,
        "cuda_total_us": 0.0,
        "key": "vllm::native_c2::native_c2_msa_decode_kernel(__nv_fp8_e4m3 const*, __nv_fp8_e4m3 const*, int const*, int const*, int const*, __nv_bfloat16*, long, long, long, long, long, long, long, long, long, long, int, int, float, float, float, float)",
        "self_cpu_us": 0.0,
        "self_cuda_us": 0.0
      }
    ],
    "dispatcher_events": [
      {
        "count": 1,
        "cpu_total_us": 1000.8909999999998,
        "cuda_total_us": 0.0,
        "key": "_C::native_c2_msa_decode",
        "self_cpu_us": 33.98999999999978,
        "self_cuda_us": 0.0
      }
    ],
    "nearby_keys": [
      "_C::native_c2_msa_decode",
      "vllm::native_c2::native_c2_msa_decode_kernel(__nv_fp8_e4m3 const*, __nv_fp8_e4m3 const*, int const*, int const*, int const*, __nv_bfloat16*, long, long, long, long, long, long, long, long, long, long, int, int, float, float, float, float)"
    ],
    "pass": true,
    "trace": "/home/lcpu/85117379/c2-native-plugin-v12-fresh-backend-artifacts-20260830/job12990/plugin-v12-wheel-full-backend-seed17-job12990.chrome.json"
  },
  "schema": "c2-native-c2-full-vllm-backend-v2",
  "seed": 17,
  "static_selection": {
    "native_backend_alias": true,
    "should_use_msa_decode": true,
    "use_cutlass_decode_is_false": true,
    "use_native_c2_decode": true
  },
  "timing": {
    "caller_owned_output": {
      "native": true,
      "triton": true
    },
    "caller_owned_output_verification": "every warmup and timed call checks result.data_ptr() against its caller-owned output",
    "comparison_input_semantics": "native stages query_fp8 with q_scale and Triton receives the same BF16 query values; packed FP8 KV, scalar scales, sparse metadata, and caller-owned output shapes are shared",
    "native": {
      "median_ms": 0.06417599692940712,
      "p10_ms": 0.06393600255250931,
      "p90_ms": 0.08051200211048126,
      "raw_ms": [
        0.09644799679517746,
        0.09484799951314926,
        0.06406400352716446,
        0.08348800241947174,
        0.06400000303983688,
        0.08662399649620056,
        0.06409599632024765,
        0.07539200037717819,
        0.06400000303983688,
        0.0857279971241951,
        0.06425599753856659,
        0.0682239979505539,
        0.06403200328350067,
        0.07516799867153168,
        0.06403200328350067,
        0.08051200211048126,
        0.06384000182151794,
        0.07017599791288376,
        0.06412799656391144,
        0.07939200103282928,
        0.06403200328350067,
        0.06604799628257751,
        0.06419199705123901,
        0.07129599899053574,
        0.06400000303983688,
        0.06492800265550613,
        0.06403200328350067,
        0.06921599805355072,
        0.0639680027961731,
        0.08342400193214417,
        0.06384000182151794,
        0.06700800359249115,
        0.06390400230884552,
        0.07852800190448761,
        0.06406400352716446,
        0.06988800317049026,
        0.0639680027961731,
        0.06806399673223495,
        0.0639680027961731,
        0.08048000186681747,
        0.06406400352716446,
        0.06703999638557434,
        0.06406400352716446,
        0.07622399926185608,
        0.0639680027961731,
        0.06815999746322632,
        0.06384000182151794,
        0.06806399673223495,
        0.0639680027961731,
        0.0783040001988411,
        0.06409599632024765,
        0.06703999638557434,
        0.06393600255250931,
        0.07526399940252304,
        0.0639680027961731,
        0.07014399766921997,
        0.06390400230884552,
        0.06406400352716446,
        0.06393600255250931,
        0.07942400127649307,
        0.0639680027961731,
        0.06716799736022949,
        0.06406400352716446,
        0.07631999999284744,
        0.06400000303983688,
        0.06815999746322632,
        0.06403200328350067,
        0.07840000092983246,
        0.06409599632024765,
        0.07020799815654755,
        0.06406400352716446,
        0.0639680027961731,
        0.06400000303983688,
        0.07727999985218048,
        0.06419199705123901,
        0.07110399752855301,
        0.06387200206518173,
        0.09244800359010696,
        0.0639680027961731,
        0.08748800307512283,
        0.06400000303983688,
        0.08534400165081024,
        0.0639680027961731,
        0.07017599791288376,
        0.06393600255250931,
        0.07929600030183792,
        0.06415999680757523,
        0.07215999811887741,
        0.0639680027961731,
        0.07011199742555618,
        0.06406400352716446,
        0.07625599950551987,
        0.06406400352716446,
        0.06406400352716446,
        0.06390400230884552,
        0.08137600123882294,
        0.0639680027961731,
        0.06406400352716446,
        0.06380800157785416,
        0.07011199742555618
      ],
      "sample_count": 100
    },
    "native_over_triton_median_latency_ratio": 2.1942012685958834,
    "pass": true,
    "pre_timing_checks": {
      "distinct_output_buffers": true,
      "native_hard_gates": true,
      "triton_builder": true,
      "triton_correctness": true,
      "triton_static_selection": true
    },
    "protocol": "CUDA events; separate warmup excluded; ABBA=native,triton,triton,native; one default stream; input, metadata, output allocation, and oracle excluded",
    "ratio_interpretation": "triton_over_native < 1 means native is slower; native_over_triton is the direct latency-regression factor",
    "raw_cycles_ms": [
      {
        "native_a_0": 0.09644799679517746,
        "native_a_3": 0.09484799951314926,
        "triton_b_1": 0.045632001012563705,
        "triton_b_2": 0.06723199784755707
      },
      {
        "native_a_0": 0.06406400352716446,
        "native_a_3": 0.08348800241947174,
        "triton_b_1": 0.029311999678611755,
        "triton_b_2": 0.030112000182271004
      },
      {
        "native_a_0": 0.06400000303983688,
        "native_a_3": 0.08662399649620056,
        "triton_b_1": 0.029279999434947968,
        "triton_b_2": 0.02921600081026554
      },
      {
        "native_a_0": 0.06409599632024765,
        "native_a_3": 0.07539200037717819,
        "triton_b_1": 0.02940800040960312,
        "triton_b_2": 0.03017600066959858
      },
      {
        "native_a_0": 0.06400000303983688,
        "native_a_3": 0.0857279971241951,
        "triton_b_1": 0.02908799983561039,
        "triton_b_2": 0.030271999537944794
      },
      {
        "native_a_0": 0.06425599753856659,
        "native_a_3": 0.0682239979505539,
        "triton_b_1": 0.029120000079274178,
        "triton_b_2": 0.030239999294281006
      },
      {
        "native_a_0": 0.06403200328350067,
        "native_a_3": 0.07516799867153168,
        "triton_b_1": 0.02921600081026554,
        "triton_b_2": 0.030208000913262367
      },
      {
        "native_a_0": 0.06403200328350067,
        "native_a_3": 0.08051200211048126,
        "triton_b_1": 0.029152000322937965,
        "triton_b_2": 0.02924799919128418
      },
      {
        "native_a_0": 0.06384000182151794,
        "native_a_3": 0.07017599791288376,
        "triton_b_1": 0.029152000322937965,
        "triton_b_2": 0.030271999537944794
      },
      {
        "native_a_0": 0.06412799656391144,
        "native_a_3": 0.07939200103282928,
        "triton_b_1": 0.029055999591946602,
        "triton_b_2": 0.030208000913262367
      },
      {
        "native_a_0": 0.06403200328350067,
        "native_a_3": 0.06604799628257751,
        "triton_b_1": 0.029055999591946602,
        "triton_b_2": 0.03033600002527237
      },
      {
        "native_a_0": 0.06419199705123901,
        "native_a_3": 0.07129599899053574,
        "triton_b_1": 0.029120000079274178,
        "triton_b_2": 0.03017600066959858
      },
      {
        "native_a_0": 0.06400000303983688,
        "native_a_3": 0.06492800265550613,
        "triton_b_1": 0.02924799919128418,
        "triton_b_2": 0.030239999294281006
      },
      {
        "native_a_0": 0.06403200328350067,
        "native_a_3": 0.06921599805355072,
        "triton_b_1": 0.029120000079274178,
        "triton_b_2": 0.02937600016593933
      },
      {
        "native_a_0": 0.0639680027961731,
        "native_a_3": 0.08342400193214417,
        "triton_b_1": 0.029184000566601753,
        "triton_b_2": 0.02924799919128418
      },
      {
        "native_a_0": 0.06384000182151794,
        "native_a_3": 0.06700800359249115,
        "triton_b_1": 0.02908799983561039,
        "triton_b_2": 0.02921600081026554
      },
      {
        "native_a_0": 0.06390400230884552,
        "native_a_3": 0.07852800190448761,
        "triton_b_1": 0.029023999348282814,
        "triton_b_2": 0.029023999348282814
      },
      {
        "native_a_0": 0.06406400352716446,
        "native_a_3": 0.06988800317049026,
        "triton_b_1": 0.029055999591946602,
        "triton_b_2": 0.03033600002527237
      },
      {
        "native_a_0": 0.0639680027961731,
        "native_a_3": 0.06806399673223495,
        "triton_b_1": 0.029120000079274178,
        "triton_b_2": 0.029120000079274178
      },
      {
        "native_a_0": 0.0639680027961731,
        "native_a_3": 0.08048000186681747,
        "triton_b_1": 0.02921600081026554,
        "triton_b_2": 0.029279999434947968
      },
      {
        "native_a_0": 0.06406400352716446,
        "native_a_3": 0.06703999638557434,
        "triton_b_1": 0.029055999591946602,
        "triton_b_2": 0.03017600066959858
      },
      {
        "native_a_0": 0.06406400352716446,
        "native_a_3": 0.07622399926185608,
        "triton_b_1": 0.029343999922275543,
        "triton_b_2": 0.029184000566601753
      },
      {
        "native_a_0": 0.0639680027961731,
        "native_a_3": 0.06815999746322632,
        "triton_b_1": 0.029184000566601753,
        "triton_b_2": 0.029120000079274178
      },
      {
        "native_a_0": 0.06384000182151794,
        "native_a_3": 0.06806399673223495,
        "triton_b_1": 0.02908799983561039,
        "triton_b_2": 0.029120000079274178
      },
      {
        "native_a_0": 0.0639680027961731,
        "native_a_3": 0.0783040001988411,
        "triton_b_1": 0.029152000322937965,
        "triton_b_2": 0.029152000322937965
      },
      {
        "native_a_0": 0.06409599632024765,
        "native_a_3": 0.06703999638557434,
        "triton_b_1": 0.029023999348282814,
        "triton_b_2": 0.03017600066959858
      },
      {
        "native_a_0": 0.06393600255250931,
        "native_a_3": 0.07526399940252304,
        "triton_b_1": 0.029152000322937965,
        "triton_b_2": 0.03014400042593479
      },
      {
        "native_a_0": 0.0639680027961731,
        "native_a_3": 0.07014399766921997,
        "triton_b_1": 0.02924799919128418,
        "triton_b_2": 0.02908799983561039
      },
      {
        "native_a_0": 0.06390400230884552,
        "native_a_3": 0.06406400352716446,
        "triton_b_1": 0.02937600016593933,
        "triton_b_2": 0.029983999207615852
      },
      {
        "native_a_0": 0.06393600255250931,
        "native_a_3": 0.07942400127649307,
        "triton_b_1": 0.02924799919128418,
        "triton_b_2": 0.030208000913262367
      },
      {
        "native_a_0": 0.0639680027961731,
        "native_a_3": 0.06716799736022949,
        "triton_b_1": 0.02924799919128418,
        "triton_b_2": 0.02924799919128418
      },
      {
        "native_a_0": 0.06406400352716446,
        "native_a_3": 0.07631999999284744,
        "triton_b_1": 0.02921600081026554,
        "triton_b_2": 0.030271999537944794
      },
      {
        "native_a_0": 0.06400000303983688,
        "native_a_3": 0.06815999746322632,
        "triton_b_1": 0.02924799919128418,
        "triton_b_2": 0.030271999537944794
      },
      {
        "native_a_0": 0.06403200328350067,
        "native_a_3": 0.07840000092983246,
        "triton_b_1": 0.029279999434947968,
        "triton_b_2": 0.030239999294281006
      },
      {
        "native_a_0": 0.06409599632024765,
        "native_a_3": 0.07020799815654755,
        "triton_b_1": 0.02924799919128418,
        "triton_b_2": 0.030047999694943428
      },
      {
        "native_a_0": 0.06406400352716446,
        "native_a_3": 0.0639680027961731,
        "triton_b_1": 0.029279999434947968,
        "triton_b_2": 0.030239999294281006
      },
      {
        "native_a_0": 0.06400000303983688,
        "native_a_3": 0.07727999985218048,
        "triton_b_1": 0.029184000566601753,
        "triton_b_2": 0.03014400042593479
      },
      {
        "native_a_0": 0.06419199705123901,
        "native_a_3": 0.07110399752855301,
        "triton_b_1": 0.029120000079274178,
        "triton_b_2": 0.029184000566601753
      },
      {
        "native_a_0": 0.06387200206518173,
        "native_a_3": 0.09244800359010696,
        "triton_b_1": 0.02924799919128418,
        "triton_b_2": 0.10719999670982361
      },
      {
        "native_a_0": 0.0639680027961731,
        "native_a_3": 0.08748800307512283,
        "triton_b_1": 0.033952001482248306,
        "triton_b_2": 0.06988800317049026
      },
      {
        "native_a_0": 0.06400000303983688,
        "native_a_3": 0.08534400165081024,
        "triton_b_1": 0.029152000322937965,
        "triton_b_2": 0.03030399978160858
      },
      {
        "native_a_0": 0.0639680027961731,
        "native_a_3": 0.07017599791288376,
        "triton_b_1": 0.029184000566601753,
        "triton_b_2": 0.029055999591946602
      },
      {
        "native_a_0": 0.06393600255250931,
        "native_a_3": 0.07929600030183792,
        "triton_b_1": 0.029152000322937965,
        "triton_b_2": 0.03014400042593479
      },
      {
        "native_a_0": 0.06415999680757523,
        "native_a_3": 0.07215999811887741,
        "triton_b_1": 0.028991999104619026,
        "triton_b_2": 0.03017600066959858
      },
      {
        "native_a_0": 0.0639680027961731,
        "native_a_3": 0.07011199742555618,
        "triton_b_1": 0.029184000566601753,
        "triton_b_2": 0.030112000182271004
      },
      {
        "native_a_0": 0.06406400352716446,
        "native_a_3": 0.07625599950551987,
        "triton_b_1": 0.029152000322937965,
        "triton_b_2": 0.029343999922275543
      },
      {
        "native_a_0": 0.06406400352716446,
        "native_a_3": 0.06406400352716446,
        "triton_b_1": 0.029343999922275543,
        "triton_b_2": 0.029184000566601753
      },
      {
        "native_a_0": 0.06390400230884552,
        "native_a_3": 0.08137600123882294,
        "triton_b_1": 0.02921600081026554,
        "triton_b_2": 0.029055999591946602
      },
      {
        "native_a_0": 0.0639680027961731,
        "native_a_3": 0.06406400352716446,
        "triton_b_1": 0.02937600016593933,
        "triton_b_2": 0.029952000826597214
      },
      {
        "native_a_0": 0.06380800157785416,
        "native_a_3": 0.07011199742555618,
        "triton_b_1": 0.02924799919128418,
        "triton_b_2": 0.029055999591946602
      }
    ],
    "repetitions": 50,
    "triton": {
      "median_ms": 0.02924799919128418,
      "p10_ms": 0.029055999591946602,
      "p90_ms": 0.030271999537944794,
      "raw_ms": [
        0.045632001012563705,
        0.06723199784755707,
        0.029311999678611755,
        0.030112000182271004,
        0.029279999434947968,
        0.02921600081026554,
        0.02940800040960312,
        0.03017600066959858,
        0.02908799983561039,
        0.030271999537944794,
        0.029120000079274178,
        0.030239999294281006,
        0.02921600081026554,
        0.030208000913262367,
        0.029152000322937965,
        0.02924799919128418,
        0.029152000322937965,
        0.030271999537944794,
        0.029055999591946602,
        0.030208000913262367,
        0.029055999591946602,
        0.03033600002527237,
        0.029120000079274178,
        0.03017600066959858,
        0.02924799919128418,
        0.030239999294281006,
        0.029120000079274178,
        0.02937600016593933,
        0.029184000566601753,
        0.02924799919128418,
        0.02908799983561039,
        0.02921600081026554,
        0.029023999348282814,
        0.029023999348282814,
        0.029055999591946602,
        0.03033600002527237,
        0.029120000079274178,
        0.029120000079274178,
        0.02921600081026554,
        0.029279999434947968,
        0.029055999591946602,
        0.03017600066959858,
        0.029343999922275543,
        0.029184000566601753,
        0.029184000566601753,
        0.029120000079274178,
        0.02908799983561039,
        0.029120000079274178,
        0.029152000322937965,
        0.029152000322937965,
        0.029023999348282814,
        0.03017600066959858,
        0.029152000322937965,
        0.03014400042593479,
        0.02924799919128418,
        0.02908799983561039,
        0.02937600016593933,
        0.029983999207615852,
        0.02924799919128418,
        0.030208000913262367,
        0.02924799919128418,
        0.02924799919128418,
        0.02921600081026554,
        0.030271999537944794,
        0.02924799919128418,
        0.030271999537944794,
        0.029279999434947968,
        0.030239999294281006,
        0.02924799919128418,
        0.030047999694943428,
        0.029279999434947968,
        0.030239999294281006,
        0.029184000566601753,
        0.03014400042593479,
        0.029120000079274178,
        0.029184000566601753,
        0.02924799919128418,
        0.10719999670982361,
        0.033952001482248306,
        0.06988800317049026,
        0.029152000322937965,
        0.03030399978160858,
        0.029184000566601753,
        0.029055999591946602,
        0.029152000322937965,
        0.03014400042593479,
        0.028991999104619026,
        0.03017600066959858,
        0.029184000566601753,
        0.030112000182271004,
        0.029152000322937965,
        0.029343999922275543,
        0.029343999922275543,
        0.029184000566601753,
        0.02921600081026554,
        0.029055999591946602,
        0.02937600016593933,
        0.029952000826597214,
        0.02924799919128418,
        0.029055999591946602
      ],
      "sample_count": 100
    },
    "triton_over_native_median_speedup": 0.45574670578871807,
    "warmup": 10
  },
  "triton_correctness": {
    "allclose": true,
    "atol": 0.0001,
    "finite": true,
    "max_abs": 6.103515625e-05,
    "mean_abs": 3.556289357220521e-06,
    "oracle": "independent FP32 selected-page causal reference over the shared native-staged BF16 query/scalar-FP8-KV Triton inputs",
    "pass": true,
    "rtol": 0.001
  },
  "warmup_calls": 1
}
INFO 08-30 20:41:11 [sparse_attention_msa.py:197] MiniMax M3 MSA sparse decode selected native_c2
USDT:2026-08-30 20:41:12 471098:471098 SyncActivityProfilerHandler.cpp:52] profiler_start
USDT:2026-08-30 20:41:12 471098:471098 SyncActivityProfilerHandler.cpp:59] profiler_stop
INFO 08-30 20:41:12 [sparse_attention_msa.py:197] MiniMax M3 MSA sparse decode selected Triton
{
  "all_gates_pass": true,
  "boundary": "real MiniMaxM3SparseMSAImpl.forward backend layer; no model weights or server scheduler",
  "builder": {
    "checks": {
      "decode_metadata_present": true,
      "native_backend_did_not_make_cutlass_plan": true,
      "native_decode_has_no_cutlass_metadata": true
    },
    "cutlass_plan_cache_size": 0,
    "triton_checks": {
      "triton_decode_metadata_present": true,
      "triton_plan_cache_empty": true
    },
    "triton_cutlass_plan_cache_size": 0
  },
  "caller_output": {
    "pointer_after": 130810829864960,
    "pointer_before": 130810829864960,
    "pointer_unchanged": true
  },
  "correctness": {
    "allclose": true,
    "atol": 0.0001,
    "finite": true,
    "max_abs": 6.103515625e-05,
    "mean_abs": 3.566081204553484e-06,
    "oracle": "independent FP32 selected-page causal reference over exact native BF16-staged FP8 values",
    "pass": true,
    "rtol": 0.001
  },
  "data_contract": {
    "batch": 16,
    "head_dim": 128,
    "input_checksums": {
      "block_table_i32": "2fec2dcfb5802987f19c1bd9d298924dde3aaaa2fff84e433a541a6d78bb6440",
      "packed_kv_fp8": "cef86154aebc4f690cf066cfd1dd869bf46bd2464a2c9877310a27ae34ee2b1a",
      "q_bf16_original_not_timed": "1087f14da0fd9715594214ddb88cc1101594b937fc5a0b7731c8d9f21df7026b",
      "q_bf16_shared_native_staging": "e77323198aa5cd7b4bdecff06973bb82b97231113901fc3088fcf837822aa6ce",
      "query_fp8": "110e139a62a5191840657c3eae426efdcad692103d5d14c1ad075e84b93c1fef",
      "seq_lens_i32": "ac1030be8bde5811c619c0cd7e23969bf835418bdecd10a8bf77d3f5b259bf5e",
      "topk_token_major_i32": "2c33f0b978316d6071179fd3632da64a5c1938b68634692a30cdddaac97ad89d"
    },
    "k_scale": 0.25,
    "kv_heads": 4,
    "page_size": 128,
    "q_scale": 0.25,
    "query_heads": 64,
    "topk": 16,
    "v_scale": 0.5
  },
  "environment": {
    "compute_capability": [
      10,
      3
    ],
    "device": "NVIDIA B300 SXM6 AC",
    "torch": "2.13.0+cu130",
    "vllm_import_root": "/tmp/c2-native-plugin-v12-fresh-runtime-12990.oQ0brnDX/vllm"
  },
  "gates": {
    "caller_owned_output": true,
    "fair_native_vs_triton_abba_timing": true,
    "fp32_oracle_correctness": true,
    "native_static_selection": true,
    "no_cutlass_plan": true,
    "one_profiled_forward_reaches_dispatcher_and_cuda_kernel": true
  },
  "profiled_forward_calls": 1,
  "profiling": {
    "checks": {
      "one_cpu_dispatcher_event": true,
      "one_cuda_native_kernel_event": true,
      "trace_nonempty": true
    },
    "cuda_kernel_events": [
      {
        "count": 1,
        "cpu_total_us": 0.0,
        "cuda_total_us": 0.0,
        "key": "vllm::native_c2::native_c2_msa_decode_kernel(__nv_fp8_e4m3 const*, __nv_fp8_e4m3 const*, int const*, int const*, int const*, __nv_bfloat16*, long, long, long, long, long, long, long, long, long, long, int, int, float, float, float, float)",
        "self_cpu_us": 0.0,
        "self_cuda_us": 0.0
      }
    ],
    "dispatcher_events": [
      {
        "count": 1,
        "cpu_total_us": 982.5809999999999,
        "cuda_total_us": 0.0,
        "key": "_C::native_c2_msa_decode",
        "self_cpu_us": 28.029999999999745,
        "self_cuda_us": 0.0
      }
    ],
    "nearby_keys": [
      "_C::native_c2_msa_decode",
      "vllm::native_c2::native_c2_msa_decode_kernel(__nv_fp8_e4m3 const*, __nv_fp8_e4m3 const*, int const*, int const*, int const*, __nv_bfloat16*, long, long, long, long, long, long, long, long, long, long, int, int, float, float, float, float)"
    ],
    "pass": true,
    "trace": "/home/lcpu/85117379/c2-native-plugin-v12-fresh-backend-artifacts-20260830/job12990/plugin-v12-wheel-full-backend-seed23-job12990.chrome.json"
  },
  "schema": "c2-native-c2-full-vllm-backend-v2",
  "seed": 23,
  "static_selection": {
    "native_backend_alias": true,
    "should_use_msa_decode": true,
    "use_cutlass_decode_is_false": true,
    "use_native_c2_decode": true
  },
  "timing": {
    "caller_owned_output": {
      "native": true,
      "triton": true
    },
    "caller_owned_output_verification": "every warmup and timed call checks result.data_ptr() against its caller-owned output",
    "comparison_input_semantics": "native stages query_fp8 with q_scale and Triton receives the same BF16 query values; packed FP8 KV, scalar scales, sparse metadata, and caller-owned output shapes are shared",
    "native": {
      "median_ms": 0.06419199705123901,
      "p10_ms": 0.0639680027961731,
      "p90_ms": 0.08336000144481659,
      "raw_ms": [
        0.0979200005531311,
        0.09065599739551544,
        0.06380800157785416,
        0.15318399667739868,
        0.06400000303983688,
        0.08671999722719193,
        0.0639680027961731,
        0.08560000360012054,
        0.06403200328350067,
        0.07430399954319,
        0.06384000182151794,
        0.07529599964618683,
        0.06403200328350067,
        0.08355200290679932,
        0.0639680027961731,
        0.07433599978685379,
        0.06384000182151794,
        0.0785600021481514,
        0.06406400352716446,
        0.069023996591568,
        0.06403200328350067,
        0.07017599791288376,
        0.06406400352716446,
        0.08454400300979614,
        0.06403200328350067,
        0.07020799815654755,
        0.06406400352716446,
        0.07836800068616867,
        0.06406400352716446,
        0.0660799965262413,
        0.06406400352716446,
        0.08336000144481659,
        0.06406400352716446,
        0.07027199864387512,
        0.06400000303983688,
        0.0660799965262413,
        0.06412799656391144,
        0.08054400235414505,
        0.06406400352716446,
        0.07529599964618683,
        0.06403200328350067,
        0.09065599739551544,
        0.06403200328350067,
        0.07836800068616867,
        0.06403200328350067,
        0.08044800162315369,
        0.06403200328350067,
        0.0732479989528656,
        0.06403200328350067,
        0.06812799721956253,
        0.06425599753856659,
        0.08144000172615051,
        0.06403200328350067,
        0.06489600241184235,
        0.06403200328350067,
        0.07427199929952621,
        0.06403200328350067,
        0.06691200286149979,
        0.06403200328350067,
        0.06300800293684006,
        0.06403200328350067,
        0.07836800068616867,
        0.06403200328350067,
        0.06710399687290192,
        0.06403200328350067,
        0.07929600030183792,
        0.06403200328350067,
        0.06915199756622314,
        0.06403200328350067,
        0.07017599791288376,
        0.06403200328350067,
        0.07119999825954437,
        0.06403200328350067,
        0.06812799721956253,
        0.0639680027961731,
        0.0772479996085167,
        0.06393600255250931,
        0.06588800251483917,
        0.06406400352716446,
        0.08860799670219421,
        0.06406400352716446,
        0.07110399752855301,
        0.06403200328350067,
        0.07631999999284744,
        0.06403200328350067,
        0.07119999825954437,
        0.0639680027961731,
        0.06380800157785416,
        0.06403200328350067,
        0.0804160013794899,
        0.06403200328350067,
        0.07017599791288376,
        0.06403200328350067,
        0.07631999999284744,
        0.0639680027961731,
        0.06812799721956253,
        0.06387200206518173,
        0.0660799965262413,
        0.06406400352716446,
        0.08348800241947174
      ],
      "sample_count": 100
    },
    "native_over_triton_median_latency_ratio": 2.1971520834803666,
    "pass": true,
    "pre_timing_checks": {
      "distinct_output_buffers": true,
      "native_hard_gates": true,
      "triton_builder": true,
      "triton_correctness": true,
      "triton_static_selection": true
    },
    "protocol": "CUDA events; separate warmup excluded; ABBA=native,triton,triton,native; one default stream; input, metadata, output allocation, and oracle excluded",
    "ratio_interpretation": "triton_over_native < 1 means native is slower; native_over_triton is the direct latency-regression factor",
    "raw_cycles_ms": [
      {
        "native_a_0": 0.0979200005531311,
        "native_a_3": 0.09065599739551544,
        "triton_b_1": 0.034432001411914825,
        "triton_b_2": 0.06646399945020676
      },
      {
        "native_a_0": 0.06380800157785416,
        "native_a_3": 0.15318399667739868,
        "triton_b_1": 0.02921600081026554,
        "triton_b_2": 0.02921600081026554
      },
      {
        "native_a_0": 0.06400000303983688,
        "native_a_3": 0.08671999722719193,
        "triton_b_1": 0.02921600081026554,
        "triton_b_2": 0.04150399938225746
      },
      {
        "native_a_0": 0.0639680027961731,
        "native_a_3": 0.08560000360012054,
        "triton_b_1": 0.029120000079274178,
        "triton_b_2": 0.03126399964094162
      },
      {
        "native_a_0": 0.06403200328350067,
        "native_a_3": 0.07430399954319,
        "triton_b_1": 0.028960000723600388,
        "triton_b_2": 0.029343999922275543
      },
      {
        "native_a_0": 0.06384000182151794,
        "native_a_3": 0.07529599964618683,
        "triton_b_1": 0.02921600081026554,
        "triton_b_2": 0.02924799919128418
      },
      {
        "native_a_0": 0.06403200328350067,
        "native_a_3": 0.08355200290679932,
        "triton_b_1": 0.02921600081026554,
        "triton_b_2": 0.03743999823927879
      },
      {
        "native_a_0": 0.0639680027961731,
        "native_a_3": 0.07433599978685379,
        "triton_b_1": 0.029120000079274178,
        "triton_b_2": 0.029343999922275543
      },
      {
        "native_a_0": 0.06384000182151794,
        "native_a_3": 0.0785600021481514,
        "triton_b_1": 0.02921600081026554,
        "triton_b_2": 0.03014400042593479
      },
      {
        "native_a_0": 0.06406400352716446,
        "native_a_3": 0.069023996591568,
        "triton_b_1": 0.029152000322937965,
        "triton_b_2": 0.029503999277949333
      },
      {
        "native_a_0": 0.06403200328350067,
        "native_a_3": 0.07017599791288376,
        "triton_b_1": 0.029184000566601753,
        "triton_b_2": 0.030208000913262367
      },
      {
        "native_a_0": 0.06406400352716446,
        "native_a_3": 0.08454400300979614,
        "triton_b_1": 0.029184000566601753,
        "triton_b_2": 0.03331200033426285
      },
      {
        "native_a_0": 0.06403200328350067,
        "native_a_3": 0.07020799815654755,
        "triton_b_1": 0.029152000322937965,
        "triton_b_2": 0.029279999434947968
      },
      {
        "native_a_0": 0.06406400352716446,
        "native_a_3": 0.07836800068616867,
        "triton_b_1": 0.029152000322937965,
        "triton_b_2": 0.030208000913262367
      },
      {
        "native_a_0": 0.06406400352716446,
        "native_a_3": 0.0660799965262413,
        "triton_b_1": 0.02940800040960312,
        "triton_b_2": 0.03001599945127964
      },
      {
        "native_a_0": 0.06406400352716446,
        "native_a_3": 0.08336000144481659,
        "triton_b_1": 0.029184000566601753,
        "triton_b_2": 0.03017600066959858
      },
      {
        "native_a_0": 0.06406400352716446,
        "native_a_3": 0.07027199864387512,
        "triton_b_1": 0.029120000079274178,
        "triton_b_2": 0.030208000913262367
      },
      {
        "native_a_0": 0.06400000303983688,
        "native_a_3": 0.0660799965262413,
        "triton_b_1": 0.029184000566601753,
        "triton_b_2": 0.03017600066959858
      },
      {
        "native_a_0": 0.06412799656391144,
        "native_a_3": 0.08054400235414505,
        "triton_b_1": 0.02908799983561039,
        "triton_b_2": 0.029120000079274178
      },
      {
        "native_a_0": 0.06406400352716446,
        "native_a_3": 0.07529599964618683,
        "triton_b_1": 0.02908799983561039,
        "triton_b_2": 0.03030399978160858
      },
      {
        "native_a_0": 0.06403200328350067,
        "native_a_3": 0.09065599739551544,
        "triton_b_1": 0.02921600081026554,
        "triton_b_2": 0.08243200182914734
      },
      {
        "native_a_0": 0.06403200328350067,
        "native_a_3": 0.07836800068616867,
        "triton_b_1": 0.029279999434947968,
        "triton_b_2": 0.030112000182271004
      },
      {
        "native_a_0": 0.06403200328350067,
        "native_a_3": 0.08044800162315369,
        "triton_b_1": 0.029440000653266907,
        "triton_b_2": 0.029023999348282814
      },
      {
        "native_a_0": 0.06403200328350067,
        "native_a_3": 0.0732479989528656,
        "triton_b_1": 0.02921600081026554,
        "triton_b_2": 0.030112000182271004
      },
      {
        "native_a_0": 0.06403200328350067,
        "native_a_3": 0.06812799721956253,
        "triton_b_1": 0.028991999104619026,
        "triton_b_2": 0.030239999294281006
      },
      {
        "native_a_0": 0.06425599753856659,
        "native_a_3": 0.08144000172615051,
        "triton_b_1": 0.028991999104619026,
        "triton_b_2": 0.030239999294281006
      },
      {
        "native_a_0": 0.06403200328350067,
        "native_a_3": 0.06489600241184235,
        "triton_b_1": 0.029184000566601753,
        "triton_b_2": 0.03017600066959858
      },
      {
        "native_a_0": 0.06403200328350067,
        "native_a_3": 0.07427199929952621,
        "triton_b_1": 0.02921600081026554,
        "triton_b_2": 0.02921600081026554
      },
      {
        "native_a_0": 0.06403200328350067,
        "native_a_3": 0.06691200286149979,
        "triton_b_1": 0.029184000566601753,
        "triton_b_2": 0.029184000566601753
      },
      {
        "native_a_0": 0.06403200328350067,
        "native_a_3": 0.06300800293684006,
        "triton_b_1": 0.029311999678611755,
        "triton_b_2": 0.029184000566601753
      },
      {
        "native_a_0": 0.06403200328350067,
        "native_a_3": 0.07836800068616867,
        "triton_b_1": 0.02921600081026554,
        "triton_b_2": 0.030208000913262367
      },
      {
        "native_a_0": 0.06403200328350067,
        "native_a_3": 0.06710399687290192,
        "triton_b_1": 0.02937600016593933,
        "triton_b_2": 0.029055999591946602
      },
      {
        "native_a_0": 0.06403200328350067,
        "native_a_3": 0.07929600030183792,
        "triton_b_1": 0.02921600081026554,
        "triton_b_2": 0.030239999294281006
      },
      {
        "native_a_0": 0.06403200328350067,
        "native_a_3": 0.06915199756622314,
        "triton_b_1": 0.02940800040960312,
        "triton_b_2": 0.029055999591946602
      },
      {
        "native_a_0": 0.06403200328350067,
        "native_a_3": 0.07017599791288376,
        "triton_b_1": 0.029120000079274178,
        "triton_b_2": 0.02921600081026554
      },
      {
        "native_a_0": 0.06403200328350067,
        "native_a_3": 0.07119999825954437,
        "triton_b_1": 0.02956799976527691,
        "triton_b_2": 0.028863999992609024
      },
      {
        "native_a_0": 0.06403200328350067,
        "native_a_3": 0.06812799721956253,
        "triton_b_1": 0.029184000566601753,
        "triton_b_2": 0.029184000566601753
      },
      {
        "native_a_0": 0.0639680027961731,
        "native_a_3": 0.0772479996085167,
        "triton_b_1": 0.029184000566601753,
        "triton_b_2": 0.030271999537944794
      },
      {
        "native_a_0": 0.06393600255250931,
        "native_a_3": 0.06588800251483917,
        "triton_b_1": 0.02921600081026554,
        "triton_b_2": 0.02921600081026554
      },
      {
        "native_a_0": 0.06406400352716446,
        "native_a_3": 0.08860799670219421,
        "triton_b_1": 0.02940800040960312,
        "triton_b_2": 0.0679360032081604
      },
      {
        "native_a_0": 0.06406400352716446,
        "native_a_3": 0.07110399752855301,
        "triton_b_1": 0.029055999591946602,
        "triton_b_2": 0.029888000339269638
      },
      {
        "native_a_0": 0.06403200328350067,
        "native_a_3": 0.07631999999284744,
        "triton_b_1": 0.02921600081026554,
        "triton_b_2": 0.030239999294281006
      },
      {
        "native_a_0": 0.06403200328350067,
        "native_a_3": 0.07119999825954437,
        "triton_b_1": 0.02921600081026554,
        "triton_b_2": 0.030239999294281006
      },
      {
        "native_a_0": 0.0639680027961731,
        "native_a_3": 0.06380800157785416,
        "triton_b_1": 0.02921600081026554,
        "triton_b_2": 0.030239999294281006
      },
      {
        "native_a_0": 0.06403200328350067,
        "native_a_3": 0.0804160013794899,
        "triton_b_1": 0.029184000566601753,
        "triton_b_2": 0.029023999348282814
      },
      {
        "native_a_0": 0.06403200328350067,
        "native_a_3": 0.07017599791288376,
        "triton_b_1": 0.02921600081026554,
        "triton_b_2": 0.02921600081026554
      },
      {
        "native_a_0": 0.06403200328350067,
        "native_a_3": 0.07631999999284744,
        "triton_b_1": 0.02921600081026554,
        "triton_b_2": 0.02921600081026554
      },
      {
        "native_a_0": 0.0639680027961731,
        "native_a_3": 0.06812799721956253,
        "triton_b_1": 0.02921600081026554,
        "triton_b_2": 0.030239999294281006
      },
      {
        "native_a_0": 0.06387200206518173,
        "native_a_3": 0.0660799965262413,
        "triton_b_1": 0.02921600081026554,
        "triton_b_2": 0.030271999537944794
      },
      {
        "native_a_0": 0.06406400352716446,
        "native_a_3": 0.08348800241947174,
        "triton_b_1": 0.029184000566601753,
        "triton_b_2": 0.030079999938607216
      }
    ],
    "repetitions": 50,
    "triton": {
      "median_ms": 0.02921600081026554,
      "p10_ms": 0.02908799983561039,
      "p90_ms": 0.030271999537944794,
      "raw_ms": [
        0.034432001411914825,
        0.06646399945020676,
        0.02921600081026554,
        0.02921600081026554,
        0.02921600081026554,
        0.04150399938225746,
        0.029120000079274178,
        0.03126399964094162,
        0.028960000723600388,
        0.029343999922275543,
        0.02921600081026554,
        0.02924799919128418,
        0.02921600081026554,
        0.03743999823927879,
        0.029120000079274178,
        0.029343999922275543,
        0.02921600081026554,
        0.03014400042593479,
        0.029152000322937965,
        0.029503999277949333,
        0.029184000566601753,
        0.030208000913262367,
        0.029184000566601753,
        0.03331200033426285,
        0.029152000322937965,
        0.029279999434947968,
        0.029152000322937965,
        0.030208000913262367,
        0.02940800040960312,
        0.03001599945127964,
        0.029184000566601753,
        0.03017600066959858,
        0.029120000079274178,
        0.030208000913262367,
        0.029184000566601753,
        0.03017600066959858,
        0.02908799983561039,
        0.029120000079274178,
        0.02908799983561039,
        0.03030399978160858,
        0.02921600081026554,
        0.08243200182914734,
        0.029279999434947968,
        0.030112000182271004,
        0.029440000653266907,
        0.029023999348282814,
        0.02921600081026554,
        0.030112000182271004,
        0.028991999104619026,
        0.030239999294281006,
        0.028991999104619026,
        0.030239999294281006,
        0.029184000566601753,
        0.03017600066959858,
        0.02921600081026554,
        0.02921600081026554,
        0.029184000566601753,
        0.029184000566601753,
        0.029311999678611755,
        0.029184000566601753,
        0.02921600081026554,
        0.030208000913262367,
        0.02937600016593933,
        0.029055999591946602,
        0.02921600081026554,
        0.030239999294281006,
        0.02940800040960312,
        0.029055999591946602,
        0.029120000079274178,
        0.02921600081026554,
        0.02956799976527691,
        0.028863999992609024,
        0.029184000566601753,
        0.029184000566601753,
        0.029184000566601753,
        0.030271999537944794,
        0.02921600081026554,
        0.02921600081026554,
        0.02940800040960312,
        0.0679360032081604,
        0.029055999591946602,
        0.029888000339269638,
        0.02921600081026554,
        0.030239999294281006,
        0.02921600081026554,
        0.030239999294281006,
        0.02921600081026554,
        0.030239999294281006,
        0.029184000566601753,
        0.029023999348282814,
        0.02921600081026554,
        0.02921600081026554,
        0.02921600081026554,
        0.02921600081026554,
        0.02921600081026554,
        0.030239999294281006,
        0.02921600081026554,
        0.030271999537944794,
        0.029184000566601753,
        0.030079999938607216
      ],
      "sample_count": 100
    },
    "triton_over_native_median_speedup": 0.45513462974122604,
    "warmup": 10
  },
  "triton_correctness": {
    "allclose": true,
    "atol": 0.0001,
    "finite": true,
    "max_abs": 6.103515625e-05,
    "mean_abs": 3.5536322684492916e-06,
    "oracle": "independent FP32 selected-page causal reference over the shared native-staged BF16 query/scalar-FP8-KV Triton inputs",
    "pass": true,
    "rtol": 0.001
  },
  "warmup_calls": 1
}
INFO 08-30 20:41:21 [sparse_attention_msa.py:197] MiniMax M3 MSA sparse decode selected native_c2
USDT:2026-08-30 20:41:21 471215:471215 SyncActivityProfilerHandler.cpp:52] profiler_start
USDT:2026-08-30 20:41:21 471215:471215 SyncActivityProfilerHandler.cpp:59] profiler_stop
INFO 08-30 20:41:21 [sparse_attention_msa.py:197] MiniMax M3 MSA sparse decode selected Triton
{
  "all_gates_pass": true,
  "boundary": "real MiniMaxM3SparseMSAImpl.forward backend layer; no model weights or server scheduler",
  "builder": {
    "checks": {
      "decode_metadata_present": true,
      "native_backend_did_not_make_cutlass_plan": true,
      "native_decode_has_no_cutlass_metadata": true
    },
    "cutlass_plan_cache_size": 0,
    "triton_checks": {
      "triton_decode_metadata_present": true,
      "triton_plan_cache_empty": true
    },
    "triton_cutlass_plan_cache_size": 0
  },
  "caller_output": {
    "pointer_after": 133083874197504,
    "pointer_before": 133083874197504,
    "pointer_unchanged": true
  },
  "correctness": {
    "allclose": true,
    "atol": 0.0001,
    "finite": true,
    "max_abs": 6.103515625e-05,
    "mean_abs": 3.5711047985387268e-06,
    "oracle": "independent FP32 selected-page causal reference over exact native BF16-staged FP8 values",
    "pass": true,
    "rtol": 0.001
  },
  "data_contract": {
    "batch": 16,
    "head_dim": 128,
    "input_checksums": {
      "block_table_i32": "282a0ff38627bebe3081610e19dec19556e9843bd8619e4af261dd5cb76439ed",
      "packed_kv_fp8": "217ad0e83ddec77228bff7d7ffbee978929bb6f949fd814b9f6c1ab6f521ad55",
      "q_bf16_original_not_timed": "50250a5b6c2836f048bbcde61bd4b2e3aea895ea3032040b4dee845aa0e83678",
      "q_bf16_shared_native_staging": "f6d1ad83633b24a2eecf61c548a90c076a5f59ac14be9266d0ce7ae2143a7a3b",
      "query_fp8": "5fbbd69e9e56200c78f38afb0140054fb536297f8149a3c3926e1c9ae47c388d",
      "seq_lens_i32": "57dac3c844328c8de799577951e433089bc2e42737cd47508506326801d0aa4b",
      "topk_token_major_i32": "ea7a7bf78b2d6b44c44519136f33c2547943c3b1416cf0e264758c74042cc5c6"
    },
    "k_scale": 0.25,
    "kv_heads": 4,
    "page_size": 128,
    "q_scale": 0.25,
    "query_heads": 64,
    "topk": 16,
    "v_scale": 0.5
  },
  "environment": {
    "compute_capability": [
      10,
      3
    ],
    "device": "NVIDIA B300 SXM6 AC",
    "torch": "2.13.0+cu130",
    "vllm_import_root": "/tmp/c2-native-plugin-v12-fresh-runtime-12990.oQ0brnDX/vllm"
  },
  "gates": {
    "caller_owned_output": true,
    "fair_native_vs_triton_abba_timing": true,
    "fp32_oracle_correctness": true,
    "native_static_selection": true,
    "no_cutlass_plan": true,
    "one_profiled_forward_reaches_dispatcher_and_cuda_kernel": true
  },
  "profiled_forward_calls": 1,
  "profiling": {
    "checks": {
      "one_cpu_dispatcher_event": true,
      "one_cuda_native_kernel_event": true,
      "trace_nonempty": true
    },
    "cuda_kernel_events": [
      {
        "count": 1,
        "cpu_total_us": 0.0,
        "cuda_total_us": 0.0,
        "key": "vllm::native_c2::native_c2_msa_decode_kernel(__nv_fp8_e4m3 const*, __nv_fp8_e4m3 const*, int const*, int const*, int const*, __nv_bfloat16*, long, long, long, long, long, long, long, long, long, long, int, int, float, float, float, float)",
        "self_cpu_us": 0.0,
        "self_cuda_us": 0.0
      }
    ],
    "dispatcher_events": [
      {
        "count": 1,
        "cpu_total_us": 983.151,
        "cuda_total_us": 0.0,
        "key": "_C::native_c2_msa_decode",
        "self_cpu_us": 23.33000000000027,
        "self_cuda_us": 0.0
      }
    ],
    "nearby_keys": [
      "_C::native_c2_msa_decode",
      "vllm::native_c2::native_c2_msa_decode_kernel(__nv_fp8_e4m3 const*, __nv_fp8_e4m3 const*, int const*, int const*, int const*, __nv_bfloat16*, long, long, long, long, long, long, long, long, long, long, int, int, float, float, float, float)"
    ],
    "pass": true,
    "trace": "/home/lcpu/85117379/c2-native-plugin-v12-fresh-backend-artifacts-20260830/job12990/plugin-v12-wheel-full-backend-seed42-job12990.chrome.json"
  },
  "schema": "c2-native-c2-full-vllm-backend-v2",
  "seed": 42,
  "static_selection": {
    "native_backend_alias": true,
    "should_use_msa_decode": true,
    "use_cutlass_decode_is_false": true,
    "use_native_c2_decode": true
  },
  "timing": {
    "caller_owned_output": {
      "native": true,
      "triton": true
    },
    "caller_owned_output_verification": "every warmup and timed call checks result.data_ptr() against its caller-owned output",
    "comparison_input_semantics": "native stages query_fp8 with q_scale and Triton receives the same BF16 query values; packed FP8 KV, scalar scales, sparse metadata, and caller-owned output shapes are shared",
    "native": {
      "median_ms": 0.06521599739789963,
      "p10_ms": 0.06384000182151794,
      "p90_ms": 0.08163200318813324,
      "raw_ms": [
        0.09683199971914291,
        0.09084799885749817,
        0.06319999694824219,
        0.08556800335645676,
        0.06415999680757523,
        0.07638400048017502,
        0.06521599739789963,
        0.08659200370311737,
        0.06310400366783142,
        0.077504001557827,
        0.06403200328350067,
        0.07433599978685379,
        0.0631679967045784,
        0.0857279971241951,
        0.06406400352716446,
        0.08867199718952179,
        0.06384000182151794,
        0.08163200318813324,
        0.06400000303983688,
        0.07545600086450577,
        0.06409599632024765,
        0.08563199639320374,
        0.0639680027961731,
        0.07126399874687195,
        0.06409599632024765,
        0.07638400048017502,
        0.06403200328350067,
        0.06921599805355072,
        0.06412799656391144,
        0.07036799937486649,
        0.06403200328350067,
        0.08764799684286118,
        0.06406400352716446,
        0.07344000041484833,
        0.06400000303983688,
        0.07840000092983246,
        0.0639680027961731,
        0.07119999825954437,
        0.06409599632024765,
        0.07843200117349625,
        0.06409599632024765,
        0.0732479989528656,
        0.06393600255250931,
        0.07846400141716003,
        0.06409599632024765,
        0.07123199850320816,
        0.06326399743556976,
        0.0713919997215271,
        0.06409599632024765,
        0.0793600007891655,
        0.06419199705123901,
        0.0681919977068901,
        0.06409599632024765,
        0.07731200009584427,
        0.06425599753856659,
        0.0671359971165657,
        0.06409599632024765,
        0.06588800251483917,
        0.06412799656391144,
        0.07331199944019318,
        0.06393600255250931,
        0.06406400352716446,
        0.06521599739789963,
        0.07446400076150894,
        0.06409599632024765,
        0.06831999868154526,
        0.0631679967045784,
        0.06409599632024765,
        0.06319999694824219,
        0.08774399757385254,
        0.06419199705123901,
        0.07215999811887741,
        0.06409599632024765,
        0.07539200037717819,
        0.06419199705123901,
        0.06496000289916992,
        0.06384000182151794,
        0.07446400076150894,
        0.06521599739789963,
        0.08767999708652496,
        0.06412799656391144,
        0.07651200145483017,
        0.06313599646091461,
        0.0703359991312027,
        0.06387200206518173,
        0.06719999760389328,
        0.0642239972949028,
        0.07945600152015686,
        0.06409599632024765,
        0.06521599739789963,
        0.0642239972949028,
        0.07631999999284744,
        0.06409599632024765,
        0.0692799985408783,
        0.06524799764156342,
        0.07011199742555618,
        0.06400000303983688,
        0.07740800082683563,
        0.06313599646091461,
        0.06924799829721451
      ],
      "sample_count": 100
    },
    "native_over_triton_median_latency_ratio": 2.2188349469033333,
    "pass": true,
    "pre_timing_checks": {
      "distinct_output_buffers": true,
      "native_hard_gates": true,
      "triton_builder": true,
      "triton_correctness": true,
      "triton_static_selection": true
    },
    "protocol": "CUDA events; separate warmup excluded; ABBA=native,triton,triton,native; one default stream; input, metadata, output allocation, and oracle excluded",
    "ratio_interpretation": "triton_over_native < 1 means native is slower; native_over_triton is the direct latency-regression factor",
    "raw_cycles_ms": [
      {
        "native_a_0": 0.09683199971914291,
        "native_a_3": 0.09084799885749817,
        "triton_b_1": 0.03359999880194664,
        "triton_b_2": 0.06860800087451935
      },
      {
        "native_a_0": 0.06319999694824219,
        "native_a_3": 0.08556800335645676,
        "triton_b_1": 0.02921600081026554,
        "triton_b_2": 0.04374400153756142
      },
      {
        "native_a_0": 0.06415999680757523,
        "native_a_3": 0.07638400048017502,
        "triton_b_1": 0.029311999678611755,
        "triton_b_2": 0.029440000653266907
      },
      {
        "native_a_0": 0.06521599739789963,
        "native_a_3": 0.08659200370311737,
        "triton_b_1": 0.02937600016593933,
        "triton_b_2": 0.030208000913262367
      },
      {
        "native_a_0": 0.06310400366783142,
        "native_a_3": 0.077504001557827,
        "triton_b_1": 0.029503999277949333,
        "triton_b_2": 0.030239999294281006
      },
      {
        "native_a_0": 0.06403200328350067,
        "native_a_3": 0.07433599978685379,
        "triton_b_1": 0.02924799919128418,
        "triton_b_2": 0.02940800040960312
      },
      {
        "native_a_0": 0.0631679967045784,
        "native_a_3": 0.0857279971241951,
        "triton_b_1": 0.029343999922275543,
        "triton_b_2": 0.03347200155258179
      },
      {
        "native_a_0": 0.06406400352716446,
        "native_a_3": 0.08867199718952179,
        "triton_b_1": 0.029311999678611755,
        "triton_b_2": 0.03046399913728237
      },
      {
        "native_a_0": 0.06384000182151794,
        "native_a_3": 0.08163200318813324,
        "triton_b_1": 0.02937600016593933,
        "triton_b_2": 0.02940800040960312
      },
      {
        "native_a_0": 0.06400000303983688,
        "native_a_3": 0.07545600086450577,
        "triton_b_1": 0.029279999434947968,
        "triton_b_2": 0.02921600081026554
      },
      {
        "native_a_0": 0.06409599632024765,
        "native_a_3": 0.08563199639320374,
        "triton_b_1": 0.02921600081026554,
        "triton_b_2": 0.03030399978160858
      },
      {
        "native_a_0": 0.0639680027961731,
        "native_a_3": 0.07126399874687195,
        "triton_b_1": 0.02921600081026554,
        "triton_b_2": 0.03033600002527237
      },
      {
        "native_a_0": 0.06409599632024765,
        "native_a_3": 0.07638400048017502,
        "triton_b_1": 0.02937600016593933,
        "triton_b_2": 0.030208000913262367
      },
      {
        "native_a_0": 0.06403200328350067,
        "native_a_3": 0.06921599805355072,
        "triton_b_1": 0.02921600081026554,
        "triton_b_2": 0.03033600002527237
      },
      {
        "native_a_0": 0.06412799656391144,
        "native_a_3": 0.07036799937486649,
        "triton_b_1": 0.02924799919128418,
        "triton_b_2": 0.03030399978160858
      },
      {
        "native_a_0": 0.06403200328350067,
        "native_a_3": 0.08764799684286118,
        "triton_b_1": 0.06351999938488007,
        "triton_b_2": 0.07011199742555618
      },
      {
        "native_a_0": 0.06406400352716446,
        "native_a_3": 0.07344000041484833,
        "triton_b_1": 0.02940800040960312,
        "triton_b_2": 0.029343999922275543
      },
      {
        "native_a_0": 0.06400000303983688,
        "native_a_3": 0.07840000092983246,
        "triton_b_1": 0.02924799919128418,
        "triton_b_2": 0.030400000512599945
      },
      {
        "native_a_0": 0.0639680027961731,
        "native_a_3": 0.07119999825954437,
        "triton_b_1": 0.02924799919128418,
        "triton_b_2": 0.030208000913262367
      },
      {
        "native_a_0": 0.06409599632024765,
        "native_a_3": 0.07843200117349625,
        "triton_b_1": 0.02908799983561039,
        "triton_b_2": 0.03033600002527237
      },
      {
        "native_a_0": 0.06409599632024765,
        "native_a_3": 0.0732479989528656,
        "triton_b_1": 0.02921600081026554,
        "triton_b_2": 0.030368000268936157
      },
      {
        "native_a_0": 0.06393600255250931,
        "native_a_3": 0.07846400141716003,
        "triton_b_1": 0.02924799919128418,
        "triton_b_2": 0.03014400042593479
      },
      {
        "native_a_0": 0.06409599632024765,
        "native_a_3": 0.07123199850320816,
        "triton_b_1": 0.02937600016593933,
        "triton_b_2": 0.029120000079274178
      },
      {
        "native_a_0": 0.06326399743556976,
        "native_a_3": 0.0713919997215271,
        "triton_b_1": 0.029311999678611755,
        "triton_b_2": 0.030112000182271004
      },
      {
        "native_a_0": 0.06409599632024765,
        "native_a_3": 0.0793600007891655,
        "triton_b_1": 0.029311999678611755,
        "triton_b_2": 0.029343999922275543
      },
      {
        "native_a_0": 0.06419199705123901,
        "native_a_3": 0.0681919977068901,
        "triton_b_1": 0.02921600081026554,
        "triton_b_2": 0.029311999678611755
      },
      {
        "native_a_0": 0.06409599632024765,
        "native_a_3": 0.07731200009584427,
        "triton_b_1": 0.029311999678611755,
        "triton_b_2": 0.029279999434947968
      },
      {
        "native_a_0": 0.06425599753856659,
        "native_a_3": 0.0671359971165657,
        "triton_b_1": 0.029120000079274178,
        "triton_b_2": 0.030271999537944794
      },
      {
        "native_a_0": 0.06409599632024765,
        "native_a_3": 0.06588800251483917,
        "triton_b_1": 0.029311999678611755,
        "triton_b_2": 0.030271999537944794
      },
      {
        "native_a_0": 0.06412799656391144,
        "native_a_3": 0.07331199944019318,
        "triton_b_1": 0.029503999277949333,
        "triton_b_2": 0.030079999938607216
      },
      {
        "native_a_0": 0.06393600255250931,
        "native_a_3": 0.06406400352716446,
        "triton_b_1": 0.029279999434947968,
        "triton_b_2": 0.029055999591946602
      },
      {
        "native_a_0": 0.06521599739789963,
        "native_a_3": 0.07446400076150894,
        "triton_b_1": 0.02937600016593933,
        "triton_b_2": 0.029152000322937965
      },
      {
        "native_a_0": 0.06409599632024765,
        "native_a_3": 0.06831999868154526,
        "triton_b_1": 0.029440000653266907,
        "triton_b_2": 0.02921600081026554
      },
      {
        "native_a_0": 0.0631679967045784,
        "native_a_3": 0.06409599632024765,
        "triton_b_1": 0.02940800040960312,
        "triton_b_2": 0.030400000512599945
      },
      {
        "native_a_0": 0.06319999694824219,
        "native_a_3": 0.08774399757385254,
        "triton_b_1": 0.06147199869155884,
        "triton_b_2": 0.07158400118350983
      },
      {
        "native_a_0": 0.06419199705123901,
        "native_a_3": 0.07215999811887741,
        "triton_b_1": 0.029184000566601753,
        "triton_b_2": 0.029600000008940697
      },
      {
        "native_a_0": 0.06409599632024765,
        "native_a_3": 0.07539200037717819,
        "triton_b_1": 0.029311999678611755,
        "triton_b_2": 0.02924799919128418
      },
      {
        "native_a_0": 0.06419199705123901,
        "native_a_3": 0.06496000289916992,
        "triton_b_1": 0.02940800040960312,
        "triton_b_2": 0.029600000008940697
      },
      {
        "native_a_0": 0.06384000182151794,
        "native_a_3": 0.07446400076150894,
        "triton_b_1": 0.029311999678611755,
        "triton_b_2": 0.030432000756263733
      },
      {
        "native_a_0": 0.06521599739789963,
        "native_a_3": 0.08767999708652496,
        "triton_b_1": 0.03244800120592117,
        "triton_b_2": 0.06726399809122086
      },
      {
        "native_a_0": 0.06412799656391144,
        "native_a_3": 0.07651200145483017,
        "triton_b_1": 0.029279999434947968,
        "triton_b_2": 0.030368000268936157
      },
      {
        "native_a_0": 0.06313599646091461,
        "native_a_3": 0.0703359991312027,
        "triton_b_1": 0.029440000653266907,
        "triton_b_2": 0.029279999434947968
      },
      {
        "native_a_0": 0.06387200206518173,
        "native_a_3": 0.06719999760389328,
        "triton_b_1": 0.029279999434947968,
        "triton_b_2": 0.03049599938094616
      },
      {
        "native_a_0": 0.0642239972949028,
        "native_a_3": 0.07945600152015686,
        "triton_b_1": 0.02921600081026554,
        "triton_b_2": 0.02937600016593933
      },
      {
        "native_a_0": 0.06409599632024765,
        "native_a_3": 0.06521599739789963,
        "triton_b_1": 0.029279999434947968,
        "triton_b_2": 0.02940800040960312
      },
      {
        "native_a_0": 0.0642239972949028,
        "native_a_3": 0.07631999999284744,
        "triton_b_1": 0.029279999434947968,
        "triton_b_2": 0.029440000653266907
      },
      {
        "native_a_0": 0.06409599632024765,
        "native_a_3": 0.0692799985408783,
        "triton_b_1": 0.029823999851942062,
        "triton_b_2": 0.029952000826597214
      },
      {
        "native_a_0": 0.06524799764156342,
        "native_a_3": 0.07011199742555618,
        "triton_b_1": 0.02937600016593933,
        "triton_b_2": 0.029503999277949333
      },
      {
        "native_a_0": 0.06400000303983688,
        "native_a_3": 0.07740800082683563,
        "triton_b_1": 0.029311999678611755,
        "triton_b_2": 0.030368000268936157
      },
      {
        "native_a_0": 0.06313599646091461,
        "native_a_3": 0.06924799829721451,
        "triton_b_1": 0.02921600081026554,
        "triton_b_2": 0.030432000756263733
      }
    ],
    "repetitions": 50,
    "triton": {
      "median_ms": 0.029392000287771225,
      "p10_ms": 0.02921600081026554,
      "p90_ms": 0.03049599938094616,
      "raw_ms": [
        0.03359999880194664,
        0.06860800087451935,
        0.02921600081026554,
        0.04374400153756142,
        0.029311999678611755,
        0.029440000653266907,
        0.02937600016593933,
        0.030208000913262367,
        0.029503999277949333,
        0.030239999294281006,
        0.02924799919128418,
        0.02940800040960312,
        0.029343999922275543,
        0.03347200155258179,
        0.029311999678611755,
        0.03046399913728237,
        0.02937600016593933,
        0.02940800040960312,
        0.029279999434947968,
        0.02921600081026554,
        0.02921600081026554,
        0.03030399978160858,
        0.02921600081026554,
        0.03033600002527237,
        0.02937600016593933,
        0.030208000913262367,
        0.02921600081026554,
        0.03033600002527237,
        0.02924799919128418,
        0.03030399978160858,
        0.06351999938488007,
        0.07011199742555618,
        0.02940800040960312,
        0.029343999922275543,
        0.02924799919128418,
        0.030400000512599945,
        0.02924799919128418,
        0.030208000913262367,
        0.02908799983561039,
        0.03033600002527237,
        0.02921600081026554,
        0.030368000268936157,
        0.02924799919128418,
        0.03014400042593479,
        0.02937600016593933,
        0.029120000079274178,
        0.029311999678611755,
        0.030112000182271004,
        0.029311999678611755,
        0.029343999922275543,
        0.02921600081026554,
        0.029311999678611755,
        0.029311999678611755,
        0.029279999434947968,
        0.029120000079274178,
        0.030271999537944794,
        0.029311999678611755,
        0.030271999537944794,
        0.029503999277949333,
        0.030079999938607216,
        0.029279999434947968,
        0.029055999591946602,
        0.02937600016593933,
        0.029152000322937965,
        0.029440000653266907,
        0.02921600081026554,
        0.02940800040960312,
        0.030400000512599945,
        0.06147199869155884,
        0.07158400118350983,
        0.029184000566601753,
        0.029600000008940697,
        0.029311999678611755,
        0.02924799919128418,
        0.02940800040960312,
        0.029600000008940697,
        0.029311999678611755,
        0.030432000756263733,
        0.03244800120592117,
        0.06726399809122086,
        0.029279999434947968,
        0.030368000268936157,
        0.029440000653266907,
        0.029279999434947968,
        0.029279999434947968,
        0.03049599938094616,
        0.02921600081026554,
        0.02937600016593933,
        0.029279999434947968,
        0.02940800040960312,
        0.029279999434947968,
        0.029440000653266907,
        0.029823999851942062,
        0.029952000826597214,
        0.02937600016593933,
        0.029503999277949333,
        0.029311999678611755,
        0.030368000268936157,
        0.02921600081026554,
        0.030432000756263733
      ],
      "sample_count": 100
    },
    "triton_over_native_median_speedup": 0.4506869703830955,
    "warmup": 10
  },
  "triton_correctness": {
    "allclose": true,
    "atol": 0.0001,
    "finite": true,
    "max_abs": 6.103515625e-05,
    "mean_abs": 3.5733673939830624e-06,
    "oracle": "independent FP32 selected-page causal reference over the shared native-staged BF16 query/scalar-FP8-KV Triton inputs",
    "pass": true,
    "rtol": 0.001
  },
  "warmup_calls": 1
}
INFO 08-30 20:41:30 [sparse_attention_msa.py:197] MiniMax M3 MSA sparse decode selected native_c2
USDT:2026-08-30 20:41:30 471424:471424 SyncActivityProfilerHandler.cpp:52] profiler_start
USDT:2026-08-30 20:41:30 471424:471424 SyncActivityProfilerHandler.cpp:59] profiler_stop
INFO 08-30 20:41:31 [sparse_attention_msa.py:197] MiniMax M3 MSA sparse decode selected Triton
{
  "all_gates_pass": true,
  "boundary": "real MiniMaxM3SparseMSAImpl.forward backend layer; no model weights or server scheduler",
  "builder": {
    "checks": {
      "decode_metadata_present": true,
      "native_backend_did_not_make_cutlass_plan": true,
      "native_decode_has_no_cutlass_metadata": true
    },
    "cutlass_plan_cache_size": 0,
    "triton_checks": {
      "triton_decode_metadata_present": true,
      "triton_plan_cache_empty": true
    },
    "triton_cutlass_plan_cache_size": 0
  },
  "caller_output": {
    "pointer_after": 135662196752384,
    "pointer_before": 135662196752384,
    "pointer_unchanged": true
  },
  "correctness": {
    "allclose": true,
    "atol": 0.0001,
    "finite": true,
    "max_abs": 6.103515625e-05,
    "mean_abs": 3.5589343951869523e-06,
    "oracle": "independent FP32 selected-page causal reference over exact native BF16-staged FP8 values",
    "pass": true,
    "rtol": 0.001
  },
  "data_contract": {
    "batch": 16,
    "head_dim": 128,
    "input_checksums": {
      "block_table_i32": "b0a3b2812bd13cc03633bbb3caef7b6a8c44c1aedac7175ac5e148e09385844d",
      "packed_kv_fp8": "f765a001fa25d6cef5e3dec4a93524ed8f41352719451eae41ea30fd327a244a",
      "q_bf16_original_not_timed": "65c410d17117f60f6785f5fa71e4a2180578f02c1b33a4e547bb6a68eb7c8fe2",
      "q_bf16_shared_native_staging": "14970d65ee2aef90722f04258bfd5eee463ad4ac702024d3a076cccb4fbbcd4f",
      "query_fp8": "033a189a6dcbb94ffda34cbbaad9e874de6da365e0e0b72d7aa0338dc680749d",
      "seq_lens_i32": "050e4a0975e993ba1bfd743265aaffc901990da3c38ac3769628706b2a7a87ea",
      "topk_token_major_i32": "642c9353d57971ba06896641974c3ef45b451ed9aaaf71e47771d34129f9b35e"
    },
    "k_scale": 0.25,
    "kv_heads": 4,
    "page_size": 128,
    "q_scale": 0.25,
    "query_heads": 64,
    "topk": 16,
    "v_scale": 0.5
  },
  "environment": {
    "compute_capability": [
      10,
      3
    ],
    "device": "NVIDIA B300 SXM6 AC",
    "torch": "2.13.0+cu130",
    "vllm_import_root": "/tmp/c2-native-plugin-v12-fresh-runtime-12990.oQ0brnDX/vllm"
  },
  "gates": {
    "caller_owned_output": true,
    "fair_native_vs_triton_abba_timing": true,
    "fp32_oracle_correctness": true,
    "native_static_selection": true,
    "no_cutlass_plan": true,
    "one_profiled_forward_reaches_dispatcher_and_cuda_kernel": true
  },
  "profiled_forward_calls": 1,
  "profiling": {
    "checks": {
      "one_cpu_dispatcher_event": true,
      "one_cuda_native_kernel_event": true,
      "trace_nonempty": true
    },
    "cuda_kernel_events": [
      {
        "count": 1,
        "cpu_total_us": 0.0,
        "cuda_total_us": 0.0,
        "key": "vllm::native_c2::native_c2_msa_decode_kernel(__nv_fp8_e4m3 const*, __nv_fp8_e4m3 const*, int const*, int const*, int const*, __nv_bfloat16*, long, long, long, long, long, long, long, long, long, long, int, int, float, float, float, float)",
        "self_cpu_us": 0.0,
        "self_cuda_us": 0.0
      }
    ],
    "dispatcher_events": [
      {
        "count": 1,
        "cpu_total_us": 982.6709999999999,
        "cuda_total_us": 0.0,
        "key": "_C::native_c2_msa_decode",
        "self_cpu_us": 32.39899999999989,
        "self_cuda_us": 0.0
      }
    ],
    "nearby_keys": [
      "_C::native_c2_msa_decode",
      "vllm::native_c2::native_c2_msa_decode_kernel(__nv_fp8_e4m3 const*, __nv_fp8_e4m3 const*, int const*, int const*, int const*, __nv_bfloat16*, long, long, long, long, long, long, long, long, long, long, int, int, float, float, float, float)"
    ],
    "pass": true,
    "trace": "/home/lcpu/85117379/c2-native-plugin-v12-fresh-backend-artifacts-20260830/job12990/plugin-v12-wheel-full-backend-seed2024-job12990.chrome.json"
  },
  "schema": "c2-native-c2-full-vllm-backend-v2",
  "seed": 2024,
  "static_selection": {
    "native_backend_alias": true,
    "should_use_msa_decode": true,
    "use_cutlass_decode_is_false": true,
    "use_native_c2_decode": true
  },
  "timing": {
    "caller_owned_output": {
      "native": true,
      "triton": true
    },
    "caller_owned_output_verification": "every warmup and timed call checks result.data_ptr() against its caller-owned output",
    "comparison_input_semantics": "native stages query_fp8 with q_scale and Triton receives the same BF16 query values; packed FP8 KV, scalar scales, sparse metadata, and caller-owned output shapes are shared",
    "native": {
      "median_ms": 0.06417599692940712,
      "p10_ms": 0.06403200328350067,
      "p90_ms": 0.08153600245714188,
      "raw_ms": [
        0.09785600006580353,
        0.09459199756383896,
        0.06406400352716446,
        0.08262400329113007,
        0.06403200328350067,
        0.07340800017118454,
        0.06415999680757523,
        0.0854720026254654,
        0.06415999680757523,
        0.07225599884986877,
        0.06425599753856659,
        0.08579199761152267,
        0.06403200328350067,
        0.0703359991312027,
        0.06412799656391144,
        0.09487999975681305,
        0.09059199690818787,
        0.08566399663686752,
        0.06412799656391144,
        0.08153600245714188,
        0.06400000303983688,
        0.07235199958086014,
        0.06412799656391144,
        0.06400000303983688,
        0.06415999680757523,
        0.08057600259780884,
        0.06412799656391144,
        0.06825599819421768,
        0.06415999680757523,
        0.07529599964618683,
        0.06412799656391144,
        0.06524799764156342,
        0.06409599632024765,
        0.06415999680757523,
        0.06415999680757523,
        0.07747200131416321,
        0.06415999680757523,
        0.06518399715423584,
        0.0642239972949028,
        0.06931199878454208,
        0.06409599632024765,
        0.06732799857854843,
        0.06403200328350067,
        0.07132799923419952,
        0.06415999680757523,
        0.07849600166082382,
        0.06415999680757523,
        0.06723199784755707,
        0.06415999680757523,
        0.07939200103282928,
        0.06415999680757523,
        0.06489600241184235,
        0.06415999680757523,
        0.06406400352716446,
        0.06415999680757523,
        0.06918399780988693,
        0.06415999680757523,
        0.06409599632024765,
        0.06415999680757523,
        0.07030399888753891,
        0.06415999680757523,
        0.06537599861621857,
        0.0639680027961731,
        0.0650240033864975,
        0.06415999680757523,
        0.08556800335645676,
        0.06400000303983688,
        0.07542400062084198,
        0.06419199705123901,
        0.07030399888753891,
        0.06412799656391144,
        0.06384000182151794,
        0.06412799656391144,
        0.07334399968385696,
        0.06415999680757523,
        0.06815999746322632,
        0.06415999680757523,
        0.07651200145483017,
        0.06403200328350067,
        0.08671999722719193,
        0.06403200328350067,
        0.07132799923419952,
        0.06403200328350067,
        0.07638400048017502,
        0.06406400352716446,
        0.0681919977068901,
        0.06406400352716446,
        0.07849600166082382,
        0.06406400352716446,
        0.0642239972949028,
        0.06412799656391144,
        0.07011199742555618,
        0.06415999680757523,
        0.0753600001335144,
        0.06406400352716446,
        0.0681919977068901,
        0.06406400352716446,
        0.07331199944019318,
        0.06409599632024765,
        0.06585600227117538
      ],
      "sample_count": 100
    },
    "native_over_triton_median_latency_ratio": 2.1870228019149494,
    "pass": true,
    "pre_timing_checks": {
      "distinct_output_buffers": true,
      "native_hard_gates": true,
      "triton_builder": true,
      "triton_correctness": true,
      "triton_static_selection": true
    },
    "protocol": "CUDA events; separate warmup excluded; ABBA=native,triton,triton,native; one default stream; input, metadata, output allocation, and oracle excluded",
    "ratio_interpretation": "triton_over_native < 1 means native is slower; native_over_triton is the direct latency-regression factor",
    "raw_cycles_ms": [
      {
        "native_a_0": 0.09785600006580353,
        "native_a_3": 0.09459199756383896,
        "triton_b_1": 0.03136000037193298,
        "triton_b_2": 0.07782399654388428
      },
      {
        "native_a_0": 0.06406400352716446,
        "native_a_3": 0.08262400329113007,
        "triton_b_1": 0.029311999678611755,
        "triton_b_2": 0.029952000826597214
      },
      {
        "native_a_0": 0.06403200328350067,
        "native_a_3": 0.07340800017118454,
        "triton_b_1": 0.029311999678611755,
        "triton_b_2": 0.029343999922275543
      },
      {
        "native_a_0": 0.06415999680757523,
        "native_a_3": 0.0854720026254654,
        "triton_b_1": 0.029472000896930695,
        "triton_b_2": 0.031231999397277832
      },
      {
        "native_a_0": 0.06415999680757523,
        "native_a_3": 0.07225599884986877,
        "triton_b_1": 0.029120000079274178,
        "triton_b_2": 0.02937600016593933
      },
      {
        "native_a_0": 0.06425599753856659,
        "native_a_3": 0.08579199761152267,
        "triton_b_1": 0.02924799919128418,
        "triton_b_2": 0.032287999987602234
      },
      {
        "native_a_0": 0.06403200328350067,
        "native_a_3": 0.0703359991312027,
        "triton_b_1": 0.029279999434947968,
        "triton_b_2": 0.02940800040960312
      },
      {
        "native_a_0": 0.06412799656391144,
        "native_a_3": 0.09487999975681305,
        "triton_b_1": 0.029184000566601753,
        "triton_b_2": 0.02937600016593933
      },
      {
        "native_a_0": 0.09059199690818787,
        "native_a_3": 0.08566399663686752,
        "triton_b_1": 0.02937600016593933,
        "triton_b_2": 0.05801599845290184
      },
      {
        "native_a_0": 0.06412799656391144,
        "native_a_3": 0.08153600245714188,
        "triton_b_1": 0.029184000566601753,
        "triton_b_2": 0.029279999434947968
      },
      {
        "native_a_0": 0.06400000303983688,
        "native_a_3": 0.07235199958086014,
        "triton_b_1": 0.029311999678611755,
        "triton_b_2": 0.02937600016593933
      },
      {
        "native_a_0": 0.06412799656391144,
        "native_a_3": 0.06400000303983688,
        "triton_b_1": 0.029120000079274178,
        "triton_b_2": 0.03046399913728237
      },
      {
        "native_a_0": 0.06415999680757523,
        "native_a_3": 0.08057600259780884,
        "triton_b_1": 0.029343999922275543,
        "triton_b_2": 0.029343999922275543
      },
      {
        "native_a_0": 0.06412799656391144,
        "native_a_3": 0.06825599819421768,
        "triton_b_1": 0.029279999434947968,
        "triton_b_2": 0.02940800040960312
      },
      {
        "native_a_0": 0.06415999680757523,
        "native_a_3": 0.07529599964618683,
        "triton_b_1": 0.02937600016593933,
        "triton_b_2": 0.029279999434947968
      },
      {
        "native_a_0": 0.06412799656391144,
        "native_a_3": 0.06524799764156342,
        "triton_b_1": 0.02937600016593933,
        "triton_b_2": 0.029120000079274178
      },
      {
        "native_a_0": 0.06409599632024765,
        "native_a_3": 0.06415999680757523,
        "triton_b_1": 0.029343999922275543,
        "triton_b_2": 0.030368000268936157
      },
      {
        "native_a_0": 0.06415999680757523,
        "native_a_3": 0.07747200131416321,
        "triton_b_1": 0.029311999678611755,
        "triton_b_2": 0.02937600016593933
      },
      {
        "native_a_0": 0.06415999680757523,
        "native_a_3": 0.06518399715423584,
        "triton_b_1": 0.02940800040960312,
        "triton_b_2": 0.02921600081026554
      },
      {
        "native_a_0": 0.0642239972949028,
        "native_a_3": 0.06931199878454208,
        "triton_b_1": 0.029120000079274178,
        "triton_b_2": 0.029279999434947968
      },
      {
        "native_a_0": 0.06409599632024765,
        "native_a_3": 0.06732799857854843,
        "triton_b_1": 0.02956799976527691,
        "triton_b_2": 0.029120000079274178
      },
      {
        "native_a_0": 0.06403200328350067,
        "native_a_3": 0.07132799923419952,
        "triton_b_1": 0.029311999678611755,
        "triton_b_2": 0.02937600016593933
      },
      {
        "native_a_0": 0.06415999680757523,
        "native_a_3": 0.07849600166082382,
        "triton_b_1": 0.029343999922275543,
        "triton_b_2": 0.029343999922275543
      },
      {
        "native_a_0": 0.06415999680757523,
        "native_a_3": 0.06723199784755707,
        "triton_b_1": 0.02937600016593933,
        "triton_b_2": 0.029311999678611755
      },
      {
        "native_a_0": 0.06415999680757523,
        "native_a_3": 0.07939200103282928,
        "triton_b_1": 0.029343999922275543,
        "triton_b_2": 0.03049599938094616
      },
      {
        "native_a_0": 0.06415999680757523,
        "native_a_3": 0.06489600241184235,
        "triton_b_1": 0.029343999922275543,
        "triton_b_2": 0.029343999922275543
      },
      {
        "native_a_0": 0.06415999680757523,
        "native_a_3": 0.06406400352716446,
        "triton_b_1": 0.029343999922275543,
        "triton_b_2": 0.02937600016593933
      },
      {
        "native_a_0": 0.06415999680757523,
        "native_a_3": 0.06918399780988693,
        "triton_b_1": 0.02924799919128418,
        "triton_b_2": 0.029343999922275543
      },
      {
        "native_a_0": 0.06415999680757523,
        "native_a_3": 0.06409599632024765,
        "triton_b_1": 0.029343999922275543,
        "triton_b_2": 0.029184000566601753
      },
      {
        "native_a_0": 0.06415999680757523,
        "native_a_3": 0.07030399888753891,
        "triton_b_1": 0.029279999434947968,
        "triton_b_2": 0.03014400042593479
      },
      {
        "native_a_0": 0.06415999680757523,
        "native_a_3": 0.06537599861621857,
        "triton_b_1": 0.029343999922275543,
        "triton_b_2": 0.030271999537944794
      },
      {
        "native_a_0": 0.0639680027961731,
        "native_a_3": 0.0650240033864975,
        "triton_b_1": 0.02937600016593933,
        "triton_b_2": 0.02940800040960312
      },
      {
        "native_a_0": 0.06415999680757523,
        "native_a_3": 0.08556800335645676,
        "triton_b_1": 0.044863998889923096,
        "triton_b_2": 0.06204799935221672
      },
      {
        "native_a_0": 0.06400000303983688,
        "native_a_3": 0.07542400062084198,
        "triton_b_1": 0.029311999678611755,
        "triton_b_2": 0.030208000913262367
      },
      {
        "native_a_0": 0.06419199705123901,
        "native_a_3": 0.07030399888753891,
        "triton_b_1": 0.029184000566601753,
        "triton_b_2": 0.03033600002527237
      },
      {
        "native_a_0": 0.06412799656391144,
        "native_a_3": 0.06384000182151794,
        "triton_b_1": 0.029343999922275543,
        "triton_b_2": 0.029120000079274178
      },
      {
        "native_a_0": 0.06412799656391144,
        "native_a_3": 0.07334399968385696,
        "triton_b_1": 0.029311999678611755,
        "triton_b_2": 0.029184000566601753
      },
      {
        "native_a_0": 0.06415999680757523,
        "native_a_3": 0.06815999746322632,
        "triton_b_1": 0.029343999922275543,
        "triton_b_2": 0.029343999922275543
      },
      {
        "native_a_0": 0.06415999680757523,
        "native_a_3": 0.07651200145483017,
        "triton_b_1": 0.02921600081026554,
        "triton_b_2": 0.029343999922275543
      },
      {
        "native_a_0": 0.06403200328350067,
        "native_a_3": 0.08671999722719193,
        "triton_b_1": 0.02924799919128418,
        "triton_b_2": 0.06518399715423584
      },
      {
        "native_a_0": 0.06403200328350067,
        "native_a_3": 0.07132799923419952,
        "triton_b_1": 0.029311999678611755,
        "triton_b_2": 0.030368000268936157
      },
      {
        "native_a_0": 0.06403200328350067,
        "native_a_3": 0.07638400048017502,
        "triton_b_1": 0.02921600081026554,
        "triton_b_2": 0.03030399978160858
      },
      {
        "native_a_0": 0.06406400352716446,
        "native_a_3": 0.0681919977068901,
        "triton_b_1": 0.029279999434947968,
        "triton_b_2": 0.030208000913262367
      },
      {
        "native_a_0": 0.06406400352716446,
        "native_a_3": 0.07849600166082382,
        "triton_b_1": 0.029120000079274178,
        "triton_b_2": 0.02924799919128418
      },
      {
        "native_a_0": 0.06406400352716446,
        "native_a_3": 0.0642239972949028,
        "triton_b_1": 0.029472000896930695,
        "triton_b_2": 0.030239999294281006
      },
      {
        "native_a_0": 0.06412799656391144,
        "native_a_3": 0.07011199742555618,
        "triton_b_1": 0.029343999922275543,
        "triton_b_2": 0.029343999922275543
      },
      {
        "native_a_0": 0.06415999680757523,
        "native_a_3": 0.0753600001335144,
        "triton_b_1": 0.029343999922275543,
        "triton_b_2": 0.030368000268936157
      },
      {
        "native_a_0": 0.06406400352716446,
        "native_a_3": 0.0681919977068901,
        "triton_b_1": 0.029055999591946602,
        "triton_b_2": 0.02924799919128418
      },
      {
        "native_a_0": 0.06406400352716446,
        "native_a_3": 0.07331199944019318,
        "triton_b_1": 0.02921600081026554,
        "triton_b_2": 0.029120000079274178
      },
      {
        "native_a_0": 0.06409599632024765,
        "native_a_3": 0.06585600227117538,
        "triton_b_1": 0.02921600081026554,
        "triton_b_2": 0.029184000566601753
      }
    ],
    "repetitions": 50,
    "triton": {
      "median_ms": 0.029343999922275543,
      "p10_ms": 0.029184000566601753,
      "p90_ms": 0.030368000268936157,
      "raw_ms": [
        0.03136000037193298,
        0.07782399654388428,
        0.029311999678611755,
        0.029952000826597214,
        0.029311999678611755,
        0.029343999922275543,
        0.029472000896930695,
        0.031231999397277832,
        0.029120000079274178,
        0.02937600016593933,
        0.02924799919128418,
        0.032287999987602234,
        0.029279999434947968,
        0.02940800040960312,
        0.029184000566601753,
        0.02937600016593933,
        0.02937600016593933,
        0.05801599845290184,
        0.029184000566601753,
        0.029279999434947968,
        0.029311999678611755,
        0.02937600016593933,
        0.029120000079274178,
        0.03046399913728237,
        0.029343999922275543,
        0.029343999922275543,
        0.029279999434947968,
        0.02940800040960312,
        0.02937600016593933,
        0.029279999434947968,
        0.02937600016593933,
        0.029120000079274178,
        0.029343999922275543,
        0.030368000268936157,
        0.029311999678611755,
        0.02937600016593933,
        0.02940800040960312,
        0.02921600081026554,
        0.029120000079274178,
        0.029279999434947968,
        0.02956799976527691,
        0.029120000079274178,
        0.029311999678611755,
        0.02937600016593933,
        0.029343999922275543,
        0.029343999922275543,
        0.02937600016593933,
        0.029311999678611755,
        0.029343999922275543,
        0.03049599938094616,
        0.029343999922275543,
        0.029343999922275543,
        0.029343999922275543,
        0.02937600016593933,
        0.02924799919128418,
        0.029343999922275543,
        0.029343999922275543,
        0.029184000566601753,
        0.029279999434947968,
        0.03014400042593479,
        0.029343999922275543,
        0.030271999537944794,
        0.02937600016593933,
        0.02940800040960312,
        0.044863998889923096,
        0.06204799935221672,
        0.029311999678611755,
        0.030208000913262367,
        0.029184000566601753,
        0.03033600002527237,
        0.029343999922275543,
        0.029120000079274178,
        0.029311999678611755,
        0.029184000566601753,
        0.029343999922275543,
        0.029343999922275543,
        0.02921600081026554,
        0.029343999922275543,
        0.02924799919128418,
        0.06518399715423584,
        0.029311999678611755,
        0.030368000268936157,
        0.02921600081026554,
        0.03030399978160858,
        0.029279999434947968,
        0.030208000913262367,
        0.029120000079274178,
        0.02924799919128418,
        0.029472000896930695,
        0.030239999294281006,
        0.029343999922275543,
        0.029343999922275543,
        0.029343999922275543,
        0.030368000268936157,
        0.029055999591946602,
        0.02924799919128418,
        0.02921600081026554,
        0.029120000079274178,
        0.02921600081026554,
        0.029184000566601753
      ],
      "sample_count": 100
    },
    "triton_over_native_median_speedup": 0.45724260356334806,
    "warmup": 10
  },
  "triton_correctness": {
    "allclose": true,
    "atol": 0.0001,
    "finite": true,
    "max_abs": 6.103515625e-05,
    "mean_abs": 3.5585362638812512e-06,
    "oracle": "independent FP32 selected-page causal reference over the shared native-staged BF16 query/scalar-FP8-KV Triton inputs",
    "pass": true,
    "rtol": 0.001
  },
  "warmup_calls": 1
}
INFO 08-30 20:41:40 [sparse_attention_msa.py:197] MiniMax M3 MSA sparse decode selected native_c2
USDT:2026-08-30 20:41:40 471742:471742 SyncActivityProfilerHandler.cpp:52] profiler_start
USDT:2026-08-30 20:41:40 471742:471742 SyncActivityProfilerHandler.cpp:59] profiler_stop
INFO 08-30 20:41:40 [sparse_attention_msa.py:197] MiniMax M3 MSA sparse decode selected Triton
{
  "all_gates_pass": true,
  "boundary": "real MiniMaxM3SparseMSAImpl.forward backend layer; no model weights or server scheduler",
  "builder": {
    "checks": {
      "decode_metadata_present": true,
      "native_backend_did_not_make_cutlass_plan": true,
      "native_decode_has_no_cutlass_metadata": true
    },
    "cutlass_plan_cache_size": 0,
    "triton_checks": {
      "triton_decode_metadata_present": true,
      "triton_plan_cache_empty": true
    },
    "triton_cutlass_plan_cache_size": 0
  },
  "caller_output": {
    "pointer_after": 129473819967488,
    "pointer_before": 129473819967488,
    "pointer_unchanged": true
  },
  "correctness": {
    "allclose": true,
    "atol": 0.0001,
    "finite": true,
    "max_abs": 6.103515625e-05,
    "mean_abs": 3.5545931496017147e-06,
    "oracle": "independent FP32 selected-page causal reference over exact native BF16-staged FP8 values",
    "pass": true,
    "rtol": 0.001
  },
  "data_contract": {
    "batch": 16,
    "head_dim": 128,
    "input_checksums": {
      "block_table_i32": "0fb6090e3f35fce2b70e41aeb958dba78293db2eb388a5501d050b56d839f057",
      "packed_kv_fp8": "a3f3b1d3d18e91269b8b38242aa9b11a30626a2a54312e8b04c6e02b517f36cc",
      "q_bf16_original_not_timed": "6178595722e78619af3a45c621aba375e81e1fcd0491ab4ef44e85e46201d5c4",
      "q_bf16_shared_native_staging": "294dabed9fe3c5bed16741d96f47cb117ddd6a348d17a76650866e8afea73096",
      "query_fp8": "a03c58f62c402492c5c146a59b0ef9d8f03dec6773d49aa93750bc231fef9a88",
      "seq_lens_i32": "9ab9ced530fa4ae003b5540a7af8a6ad5770d389827a3211e9baafd6d4f4a638",
      "topk_token_major_i32": "d88276a8937da48b00b7b9c21e9c2e3e8d45f541c3d8e344ea9249ff259d8451"
    },
    "k_scale": 0.25,
    "kv_heads": 4,
    "page_size": 128,
    "q_scale": 0.25,
    "query_heads": 64,
    "topk": 16,
    "v_scale": 0.5
  },
  "environment": {
    "compute_capability": [
      10,
      3
    ],
    "device": "NVIDIA B300 SXM6 AC",
    "torch": "2.13.0+cu130",
    "vllm_import_root": "/tmp/c2-native-plugin-v12-fresh-runtime-12990.oQ0brnDX/vllm"
  },
  "gates": {
    "caller_owned_output": true,
    "fair_native_vs_triton_abba_timing": true,
    "fp32_oracle_correctness": true,
    "native_static_selection": true,
    "no_cutlass_plan": true,
    "one_profiled_forward_reaches_dispatcher_and_cuda_kernel": true
  },
  "profiled_forward_calls": 1,
  "profiling": {
    "checks": {
      "one_cpu_dispatcher_event": true,
      "one_cuda_native_kernel_event": true,
      "trace_nonempty": true
    },
    "cuda_kernel_events": [
      {
        "count": 1,
        "cpu_total_us": 0.0,
        "cuda_total_us": 0.0,
        "key": "vllm::native_c2::native_c2_msa_decode_kernel(__nv_fp8_e4m3 const*, __nv_fp8_e4m3 const*, int const*, int const*, int const*, __nv_bfloat16*, long, long, long, long, long, long, long, long, long, long, int, int, float, float, float, float)",
        "self_cpu_us": 0.0,
        "self_cuda_us": 0.0
      }
    ],
    "dispatcher_events": [
      {
        "count": 1,
        "cpu_total_us": 986.931,
        "cuda_total_us": 0.0,
        "key": "_C::native_c2_msa_decode",
        "self_cpu_us": 28.33000000000004,
        "self_cuda_us": 0.0
      }
    ],
    "nearby_keys": [
      "_C::native_c2_msa_decode",
      "vllm::native_c2::native_c2_msa_decode_kernel(__nv_fp8_e4m3 const*, __nv_fp8_e4m3 const*, int const*, int const*, int const*, __nv_bfloat16*, long, long, long, long, long, long, long, long, long, long, int, int, float, float, float, float)"
    ],
    "pass": true,
    "trace": "/home/lcpu/85117379/c2-native-plugin-v12-fresh-backend-artifacts-20260830/job12990/plugin-v12-wheel-full-backend-seed314159-job12990.chrome.json"
  },
  "schema": "c2-native-c2-full-vllm-backend-v2",
  "seed": 314159,
  "static_selection": {
    "native_backend_alias": true,
    "should_use_msa_decode": true,
    "use_cutlass_decode_is_false": true,
    "use_native_c2_decode": true
  },
  "timing": {
    "caller_owned_output": {
      "native": true,
      "triton": true
    },
    "caller_owned_output_verification": "every warmup and timed call checks result.data_ptr() against its caller-owned output",
    "comparison_input_semantics": "native stages query_fp8 with q_scale and Triton receives the same BF16 query values; packed FP8 KV, scalar scales, sparse metadata, and caller-owned output shapes are shared",
    "native": {
      "median_ms": 0.0642239972949028,
      "p10_ms": 0.06400000303983688,
      "p90_ms": 0.08160000294446945,
      "raw_ms": [
        0.09750399738550186,
        0.0928959995508194,
        0.0639680027961731,
        0.08668799698352814,
        0.06406400352716446,
        0.07942400127649307,
        0.06400000303983688,
        0.08671999722719193,
        0.06409599632024765,
        0.07443200051784515,
        0.06409599632024765,
        0.07225599884986877,
        0.06428799778223038,
        0.08460800349712372,
        0.06406400352716446,
        0.088639996945858,
        0.06406400352716446,
        0.07955200225114822,
        0.06403200328350067,
        0.07318399846553802,
        0.06406400352716446,
        0.09375999867916107,
        0.06419199705123901,
        0.0713919997215271,
        0.06400000303983688,
        0.0796160027384758,
        0.06415999680757523,
        0.07340800017118454,
        0.06403200328350067,
        0.07119999825954437,
        0.06409599632024765,
        0.08457600325345993,
        0.06406400352716446,
        0.07440000027418137,
        0.06400000303983688,
        0.0711359977722168,
        0.06406400352716446,
        0.0642239972949028,
        0.06400000303983688,
        0.0753600001335144,
        0.06406400352716446,
        0.07321599870920181,
        0.06406400352716446,
        0.07331199944019318,
        0.06400000303983688,
        0.06918399780988693,
        0.06409599632024765,
        0.07001599669456482,
        0.06409599632024765,
        0.07737600058317184,
        0.06406400352716446,
        0.06796800345182419,
        0.06406400352716446,
        0.07430399954319,
        0.06409599632024765,
        0.06611199676990509,
        0.06406400352716446,
        0.0650240033864975,
        0.06406400352716446,
        0.09132800251245499,
        0.06419199705123901,
        0.0753600001335144,
        0.06415999680757523,
        0.08160000294446945,
        0.06412799656391144,
        0.06723199784755707,
        0.06415999680757523,
        0.0692799985408783,
        0.06406400352716446,
        0.08156800270080566,
        0.06419199705123901,
        0.0671359971165657,
        0.06406400352716446,
        0.07433599978685379,
        0.06412799656391144,
        0.0692799985408783,
        0.0639680027961731,
        0.06815999746322632,
        0.06406400352716446,
        0.08460800349712372,
        0.06393600255250931,
        0.0814720019698143,
        0.06406400352716446,
        0.07215999811887741,
        0.06400000303983688,
        0.0647680014371872,
        0.06406400352716446,
        0.07430399954319,
        0.06406400352716446,
        0.06307200342416763,
        0.06400000303983688,
        0.07222399860620499,
        0.0642239972949028,
        0.06511999666690826,
        0.06393600255250931,
        0.06918399780988693,
        0.06406400352716446,
        0.07532799988985062,
        0.06409599632024765,
        0.06403200328350067
      ],
      "sample_count": 100
    },
    "native_over_triton_median_latency_ratio": 2.193442572893169,
    "pass": true,
    "pre_timing_checks": {
      "distinct_output_buffers": true,
      "native_hard_gates": true,
      "triton_builder": true,
      "triton_correctness": true,
      "triton_static_selection": true
    },
    "protocol": "CUDA events; separate warmup excluded; ABBA=native,triton,triton,native; one default stream; input, metadata, output allocation, and oracle excluded",
    "ratio_interpretation": "triton_over_native < 1 means native is slower; native_over_triton is the direct latency-regression factor",
    "raw_cycles_ms": [
      {
        "native_a_0": 0.09750399738550186,
        "native_a_3": 0.0928959995508194,
        "triton_b_1": 0.033344000577926636,
        "triton_b_2": 0.0663679987192154
      },
      {
        "native_a_0": 0.0639680027961731,
        "native_a_3": 0.08668799698352814,
        "triton_b_1": 0.029343999922275543,
        "triton_b_2": 0.040608000010252
      },
      {
        "native_a_0": 0.06406400352716446,
        "native_a_3": 0.07942400127649307,
        "triton_b_1": 0.029279999434947968,
        "triton_b_2": 0.030271999537944794
      },
      {
        "native_a_0": 0.06400000303983688,
        "native_a_3": 0.08671999722719193,
        "triton_b_1": 0.029311999678611755,
        "triton_b_2": 0.030368000268936157
      },
      {
        "native_a_0": 0.06409599632024765,
        "native_a_3": 0.07443200051784515,
        "triton_b_1": 0.029120000079274178,
        "triton_b_2": 0.030400000512599945
      },
      {
        "native_a_0": 0.06409599632024765,
        "native_a_3": 0.07225599884986877,
        "triton_b_1": 0.02924799919128418,
        "triton_b_2": 0.029311999678611755
      },
      {
        "native_a_0": 0.06428799778223038,
        "native_a_3": 0.08460800349712372,
        "triton_b_1": 0.02924799919128418,
        "triton_b_2": 0.03545600175857544
      },
      {
        "native_a_0": 0.06406400352716446,
        "native_a_3": 0.088639996945858,
        "triton_b_1": 0.029184000566601753,
        "triton_b_2": 0.029152000322937965
      },
      {
        "native_a_0": 0.06406400352716446,
        "native_a_3": 0.07955200225114822,
        "triton_b_1": 0.029184000566601753,
        "triton_b_2": 0.030112000182271004
      },
      {
        "native_a_0": 0.06403200328350067,
        "native_a_3": 0.07318399846553802,
        "triton_b_1": 0.029055999591946602,
        "triton_b_2": 0.029343999922275543
      },
      {
        "native_a_0": 0.06406400352716446,
        "native_a_3": 0.09375999867916107,
        "triton_b_1": 0.02924799919128418,
        "triton_b_2": 0.09375999867916107
      },
      {
        "native_a_0": 0.06419199705123901,
        "native_a_3": 0.0713919997215271,
        "triton_b_1": 0.029343999922275543,
        "triton_b_2": 0.029343999922275543
      },
      {
        "native_a_0": 0.06400000303983688,
        "native_a_3": 0.0796160027384758,
        "triton_b_1": 0.029472000896930695,
        "triton_b_2": 0.02908799983561039
      },
      {
        "native_a_0": 0.06415999680757523,
        "native_a_3": 0.07340800017118454,
        "triton_b_1": 0.029311999678611755,
        "triton_b_2": 0.030079999938607216
      },
      {
        "native_a_0": 0.06403200328350067,
        "native_a_3": 0.07119999825954437,
        "triton_b_1": 0.02908799983561039,
        "triton_b_2": 0.02924799919128418
      },
      {
        "native_a_0": 0.06409599632024765,
        "native_a_3": 0.08457600325345993,
        "triton_b_1": 0.02924799919128418,
        "triton_b_2": 0.030079999938607216
      },
      {
        "native_a_0": 0.06406400352716446,
        "native_a_3": 0.07440000027418137,
        "triton_b_1": 0.029279999434947968,
        "triton_b_2": 0.03017600066959858
      },
      {
        "native_a_0": 0.06400000303983688,
        "native_a_3": 0.0711359977722168,
        "triton_b_1": 0.02940800040960312,
        "triton_b_2": 0.030079999938607216
      },
      {
        "native_a_0": 0.06406400352716446,
        "native_a_3": 0.0642239972949028,
        "triton_b_1": 0.029279999434947968,
        "triton_b_2": 0.030047999694943428
      },
      {
        "native_a_0": 0.06400000303983688,
        "native_a_3": 0.0753600001335144,
        "triton_b_1": 0.02924799919128418,
        "triton_b_2": 0.02924799919128418
      },
      {
        "native_a_0": 0.06406400352716446,
        "native_a_3": 0.07321599870920181,
        "triton_b_1": 0.029184000566601753,
        "triton_b_2": 0.02921600081026554
      },
      {
        "native_a_0": 0.06406400352716446,
        "native_a_3": 0.07331199944019318,
        "triton_b_1": 0.02924799919128418,
        "triton_b_2": 0.030271999537944794
      },
      {
        "native_a_0": 0.06400000303983688,
        "native_a_3": 0.06918399780988693,
        "triton_b_1": 0.029152000322937965,
        "triton_b_2": 0.02921600081026554
      },
      {
        "native_a_0": 0.06409599632024765,
        "native_a_3": 0.07001599669456482,
        "triton_b_1": 0.029472000896930695,
        "triton_b_2": 0.029120000079274178
      },
      {
        "native_a_0": 0.06409599632024765,
        "native_a_3": 0.07737600058317184,
        "triton_b_1": 0.02924799919128418,
        "triton_b_2": 0.02924799919128418
      },
      {
        "native_a_0": 0.06406400352716446,
        "native_a_3": 0.06796800345182419,
        "triton_b_1": 0.029184000566601753,
        "triton_b_2": 0.02940800040960312
      },
      {
        "native_a_0": 0.06406400352716446,
        "native_a_3": 0.07430399954319,
        "triton_b_1": 0.029311999678611755,
        "triton_b_2": 0.02921600081026554
      },
      {
        "native_a_0": 0.06409599632024765,
        "native_a_3": 0.06611199676990509,
        "triton_b_1": 0.02921600081026554,
        "triton_b_2": 0.029152000322937965
      },
      {
        "native_a_0": 0.06406400352716446,
        "native_a_3": 0.0650240033864975,
        "triton_b_1": 0.029184000566601753,
        "triton_b_2": 0.02921600081026554
      },
      {
        "native_a_0": 0.06406400352716446,
        "native_a_3": 0.09132800251245499,
        "triton_b_1": 0.029279999434947968,
        "triton_b_2": 0.06531199812889099
      },
      {
        "native_a_0": 0.06419199705123901,
        "native_a_3": 0.0753600001335144,
        "triton_b_1": 0.029120000079274178,
        "triton_b_2": 0.030271999537944794
      },
      {
        "native_a_0": 0.06415999680757523,
        "native_a_3": 0.08160000294446945,
        "triton_b_1": 0.029279999434947968,
        "triton_b_2": 0.029343999922275543
      },
      {
        "native_a_0": 0.06412799656391144,
        "native_a_3": 0.06723199784755707,
        "triton_b_1": 0.029343999922275543,
        "triton_b_2": 0.029343999922275543
      },
      {
        "native_a_0": 0.06415999680757523,
        "native_a_3": 0.0692799985408783,
        "triton_b_1": 0.02956799976527691,
        "triton_b_2": 0.029120000079274178
      },
      {
        "native_a_0": 0.06406400352716446,
        "native_a_3": 0.08156800270080566,
        "triton_b_1": 0.029343999922275543,
        "triton_b_2": 0.02921600081026554
      },
      {
        "native_a_0": 0.06419199705123901,
        "native_a_3": 0.0671359971165657,
        "triton_b_1": 0.029279999434947968,
        "triton_b_2": 0.030368000268936157
      },
      {
        "native_a_0": 0.06406400352716446,
        "native_a_3": 0.07433599978685379,
        "triton_b_1": 0.029279999434947968,
        "triton_b_2": 0.030239999294281006
      },
      {
        "native_a_0": 0.06412799656391144,
        "native_a_3": 0.0692799985408783,
        "triton_b_1": 0.02956799976527691,
        "triton_b_2": 0.029120000079274178
      },
      {
        "native_a_0": 0.0639680027961731,
        "native_a_3": 0.06815999746322632,
        "triton_b_1": 0.02924799919128418,
        "triton_b_2": 0.02924799919128418
      },
      {
        "native_a_0": 0.06406400352716446,
        "native_a_3": 0.08460800349712372,
        "triton_b_1": 0.03516799956560135,
        "triton_b_2": 0.06739199906587601
      },
      {
        "native_a_0": 0.06393600255250931,
        "native_a_3": 0.0814720019698143,
        "triton_b_1": 0.02924799919128418,
        "triton_b_2": 0.030239999294281006
      },
      {
        "native_a_0": 0.06406400352716446,
        "native_a_3": 0.07215999811887741,
        "triton_b_1": 0.02921600081026554,
        "triton_b_2": 0.029184000566601753
      },
      {
        "native_a_0": 0.06400000303983688,
        "native_a_3": 0.0647680014371872,
        "triton_b_1": 0.02953599952161312,
        "triton_b_2": 0.03001599945127964
      },
      {
        "native_a_0": 0.06406400352716446,
        "native_a_3": 0.07430399954319,
        "triton_b_1": 0.029279999434947968,
        "triton_b_2": 0.029184000566601753
      },
      {
        "native_a_0": 0.06406400352716446,
        "native_a_3": 0.06307200342416763,
        "triton_b_1": 0.02921600081026554,
        "triton_b_2": 0.03030399978160858
      },
      {
        "native_a_0": 0.06400000303983688,
        "native_a_3": 0.07222399860620499,
        "triton_b_1": 0.02924799919128418,
        "triton_b_2": 0.02924799919128418
      },
      {
        "native_a_0": 0.0642239972949028,
        "native_a_3": 0.06511999666690826,
        "triton_b_1": 0.029120000079274178,
        "triton_b_2": 0.02924799919128418
      },
      {
        "native_a_0": 0.06393600255250931,
        "native_a_3": 0.06918399780988693,
        "triton_b_1": 0.02921600081026554,
        "triton_b_2": 0.02924799919128418
      },
      {
        "native_a_0": 0.06406400352716446,
        "native_a_3": 0.07532799988985062,
        "triton_b_1": 0.02924799919128418,
        "triton_b_2": 0.030271999537944794
      },
      {
        "native_a_0": 0.06409599632024765,
        "native_a_3": 0.06403200328350067,
        "triton_b_1": 0.02924799919128418,
        "triton_b_2": 0.029184000566601753
      }
    ],
    "repetitions": 50,
    "triton": {
      "median_ms": 0.029279999434947968,
      "p10_ms": 0.029152000322937965,
      "p90_ms": 0.030368000268936157,
      "raw_ms": [
        0.033344000577926636,
        0.0663679987192154,
        0.029343999922275543,
        0.040608000010252,
        0.029279999434947968,
        0.030271999537944794,
        0.029311999678611755,
        0.030368000268936157,
        0.029120000079274178,
        0.030400000512599945,
        0.02924799919128418,
        0.029311999678611755,
        0.02924799919128418,
        0.03545600175857544,
        0.029184000566601753,
        0.029152000322937965,
        0.029184000566601753,
        0.030112000182271004,
        0.029055999591946602,
        0.029343999922275543,
        0.02924799919128418,
        0.09375999867916107,
        0.029343999922275543,
        0.029343999922275543,
        0.029472000896930695,
        0.02908799983561039,
        0.029311999678611755,
        0.030079999938607216,
        0.02908799983561039,
        0.02924799919128418,
        0.02924799919128418,
        0.030079999938607216,
        0.029279999434947968,
        0.03017600066959858,
        0.02940800040960312,
        0.030079999938607216,
        0.029279999434947968,
        0.030047999694943428,
        0.02924799919128418,
        0.02924799919128418,
        0.029184000566601753,
        0.02921600081026554,
        0.02924799919128418,
        0.030271999537944794,
        0.029152000322937965,
        0.02921600081026554,
        0.029472000896930695,
        0.029120000079274178,
        0.02924799919128418,
        0.02924799919128418,
        0.029184000566601753,
        0.02940800040960312,
        0.029311999678611755,
        0.02921600081026554,
        0.02921600081026554,
        0.029152000322937965,
        0.029184000566601753,
        0.02921600081026554,
        0.029279999434947968,
        0.06531199812889099,
        0.029120000079274178,
        0.030271999537944794,
        0.029279999434947968,
        0.029343999922275543,
        0.029343999922275543,
        0.029343999922275543,
        0.02956799976527691,
        0.029120000079274178,
        0.029343999922275543,
        0.02921600081026554,
        0.029279999434947968,
        0.030368000268936157,
        0.029279999434947968,
        0.030239999294281006,
        0.02956799976527691,
        0.029120000079274178,
        0.02924799919128418,
        0.02924799919128418,
        0.03516799956560135,
        0.06739199906587601,
        0.02924799919128418,
        0.030239999294281006,
        0.02921600081026554,
        0.029184000566601753,
        0.02953599952161312,
        0.03001599945127964,
        0.029279999434947968,
        0.029184000566601753,
        0.02921600081026554,
        0.03030399978160858,
        0.02924799919128418,
        0.02924799919128418,
        0.029120000079274178,
        0.02924799919128418,
        0.02921600081026554,
        0.02924799919128418,
        0.02924799919128418,
        0.030271999537944794,
        0.02924799919128418,
        0.029184000566601753
      ],
      "sample_count": 100
    },
    "triton_over_native_median_speedup": 0.45590434523252266,
    "warmup": 10
  },
  "triton_correctness": {
    "allclose": true,
    "atol": 0.0001,
    "finite": true,
    "max_abs": 6.103515625e-05,
    "mean_abs": 3.568771262507653e-06,
    "oracle": "independent FP32 selected-page causal reference over the shared native-staged BF16 query/scalar-FP8-KV Triton inputs",
    "pass": true,
    "rtol": 0.001
  },
  "warmup_calls": 1
}
INFO 08-30 20:41:49 [sparse_attention_msa.py:197] MiniMax M3 MSA sparse decode selected native_c2
USDT:2026-08-30 20:41:49 471949:471949 SyncActivityProfilerHandler.cpp:52] profiler_start
USDT:2026-08-30 20:41:49 471949:471949 SyncActivityProfilerHandler.cpp:59] profiler_stop
INFO 08-30 20:41:49 [sparse_attention_msa.py:197] MiniMax M3 MSA sparse decode selected Triton
{
  "all_gates_pass": true,
  "boundary": "real MiniMaxM3SparseMSAImpl.forward backend layer; no model weights or server scheduler",
  "builder": {
    "checks": {
      "decode_metadata_present": true,
      "native_backend_did_not_make_cutlass_plan": true,
      "native_decode_has_no_cutlass_metadata": true
    },
    "cutlass_plan_cache_size": 0,
    "triton_checks": {
      "triton_decode_metadata_present": true,
      "triton_plan_cache_empty": true
    },
    "triton_cutlass_plan_cache_size": 0
  },
  "caller_output": {
    "pointer_after": 138270617632768,
    "pointer_before": 138270617632768,
    "pointer_unchanged": true
  },
  "correctness": {
    "allclose": true,
    "atol": 0.0001,
    "finite": true,
    "max_abs": 6.103515625e-05,
    "mean_abs": 3.55454199052474e-06,
    "oracle": "independent FP32 selected-page causal reference over exact native BF16-staged FP8 values",
    "pass": true,
    "rtol": 0.001
  },
  "data_contract": {
    "batch": 16,
    "head_dim": 128,
    "input_checksums": {
      "block_table_i32": "bfb51799ede669908865d963648e39b6b0629f389d1e39717484c510e28aad90",
      "packed_kv_fp8": "469e85c7c370f73065193bc755fe2cde8d9ca305223398e478ec2c9af152f7f9",
      "q_bf16_original_not_timed": "765571a4d72c436a549dcf545c06935883267dae72a41291ec08fb67bbf0db44",
      "q_bf16_shared_native_staging": "cb5a069f1c133bc0074ecb26da4f5251de0e9b8901bbcc01a5517061b9c3f53a",
      "query_fp8": "4320f99de18c7f5b301463fea0e2a51145fdc83f73fc29caba212ff1a3f3f1e1",
      "seq_lens_i32": "1322667f5dcf5df8e77cb4627dcf497f08810895f1413d992bc33b61df6e7c93",
      "topk_token_major_i32": "aab98bdc9911538a82cae71d7cfa5b459acd4d869fc278393e5433f2701cb3aa"
    },
    "k_scale": 0.25,
    "kv_heads": 4,
    "page_size": 128,
    "q_scale": 0.25,
    "query_heads": 64,
    "topk": 16,
    "v_scale": 0.5
  },
  "environment": {
    "compute_capability": [
      10,
      3
    ],
    "device": "NVIDIA B300 SXM6 AC",
    "torch": "2.13.0+cu130",
    "vllm_import_root": "/tmp/c2-native-plugin-v12-fresh-runtime-12990.oQ0brnDX/vllm"
  },
  "gates": {
    "caller_owned_output": true,
    "fair_native_vs_triton_abba_timing": true,
    "fp32_oracle_correctness": true,
    "native_static_selection": true,
    "no_cutlass_plan": true,
    "one_profiled_forward_reaches_dispatcher_and_cuda_kernel": true
  },
  "profiled_forward_calls": 1,
  "profiling": {
    "checks": {
      "one_cpu_dispatcher_event": true,
      "one_cuda_native_kernel_event": true,
      "trace_nonempty": true
    },
    "cuda_kernel_events": [
      {
        "count": 1,
        "cpu_total_us": 0.0,
        "cuda_total_us": 0.0,
        "key": "vllm::native_c2::native_c2_msa_decode_kernel(__nv_fp8_e4m3 const*, __nv_fp8_e4m3 const*, int const*, int const*, int const*, __nv_bfloat16*, long, long, long, long, long, long, long, long, long, long, int, int, float, float, float, float)",
        "self_cpu_us": 0.0,
        "self_cuda_us": 0.0
      }
    ],
    "dispatcher_events": [
      {
        "count": 1,
        "cpu_total_us": 990.3919999999999,
        "cuda_total_us": 0.0,
        "key": "_C::native_c2_msa_decode",
        "self_cpu_us": 28.860000000000014,
        "self_cuda_us": 0.0
      }
    ],
    "nearby_keys": [
      "_C::native_c2_msa_decode",
      "vllm::native_c2::native_c2_msa_decode_kernel(__nv_fp8_e4m3 const*, __nv_fp8_e4m3 const*, int const*, int const*, int const*, __nv_bfloat16*, long, long, long, long, long, long, long, long, long, long, int, int, float, float, float, float)"
    ],
    "pass": true,
    "trace": "/home/lcpu/85117379/c2-native-plugin-v12-fresh-backend-artifacts-20260830/job12990/plugin-v12-wheel-full-backend-seed20260801-job12990.chrome.json"
  },
  "schema": "c2-native-c2-full-vllm-backend-v2",
  "seed": 20260801,
  "static_selection": {
    "native_backend_alias": true,
    "should_use_msa_decode": true,
    "use_cutlass_decode_is_false": true,
    "use_native_c2_decode": true
  },
  "timing": {
    "caller_owned_output": {
      "native": true,
      "triton": true
    },
    "caller_owned_output_verification": "every warmup and timed call checks result.data_ptr() against its caller-owned output",
    "comparison_input_semantics": "native stages query_fp8 with q_scale and Triton receives the same BF16 query values; packed FP8 KV, scalar scales, sparse metadata, and caller-owned output shapes are shared",
    "native": {
      "median_ms": 0.06420799717307091,
      "p10_ms": 0.06403200328350067,
      "p90_ms": 0.08150400221347809,
      "raw_ms": [
        0.09967999905347824,
        0.09542399644851685,
        0.06425599753856659,
        0.08556800335645676,
        0.06403200328350067,
        0.07043199986219406,
        0.06406400352716446,
        0.09356799721717834,
        0.06409599632024765,
        0.08051200211048126,
        0.06419199705123901,
        0.08556800335645676,
        0.06425599753856659,
        0.07440000027418137,
        0.06415999680757523,
        0.09062399715185165,
        0.06400000303983688,
        0.07852800190448761,
        0.06419199705123901,
        0.08150400221347809,
        0.06403200328350067,
        0.0732479989528656,
        0.06419199705123901,
        0.07430399954319,
        0.06403200328350067,
        0.07968000322580338,
        0.06403200328350067,
        0.06812799721956253,
        0.06406400352716446,
        0.0796160027384758,
        0.06403200328350067,
        0.06828799843788147,
        0.06403200328350067,
        0.0660799965262413,
        0.06415999680757523,
        0.07744000107049942,
        0.06409599632024765,
        0.06707199662923813,
        0.06409599632024765,
        0.07852800190448761,
        0.0639680027961731,
        0.06617599725723267,
        0.06412799656391144,
        0.0692799985408783,
        0.06409599632024765,
        0.07843200117349625,
        0.06403200328350067,
        0.07222399860620499,
        0.06409599632024765,
        0.07737600058317184,
        0.06415999680757523,
        0.06496000289916992,
        0.06406400352716446,
        0.0639680027961731,
        0.06415999680757523,
        0.08851200342178345,
        0.06406400352716446,
        0.08249600231647491,
        0.06406400352716446,
        0.0671359971165657,
        0.06406400352716446,
        0.0671359971165657,
        0.06415999680757523,
        0.07942400127649307,
        0.06409599632024765,
        0.06518399715423584,
        0.06403200328350067,
        0.07734400033950806,
        0.06412799656391144,
        0.06419199705123901,
        0.06393600255250931,
        0.06387200206518173,
        0.06403200328350067,
        0.07235199958086014,
        0.06406400352716446,
        0.06499200314283371,
        0.06406400352716446,
        0.07132799923419952,
        0.06412799656391144,
        0.08566399663686752,
        0.06409599632024765,
        0.06620799750089645,
        0.06415999680757523,
        0.07747200131416321,
        0.06406400352716446,
        0.06620799750089645,
        0.06412799656391144,
        0.07532799988985062,
        0.06400000303983688,
        0.06716799736022949,
        0.06415999680757523,
        0.0639680027961731,
        0.06409599632024765,
        0.08249600231647491,
        0.0642239972949028,
        0.06723199784755707,
        0.06406400352716446,
        0.07526399940252304,
        0.06400000303983688,
        0.06815999746322632
      ],
      "sample_count": 100
    },
    "native_over_triton_median_latency_ratio": 2.1881133227624328,
    "pass": true,
    "pre_timing_checks": {
      "distinct_output_buffers": true,
      "native_hard_gates": true,
      "triton_builder": true,
      "triton_correctness": true,
      "triton_static_selection": true
    },
    "protocol": "CUDA events; separate warmup excluded; ABBA=native,triton,triton,native; one default stream; input, metadata, output allocation, and oracle excluded",
    "ratio_interpretation": "triton_over_native < 1 means native is slower; native_over_triton is the direct latency-regression factor",
    "raw_cycles_ms": [
      {
        "native_a_0": 0.09967999905347824,
        "native_a_3": 0.09542399644851685,
        "triton_b_1": 0.035360001027584076,
        "triton_b_2": 0.06892800331115723
      },
      {
        "native_a_0": 0.06425599753856659,
        "native_a_3": 0.08556800335645676,
        "triton_b_1": 0.02924799919128418,
        "triton_b_2": 0.030368000268936157
      },
      {
        "native_a_0": 0.06403200328350067,
        "native_a_3": 0.07043199986219406,
        "triton_b_1": 0.029152000322937965,
        "triton_b_2": 0.030400000512599945
      },
      {
        "native_a_0": 0.06406400352716446,
        "native_a_3": 0.09356799721717834,
        "triton_b_1": 0.02924799919128418,
        "triton_b_2": 0.10035199671983719
      },
      {
        "native_a_0": 0.06409599632024765,
        "native_a_3": 0.08051200211048126,
        "triton_b_1": 0.029055999591946602,
        "triton_b_2": 0.029440000653266907
      },
      {
        "native_a_0": 0.06419199705123901,
        "native_a_3": 0.08556800335645676,
        "triton_b_1": 0.029184000566601753,
        "triton_b_2": 0.03548799827694893
      },
      {
        "native_a_0": 0.06425599753856659,
        "native_a_3": 0.07440000027418137,
        "triton_b_1": 0.028991999104619026,
        "triton_b_2": 0.029343999922275543
      },
      {
        "native_a_0": 0.06415999680757523,
        "native_a_3": 0.09062399715185165,
        "triton_b_1": 0.029311999678611755,
        "triton_b_2": 0.030400000512599945
      },
      {
        "native_a_0": 0.06400000303983688,
        "native_a_3": 0.07852800190448761,
        "triton_b_1": 0.029152000322937965,
        "triton_b_2": 0.03049599938094616
      },
      {
        "native_a_0": 0.06419199705123901,
        "native_a_3": 0.08150400221347809,
        "triton_b_1": 0.029279999434947968,
        "triton_b_2": 0.02937600016593933
      },
      {
        "native_a_0": 0.06403200328350067,
        "native_a_3": 0.0732479989528656,
        "triton_b_1": 0.02921600081026554,
        "triton_b_2": 0.03030399978160858
      },
      {
        "native_a_0": 0.06419199705123901,
        "native_a_3": 0.07430399954319,
        "triton_b_1": 0.029311999678611755,
        "triton_b_2": 0.029311999678611755
      },
      {
        "native_a_0": 0.06403200328350067,
        "native_a_3": 0.07968000322580338,
        "triton_b_1": 0.029279999434947968,
        "triton_b_2": 0.03030399978160858
      },
      {
        "native_a_0": 0.06403200328350067,
        "native_a_3": 0.06812799721956253,
        "triton_b_1": 0.029311999678611755,
        "triton_b_2": 0.02937600016593933
      },
      {
        "native_a_0": 0.06406400352716446,
        "native_a_3": 0.0796160027384758,
        "triton_b_1": 0.029279999434947968,
        "triton_b_2": 0.03033600002527237
      },
      {
        "native_a_0": 0.06403200328350067,
        "native_a_3": 0.06828799843788147,
        "triton_b_1": 0.029279999434947968,
        "triton_b_2": 0.02940800040960312
      },
      {
        "native_a_0": 0.06403200328350067,
        "native_a_3": 0.0660799965262413,
        "triton_b_1": 0.02924799919128418,
        "triton_b_2": 0.030271999537944794
      },
      {
        "native_a_0": 0.06415999680757523,
        "native_a_3": 0.07744000107049942,
        "triton_b_1": 0.029311999678611755,
        "triton_b_2": 0.030400000512599945
      },
      {
        "native_a_0": 0.06409599632024765,
        "native_a_3": 0.06707199662923813,
        "triton_b_1": 0.029184000566601753,
        "triton_b_2": 0.029311999678611755
      },
      {
        "native_a_0": 0.06409599632024765,
        "native_a_3": 0.07852800190448761,
        "triton_b_1": 0.029311999678611755,
        "triton_b_2": 0.030208000913262367
      },
      {
        "native_a_0": 0.0639680027961731,
        "native_a_3": 0.06617599725723267,
        "triton_b_1": 0.02937600016593933,
        "triton_b_2": 0.029311999678611755
      },
      {
        "native_a_0": 0.06412799656391144,
        "native_a_3": 0.0692799985408783,
        "triton_b_1": 0.029184000566601753,
        "triton_b_2": 0.02937600016593933
      },
      {
        "native_a_0": 0.06409599632024765,
        "native_a_3": 0.07843200117349625,
        "triton_b_1": 0.02908799983561039,
        "triton_b_2": 0.02924799919128418
      },
      {
        "native_a_0": 0.06403200328350067,
        "native_a_3": 0.07222399860620499,
        "triton_b_1": 0.02924799919128418,
        "triton_b_2": 0.02924799919128418
      },
      {
        "native_a_0": 0.06409599632024765,
        "native_a_3": 0.07737600058317184,
        "triton_b_1": 0.029184000566601753,
        "triton_b_2": 0.02921600081026554
      },
      {
        "native_a_0": 0.06415999680757523,
        "native_a_3": 0.06496000289916992,
        "triton_b_1": 0.02937600016593933,
        "triton_b_2": 0.030368000268936157
      },
      {
        "native_a_0": 0.06406400352716446,
        "native_a_3": 0.0639680027961731,
        "triton_b_1": 0.02924799919128418,
        "triton_b_2": 0.029440000653266907
      },
      {
        "native_a_0": 0.06415999680757523,
        "native_a_3": 0.08851200342178345,
        "triton_b_1": 0.05119999870657921,
        "triton_b_2": 0.06880000233650208
      },
      {
        "native_a_0": 0.06406400352716446,
        "native_a_3": 0.08249600231647491,
        "triton_b_1": 0.029120000079274178,
        "triton_b_2": 0.03033600002527237
      },
      {
        "native_a_0": 0.06406400352716446,
        "native_a_3": 0.0671359971165657,
        "triton_b_1": 0.029279999434947968,
        "triton_b_2": 0.030271999537944794
      },
      {
        "native_a_0": 0.06406400352716446,
        "native_a_3": 0.0671359971165657,
        "triton_b_1": 0.02924799919128418,
        "triton_b_2": 0.030079999938607216
      },
      {
        "native_a_0": 0.06415999680757523,
        "native_a_3": 0.07942400127649307,
        "triton_b_1": 0.029343999922275543,
        "triton_b_2": 0.029343999922275543
      },
      {
        "native_a_0": 0.06409599632024765,
        "native_a_3": 0.06518399715423584,
        "triton_b_1": 0.029184000566601753,
        "triton_b_2": 0.03030399978160858
      },
      {
        "native_a_0": 0.06403200328350067,
        "native_a_3": 0.07734400033950806,
        "triton_b_1": 0.02924799919128418,
        "triton_b_2": 0.02924799919128418
      },
      {
        "native_a_0": 0.06412799656391144,
        "native_a_3": 0.06419199705123901,
        "triton_b_1": 0.029343999922275543,
        "triton_b_2": 0.030400000512599945
      },
      {
        "native_a_0": 0.06393600255250931,
        "native_a_3": 0.06387200206518173,
        "triton_b_1": 0.029311999678611755,
        "triton_b_2": 0.030400000512599945
      },
      {
        "native_a_0": 0.06403200328350067,
        "native_a_3": 0.07235199958086014,
        "triton_b_1": 0.029440000653266907,
        "triton_b_2": 0.029184000566601753
      },
      {
        "native_a_0": 0.06406400352716446,
        "native_a_3": 0.06499200314283371,
        "triton_b_1": 0.029343999922275543,
        "triton_b_2": 0.03046399913728237
      },
      {
        "native_a_0": 0.06406400352716446,
        "native_a_3": 0.07132799923419952,
        "triton_b_1": 0.029184000566601753,
        "triton_b_2": 0.029120000079274178
      },
      {
        "native_a_0": 0.06412799656391144,
        "native_a_3": 0.08566399663686752,
        "triton_b_1": 0.03033600002527237,
        "triton_b_2": 0.06617599725723267
      },
      {
        "native_a_0": 0.06409599632024765,
        "native_a_3": 0.06620799750089645,
        "triton_b_1": 0.02921600081026554,
        "triton_b_2": 0.030368000268936157
      },
      {
        "native_a_0": 0.06415999680757523,
        "native_a_3": 0.07747200131416321,
        "triton_b_1": 0.029472000896930695,
        "triton_b_2": 0.030239999294281006
      },
      {
        "native_a_0": 0.06406400352716446,
        "native_a_3": 0.06620799750089645,
        "triton_b_1": 0.02924799919128418,
        "triton_b_2": 0.03017600066959858
      },
      {
        "native_a_0": 0.06412799656391144,
        "native_a_3": 0.07532799988985062,
        "triton_b_1": 0.029343999922275543,
        "triton_b_2": 0.030400000512599945
      },
      {
        "native_a_0": 0.06400000303983688,
        "native_a_3": 0.06716799736022949,
        "triton_b_1": 0.029279999434947968,
        "triton_b_2": 0.030239999294281006
      },
      {
        "native_a_0": 0.06415999680757523,
        "native_a_3": 0.0639680027961731,
        "triton_b_1": 0.029311999678611755,
        "triton_b_2": 0.029343999922275543
      },
      {
        "native_a_0": 0.06409599632024765,
        "native_a_3": 0.08249600231647491,
        "triton_b_1": 0.02940800040960312,
        "triton_b_2": 0.030079999938607216
      },
      {
        "native_a_0": 0.0642239972949028,
        "native_a_3": 0.06723199784755707,
        "triton_b_1": 0.029279999434947968,
        "triton_b_2": 0.029152000322937965
      },
      {
        "native_a_0": 0.06406400352716446,
        "native_a_3": 0.07526399940252304,
        "triton_b_1": 0.029120000079274178,
        "triton_b_2": 0.03030399978160858
      },
      {
        "native_a_0": 0.06400000303983688,
        "native_a_3": 0.06815999746322632,
        "triton_b_1": 0.02924799919128418,
        "triton_b_2": 0.030208000913262367
      }
    ],
    "repetitions": 50,
    "triton": {
      "median_ms": 0.029343999922275543,
      "p10_ms": 0.029184000566601753,
      "p90_ms": 0.030400000512599945,
      "raw_ms": [
        0.035360001027584076,
        0.06892800331115723,
        0.02924799919128418,
        0.030368000268936157,
        0.029152000322937965,
        0.030400000512599945,
        0.02924799919128418,
        0.10035199671983719,
        0.029055999591946602,
        0.029440000653266907,
        0.029184000566601753,
        0.03548799827694893,
        0.028991999104619026,
        0.029343999922275543,
        0.029311999678611755,
        0.030400000512599945,
        0.029152000322937965,
        0.03049599938094616,
        0.029279999434947968,
        0.02937600016593933,
        0.02921600081026554,
        0.03030399978160858,
        0.029311999678611755,
        0.029311999678611755,
        0.029279999434947968,
        0.03030399978160858,
        0.029311999678611755,
        0.02937600016593933,
        0.029279999434947968,
        0.03033600002527237,
        0.029279999434947968,
        0.02940800040960312,
        0.02924799919128418,
        0.030271999537944794,
        0.029311999678611755,
        0.030400000512599945,
        0.029184000566601753,
        0.029311999678611755,
        0.029311999678611755,
        0.030208000913262367,
        0.02937600016593933,
        0.029311999678611755,
        0.029184000566601753,
        0.02937600016593933,
        0.02908799983561039,
        0.02924799919128418,
        0.02924799919128418,
        0.02924799919128418,
        0.029184000566601753,
        0.02921600081026554,
        0.02937600016593933,
        0.030368000268936157,
        0.02924799919128418,
        0.029440000653266907,
        0.05119999870657921,
        0.06880000233650208,
        0.029120000079274178,
        0.03033600002527237,
        0.029279999434947968,
        0.030271999537944794,
        0.02924799919128418,
        0.030079999938607216,
        0.029343999922275543,
        0.029343999922275543,
        0.029184000566601753,
        0.03030399978160858,
        0.02924799919128418,
        0.02924799919128418,
        0.029343999922275543,
        0.030400000512599945,
        0.029311999678611755,
        0.030400000512599945,
        0.029440000653266907,
        0.029184000566601753,
        0.029343999922275543,
        0.03046399913728237,
        0.029184000566601753,
        0.029120000079274178,
        0.03033600002527237,
        0.06617599725723267,
        0.02921600081026554,
        0.030368000268936157,
        0.029472000896930695,
        0.030239999294281006,
        0.02924799919128418,
        0.03017600066959858,
        0.029343999922275543,
        0.030400000512599945,
        0.029279999434947968,
        0.030239999294281006,
        0.029311999678611755,
        0.029343999922275543,
        0.02940800040960312,
        0.030079999938607216,
        0.029279999434947968,
        0.029152000322937965,
        0.029120000079274178,
        0.03030399978160858,
        0.02924799919128418,
        0.030208000913262367
      ],
      "sample_count": 100
    },
    "triton_over_native_median_speedup": 0.45701472112857827,
    "warmup": 10
  },
  "triton_correctness": {
    "allclose": true,
    "atol": 0.0001,
    "finite": true,
    "max_abs": 6.103515625e-05,
    "mean_abs": 3.564881808415521e-06,
    "oracle": "independent FP32 selected-page causal reference over the shared native-staged BF16 query/scalar-FP8-KV Triton inputs",
    "pass": true,
    "rtol": 0.001
  },
  "warmup_calls": 1
}
INFO 08-30 20:41:58 [sparse_attention_msa.py:197] MiniMax M3 MSA sparse decode selected native_c2
USDT:2026-08-30 20:41:59 472304:472304 SyncActivityProfilerHandler.cpp:52] profiler_start
USDT:2026-08-30 20:41:59 472304:472304 SyncActivityProfilerHandler.cpp:59] profiler_stop
INFO 08-30 20:41:59 [sparse_attention_msa.py:197] MiniMax M3 MSA sparse decode selected Triton
{
  "all_gates_pass": true,
  "boundary": "real MiniMaxM3SparseMSAImpl.forward backend layer; no model weights or server scheduler",
  "builder": {
    "checks": {
      "decode_metadata_present": true,
      "native_backend_did_not_make_cutlass_plan": true,
      "native_decode_has_no_cutlass_metadata": true
    },
    "cutlass_plan_cache_size": 0,
    "triton_checks": {
      "triton_decode_metadata_present": true,
      "triton_plan_cache_empty": true
    },
    "triton_cutlass_plan_cache_size": 0
  },
  "caller_output": {
    "pointer_after": 130343953498112,
    "pointer_before": 130343953498112,
    "pointer_unchanged": true
  },
  "correctness": {
    "allclose": true,
    "atol": 0.0001,
    "finite": true,
    "max_abs": 6.103515625e-05,
    "mean_abs": 3.5365424082556274e-06,
    "oracle": "independent FP32 selected-page causal reference over exact native BF16-staged FP8 values",
    "pass": true,
    "rtol": 0.001
  },
  "data_contract": {
    "batch": 16,
    "head_dim": 128,
    "input_checksums": {
      "block_table_i32": "04791461a707a89d2f301d23eb5140ce324303aeda88f637c3671e7ac0b94991",
      "packed_kv_fp8": "7e9f7e58c34de9c2fa9093cae00922488b755ff9a3a3043d4c73754071ce507a",
      "q_bf16_original_not_timed": "3544a7414558b89a19c887610fda2e580a81b83a187b89f2bf53d57390cbb22e",
      "q_bf16_shared_native_staging": "ec1598e331f72cae690b2fa8a700f261b0a64212f5f5cf31d22c8bdbf7cbd47b",
      "query_fp8": "933432eb4626f77360b07c13ccc3627e788c7dfc50abdbb3f72e6e488e23829f",
      "seq_lens_i32": "6a53e23585e337720fb1f52fdab8bf5a5df5e31e36cdc0d15eec3262f1dcaa61",
      "topk_token_major_i32": "3e95ee58226c27e14cab9fe6642c73aa4a12d1c17615a41eb73d3df62cd67d2f"
    },
    "k_scale": 0.25,
    "kv_heads": 4,
    "page_size": 128,
    "q_scale": 0.25,
    "query_heads": 64,
    "topk": 16,
    "v_scale": 0.5
  },
  "environment": {
    "compute_capability": [
      10,
      3
    ],
    "device": "NVIDIA B300 SXM6 AC",
    "torch": "2.13.0+cu130",
    "vllm_import_root": "/tmp/c2-native-plugin-v12-fresh-runtime-12990.oQ0brnDX/vllm"
  },
  "gates": {
    "caller_owned_output": true,
    "fair_native_vs_triton_abba_timing": true,
    "fp32_oracle_correctness": true,
    "native_static_selection": true,
    "no_cutlass_plan": true,
    "one_profiled_forward_reaches_dispatcher_and_cuda_kernel": true
  },
  "profiled_forward_calls": 1,
  "profiling": {
    "checks": {
      "one_cpu_dispatcher_event": true,
      "one_cuda_native_kernel_event": true,
      "trace_nonempty": true
    },
    "cuda_kernel_events": [
      {
        "count": 1,
        "cpu_total_us": 0.0,
        "cuda_total_us": 0.0,
        "key": "vllm::native_c2::native_c2_msa_decode_kernel(__nv_fp8_e4m3 const*, __nv_fp8_e4m3 const*, int const*, int const*, int const*, __nv_bfloat16*, long, long, long, long, long, long, long, long, long, long, int, int, float, float, float, float)",
        "self_cpu_us": 0.0,
        "self_cuda_us": 0.0
      }
    ],
    "dispatcher_events": [
      {
        "count": 1,
        "cpu_total_us": 1044.8310000000001,
        "cuda_total_us": 0.0,
        "key": "_C::native_c2_msa_decode",
        "self_cpu_us": 30.690000000000055,
        "self_cuda_us": 0.0
      }
    ],
    "nearby_keys": [
      "_C::native_c2_msa_decode",
      "vllm::native_c2::native_c2_msa_decode_kernel(__nv_fp8_e4m3 const*, __nv_fp8_e4m3 const*, int const*, int const*, int const*, __nv_bfloat16*, long, long, long, long, long, long, long, long, long, long, int, int, float, float, float, float)"
    ],
    "pass": true,
    "trace": "/home/lcpu/85117379/c2-native-plugin-v12-fresh-backend-artifacts-20260830/job12990/plugin-v12-wheel-full-backend-seed20260815-job12990.chrome.json"
  },
  "schema": "c2-native-c2-full-vllm-backend-v2",
  "seed": 20260815,
  "static_selection": {
    "native_backend_alias": true,
    "should_use_msa_decode": true,
    "use_cutlass_decode_is_false": true,
    "use_native_c2_decode": true
  },
  "timing": {
    "caller_owned_output": {
      "native": true,
      "triton": true
    },
    "caller_owned_output_verification": "every warmup and timed call checks result.data_ptr() against its caller-owned output",
    "comparison_input_semantics": "native stages query_fp8 with q_scale and Triton receives the same BF16 query values; packed FP8 KV, scalar scales, sparse metadata, and caller-owned output shapes are shared",
    "native": {
      "median_ms": 0.0671359971165657,
      "p10_ms": 0.06400000303983688,
      "p90_ms": 0.08560000360012054,
      "raw_ms": [
        0.10022400319576263,
        0.09270399808883667,
        0.06412799656391144,
        0.08870399743318558,
        0.06409599632024765,
        0.07827199995517731,
        0.06412799656391144,
        0.07638400048017502,
        0.0639680027961731,
        0.08662399649620056,
        0.06409599632024765,
        0.0825280025601387,
        0.06409599632024765,
        0.07852800190448761,
        0.0639680027961731,
        0.08150400221347809,
        0.06400000303983688,
        0.08764799684286118,
        0.06412799656391144,
        0.07638400048017502,
        0.06390400230884552,
        0.08563199639320374,
        0.06406400352716446,
        0.07529599964618683,
        0.06400000303983688,
        0.07248000055551529,
        0.06390400230884552,
        0.08659200370311737,
        0.06409599632024765,
        0.07116799801588058,
        0.06415999680757523,
        0.08150400221347809,
        0.06406400352716446,
        0.0681919977068901,
        0.06412799656391144,
        0.07023999840021133,
        0.06406400352716446,
        0.08246400207281113,
        0.06403200328350067,
        0.08246400207281113,
        0.06403200328350067,
        0.0753600001335144,
        0.06406400352716446,
        0.07427199929952621,
        0.06406400352716446,
        0.07126399874687195,
        0.06412799656391144,
        0.08463999629020691,
        0.06403200328350067,
        0.0825280025601387,
        0.06403200328350067,
        0.07126399874687195,
        0.06406400352716446,
        0.07222399860620499,
        0.06409599632024765,
        0.09337600320577621,
        0.06387200206518173,
        0.07843200117349625,
        0.06409599632024765,
        0.08355200290679932,
        0.06409599632024765,
        0.06710399687290192,
        0.06406400352716446,
        0.07043199986219406,
        0.06387200206518173,
        0.08256000280380249,
        0.06393600255250931,
        0.07740800082683563,
        0.06409599632024765,
        0.07228799909353256,
        0.06406400352716446,
        0.0681919977068901,
        0.06409599632024765,
        0.06716799736022949,
        0.0642239972949028,
        0.08560000360012054,
        0.06406400352716446,
        0.0753600001335144,
        0.06412799656391144,
        0.08662399649620056,
        0.06409599632024765,
        0.0753600001335144,
        0.06403200328350067,
        0.08560000360012054,
        0.06409599632024765,
        0.07023999840021133,
        0.06406400352716446,
        0.08457600325345993,
        0.06409599632024765,
        0.07225599884986877,
        0.06403200328350067,
        0.07119999825954437,
        0.0642239972949028,
        0.08144000172615051,
        0.06390400230884552,
        0.06796800345182419,
        0.06403200328350067,
        0.07939200103282928,
        0.06425599753856659,
        0.07225599884986877
      ],
      "sample_count": 100
    },
    "native_over_triton_median_latency_ratio": 2.2928961206342664,
    "pass": true,
    "pre_timing_checks": {
      "distinct_output_buffers": true,
      "native_hard_gates": true,
      "triton_builder": true,
      "triton_correctness": true,
      "triton_static_selection": true
    },
    "protocol": "CUDA events; separate warmup excluded; ABBA=native,triton,triton,native; one default stream; input, metadata, output allocation, and oracle excluded",
    "ratio_interpretation": "triton_over_native < 1 means native is slower; native_over_triton is the direct latency-regression factor",
    "raw_cycles_ms": [
      {
        "native_a_0": 0.10022400319576263,
        "native_a_3": 0.09270399808883667,
        "triton_b_1": 0.0342399999499321,
        "triton_b_2": 0.0671359971165657
      },
      {
        "native_a_0": 0.06412799656391144,
        "native_a_3": 0.08870399743318558,
        "triton_b_1": 0.02921600081026554,
        "triton_b_2": 0.04665600135922432
      },
      {
        "native_a_0": 0.06409599632024765,
        "native_a_3": 0.07827199995517731,
        "triton_b_1": 0.029279999434947968,
        "triton_b_2": 0.030400000512599945
      },
      {
        "native_a_0": 0.06412799656391144,
        "native_a_3": 0.07638400048017502,
        "triton_b_1": 0.029279999434947968,
        "triton_b_2": 0.030208000913262367
      },
      {
        "native_a_0": 0.0639680027961731,
        "native_a_3": 0.08662399649620056,
        "triton_b_1": 0.02921600081026554,
        "triton_b_2": 0.03641600161790848
      },
      {
        "native_a_0": 0.06409599632024765,
        "native_a_3": 0.0825280025601387,
        "triton_b_1": 0.029311999678611755,
        "triton_b_2": 0.030239999294281006
      },
      {
        "native_a_0": 0.06409599632024765,
        "native_a_3": 0.07852800190448761,
        "triton_b_1": 0.029311999678611755,
        "triton_b_2": 0.029184000566601753
      },
      {
        "native_a_0": 0.0639680027961731,
        "native_a_3": 0.08150400221347809,
        "triton_b_1": 0.02937600016593933,
        "triton_b_2": 0.029120000079274178
      },
      {
        "native_a_0": 0.06400000303983688,
        "native_a_3": 0.08764799684286118,
        "triton_b_1": 0.02937600016593933,
        "triton_b_2": 0.030208000913262367
      },
      {
        "native_a_0": 0.06412799656391144,
        "native_a_3": 0.07638400048017502,
        "triton_b_1": 0.02924799919128418,
        "triton_b_2": 0.029279999434947968
      },
      {
        "native_a_0": 0.06390400230884552,
        "native_a_3": 0.08563199639320374,
        "triton_b_1": 0.02924799919128418,
        "triton_b_2": 0.030079999938607216
      },
      {
        "native_a_0": 0.06406400352716446,
        "native_a_3": 0.07529599964618683,
        "triton_b_1": 0.029184000566601753,
        "triton_b_2": 0.03033600002527237
      },
      {
        "native_a_0": 0.06400000303983688,
        "native_a_3": 0.07248000055551529,
        "triton_b_1": 0.029152000322937965,
        "triton_b_2": 0.02940800040960312
      },
      {
        "native_a_0": 0.06390400230884552,
        "native_a_3": 0.08659200370311737,
        "triton_b_1": 0.029279999434947968,
        "triton_b_2": 0.029184000566601753
      },
      {
        "native_a_0": 0.06409599632024765,
        "native_a_3": 0.07116799801588058,
        "triton_b_1": 0.02921600081026554,
        "triton_b_2": 0.029343999922275543
      },
      {
        "native_a_0": 0.06415999680757523,
        "native_a_3": 0.08150400221347809,
        "triton_b_1": 0.02924799919128418,
        "triton_b_2": 0.029279999434947968
      },
      {
        "native_a_0": 0.06406400352716446,
        "native_a_3": 0.0681919977068901,
        "triton_b_1": 0.02921600081026554,
        "triton_b_2": 0.03014400042593479
      },
      {
        "native_a_0": 0.06412799656391144,
        "native_a_3": 0.07023999840021133,
        "triton_b_1": 0.029120000079274178,
        "triton_b_2": 0.029279999434947968
      },
      {
        "native_a_0": 0.06406400352716446,
        "native_a_3": 0.08246400207281113,
        "triton_b_1": 0.029279999434947968,
        "triton_b_2": 0.030432000756263733
      },
      {
        "native_a_0": 0.06403200328350067,
        "native_a_3": 0.08246400207281113,
        "triton_b_1": 0.02908799983561039,
        "triton_b_2": 0.029279999434947968
      },
      {
        "native_a_0": 0.06403200328350067,
        "native_a_3": 0.0753600001335144,
        "triton_b_1": 0.02908799983561039,
        "triton_b_2": 0.02940800040960312
      },
      {
        "native_a_0": 0.06406400352716446,
        "native_a_3": 0.07427199929952621,
        "triton_b_1": 0.028991999104619026,
        "triton_b_2": 0.02937600016593933
      },
      {
        "native_a_0": 0.06406400352716446,
        "native_a_3": 0.07126399874687195,
        "triton_b_1": 0.029279999434947968,
        "triton_b_2": 0.029279999434947968
      },
      {
        "native_a_0": 0.06412799656391144,
        "native_a_3": 0.08463999629020691,
        "triton_b_1": 0.029120000079274178,
        "triton_b_2": 0.03436800092458725
      },
      {
        "native_a_0": 0.06403200328350067,
        "native_a_3": 0.0825280025601387,
        "triton_b_1": 0.029311999678611755,
        "triton_b_2": 0.02924799919128418
      },
      {
        "native_a_0": 0.06403200328350067,
        "native_a_3": 0.07126399874687195,
        "triton_b_1": 0.029279999434947968,
        "triton_b_2": 0.029120000079274178
      },
      {
        "native_a_0": 0.06406400352716446,
        "native_a_3": 0.07222399860620499,
        "triton_b_1": 0.029343999922275543,
        "triton_b_2": 0.03014400042593479
      },
      {
        "native_a_0": 0.06409599632024765,
        "native_a_3": 0.09337600320577621,
        "triton_b_1": 0.029279999434947968,
        "triton_b_2": 0.08224000036716461
      },
      {
        "native_a_0": 0.06387200206518173,
        "native_a_3": 0.07843200117349625,
        "triton_b_1": 0.02924799919128418,
        "triton_b_2": 0.02921600081026554
      },
      {
        "native_a_0": 0.06409599632024765,
        "native_a_3": 0.08355200290679932,
        "triton_b_1": 0.02940800040960312,
        "triton_b_2": 0.02908799983561039
      },
      {
        "native_a_0": 0.06409599632024765,
        "native_a_3": 0.06710399687290192,
        "triton_b_1": 0.029279999434947968,
        "triton_b_2": 0.03033600002527237
      },
      {
        "native_a_0": 0.06406400352716446,
        "native_a_3": 0.07043199986219406,
        "triton_b_1": 0.029440000653266907,
        "triton_b_2": 0.028991999104619026
      },
      {
        "native_a_0": 0.06387200206518173,
        "native_a_3": 0.08256000280380249,
        "triton_b_1": 0.029279999434947968,
        "triton_b_2": 0.031136000528931618
      },
      {
        "native_a_0": 0.06393600255250931,
        "native_a_3": 0.07740800082683563,
        "triton_b_1": 0.029600000008940697,
        "triton_b_2": 0.0289280004799366
      },
      {
        "native_a_0": 0.06409599632024765,
        "native_a_3": 0.07228799909353256,
        "triton_b_1": 0.029279999434947968,
        "triton_b_2": 0.03030399978160858
      },
      {
        "native_a_0": 0.06406400352716446,
        "native_a_3": 0.0681919977068901,
        "triton_b_1": 0.02924799919128418,
        "triton_b_2": 0.03030399978160858
      },
      {
        "native_a_0": 0.06409599632024765,
        "native_a_3": 0.06716799736022949,
        "triton_b_1": 0.029279999434947968,
        "triton_b_2": 0.03030399978160858
      },
      {
        "native_a_0": 0.0642239972949028,
        "native_a_3": 0.08560000360012054,
        "triton_b_1": 0.029120000079274178,
        "triton_b_2": 0.03030399978160858
      },
      {
        "native_a_0": 0.06406400352716446,
        "native_a_3": 0.0753600001335144,
        "triton_b_1": 0.029279999434947968,
        "triton_b_2": 0.030239999294281006
      },
      {
        "native_a_0": 0.06412799656391144,
        "native_a_3": 0.08662399649620056,
        "triton_b_1": 0.029184000566601753,
        "triton_b_2": 0.06511999666690826
      },
      {
        "native_a_0": 0.06409599632024765,
        "native_a_3": 0.0753600001335144,
        "triton_b_1": 0.029279999434947968,
        "triton_b_2": 0.02924799919128418
      },
      {
        "native_a_0": 0.06403200328350067,
        "native_a_3": 0.08560000360012054,
        "triton_b_1": 0.029279999434947968,
        "triton_b_2": 0.031328000128269196
      },
      {
        "native_a_0": 0.06409599632024765,
        "native_a_3": 0.07023999840021133,
        "triton_b_1": 0.029279999434947968,
        "triton_b_2": 0.03030399978160858
      },
      {
        "native_a_0": 0.06406400352716446,
        "native_a_3": 0.08457600325345993,
        "triton_b_1": 0.029279999434947968,
        "triton_b_2": 0.03014400042593479
      },
      {
        "native_a_0": 0.06409599632024765,
        "native_a_3": 0.07225599884986877,
        "triton_b_1": 0.02921600081026554,
        "triton_b_2": 0.028896000236272812
      },
      {
        "native_a_0": 0.06403200328350067,
        "native_a_3": 0.07119999825954437,
        "triton_b_1": 0.02940800040960312,
        "triton_b_2": 0.030079999938607216
      },
      {
        "native_a_0": 0.0642239972949028,
        "native_a_3": 0.08144000172615051,
        "triton_b_1": 0.029055999591946602,
        "triton_b_2": 0.02921600081026554
      },
      {
        "native_a_0": 0.06390400230884552,
        "native_a_3": 0.06796800345182419,
        "triton_b_1": 0.029311999678611755,
        "triton_b_2": 0.030400000512599945
      },
      {
        "native_a_0": 0.06403200328350067,
        "native_a_3": 0.07939200103282928,
        "triton_b_1": 0.02924799919128418,
        "triton_b_2": 0.030208000913262367
      },
      {
        "native_a_0": 0.06425599753856659,
        "native_a_3": 0.07225599884986877,
        "triton_b_1": 0.029023999348282814,
        "triton_b_2": 0.02921600081026554
      }
    ],
    "repetitions": 50,
    "triton": {
      "median_ms": 0.029279999434947968,
      "p10_ms": 0.029120000079274178,
      "p90_ms": 0.030400000512599945,
      "raw_ms": [
        0.0342399999499321,
        0.0671359971165657,
        0.02921600081026554,
        0.04665600135922432,
        0.029279999434947968,
        0.030400000512599945,
        0.029279999434947968,
        0.030208000913262367,
        0.02921600081026554,
        0.03641600161790848,
        0.029311999678611755,
        0.030239999294281006,
        0.029311999678611755,
        0.029184000566601753,
        0.02937600016593933,
        0.029120000079274178,
        0.02937600016593933,
        0.030208000913262367,
        0.02924799919128418,
        0.029279999434947968,
        0.02924799919128418,
        0.030079999938607216,
        0.029184000566601753,
        0.03033600002527237,
        0.029152000322937965,
        0.02940800040960312,
        0.029279999434947968,
        0.029184000566601753,
        0.02921600081026554,
        0.029343999922275543,
        0.02924799919128418,
        0.029279999434947968,
        0.02921600081026554,
        0.03014400042593479,
        0.029120000079274178,
        0.029279999434947968,
        0.029279999434947968,
        0.030432000756263733,
        0.02908799983561039,
        0.029279999434947968,
        0.02908799983561039,
        0.02940800040960312,
        0.028991999104619026,
        0.02937600016593933,
        0.029279999434947968,
        0.029279999434947968,
        0.029120000079274178,
        0.03436800092458725,
        0.029311999678611755,
        0.02924799919128418,
        0.029279999434947968,
        0.029120000079274178,
        0.029343999922275543,
        0.03014400042593479,
        0.029279999434947968,
        0.08224000036716461,
        0.02924799919128418,
        0.02921600081026554,
        0.02940800040960312,
        0.02908799983561039,
        0.029279999434947968,
        0.03033600002527237,
        0.029440000653266907,
        0.028991999104619026,
        0.029279999434947968,
        0.031136000528931618,
        0.029600000008940697,
        0.0289280004799366,
        0.029279999434947968,
        0.03030399978160858,
        0.02924799919128418,
        0.03030399978160858,
        0.029279999434947968,
        0.03030399978160858,
        0.029120000079274178,
        0.03030399978160858,
        0.029279999434947968,
        0.030239999294281006,
        0.029184000566601753,
        0.06511999666690826,
        0.029279999434947968,
        0.02924799919128418,
        0.029279999434947968,
        0.031328000128269196,
        0.029279999434947968,
        0.03030399978160858,
        0.029279999434947968,
        0.03014400042593479,
        0.02921600081026554,
        0.028896000236272812,
        0.02940800040960312,
        0.030079999938607216,
        0.029055999591946602,
        0.02921600081026554,
        0.029311999678611755,
        0.030400000512599945,
        0.02924799919128418,
        0.030208000913262367,
        0.029023999348282814,
        0.02921600081026554
      ],
      "sample_count": 100
    },
    "triton_over_native_median_speedup": 0.43612965759799777,
    "warmup": 10
  },
  "triton_correctness": {
    "allclose": true,
    "atol": 0.0001,
    "finite": true,
    "max_abs": 6.103515625e-05,
    "mean_abs": 3.5492862480168696e-06,
    "oracle": "independent FP32 selected-page causal reference over the shared native-staged BF16 query/scalar-FP8-KV Triton inputs",
    "pass": true,
    "rtol": 0.001
  },
  "warmup_calls": 1
}
INFO 08-30 20:42:08 [sparse_attention_msa.py:197] MiniMax M3 MSA sparse decode selected native_c2
USDT:2026-08-30 20:42:08 472719:472719 SyncActivityProfilerHandler.cpp:52] profiler_start
USDT:2026-08-30 20:42:08 472719:472719 SyncActivityProfilerHandler.cpp:59] profiler_stop
INFO 08-30 20:42:08 [sparse_attention_msa.py:197] MiniMax M3 MSA sparse decode selected Triton
{
  "all_gates_pass": true,
  "boundary": "real MiniMaxM3SparseMSAImpl.forward backend layer; no model weights or server scheduler",
  "builder": {
    "checks": {
      "decode_metadata_present": true,
      "native_backend_did_not_make_cutlass_plan": true,
      "native_decode_has_no_cutlass_metadata": true
    },
    "cutlass_plan_cache_size": 0,
    "triton_checks": {
      "triton_decode_metadata_present": true,
      "triton_plan_cache_empty": true
    },
    "triton_cutlass_plan_cache_size": 0
  },
  "caller_output": {
    "pointer_after": 129824597999616,
    "pointer_before": 129824597999616,
    "pointer_unchanged": true
  },
  "correctness": {
    "allclose": true,
    "atol": 0.0001,
    "finite": true,
    "max_abs": 3.0517578125e-05,
    "mean_abs": 3.53356836058083e-06,
    "oracle": "independent FP32 selected-page causal reference over exact native BF16-staged FP8 values",
    "pass": true,
    "rtol": 0.001
  },
  "data_contract": {
    "batch": 16,
    "head_dim": 128,
    "input_checksums": {
      "block_table_i32": "1c3977db887f303d994ee6fb54fd008a17a6dd1847fecf37de573be410ab3915",
      "packed_kv_fp8": "97de80078562168fb36765293b574df03e358255a10d3a10652955145dab33a0",
      "q_bf16_original_not_timed": "c3bf1608f3e4dbbb88e52601cfd924e9912374e97f9a2002f98f60a4e9541dad",
      "q_bf16_shared_native_staging": "ac69640899d4b9d7c3c0bbf9122d5a2f01664342f2166848ad827978b9747d38",
      "query_fp8": "68dab1757aacd7b669ebb10ec2239411b2fabb2f88ee6c7eb650471e1d50c9f6",
      "seq_lens_i32": "9a9d19ba22634e41354cec83783f70600adac9dc8d8c306f49c49ccbfba86e5c",
      "topk_token_major_i32": "8e65531408ed5d18fe4933b83a69f86d548a1cbc3575fcfd5457749269cb0691"
    },
    "k_scale": 0.25,
    "kv_heads": 4,
    "page_size": 128,
    "q_scale": 0.25,
    "query_heads": 64,
    "topk": 16,
    "v_scale": 0.5
  },
  "environment": {
    "compute_capability": [
      10,
      3
    ],
    "device": "NVIDIA B300 SXM6 AC",
    "torch": "2.13.0+cu130",
    "vllm_import_root": "/tmp/c2-native-plugin-v12-fresh-runtime-12990.oQ0brnDX/vllm"
  },
  "gates": {
    "caller_owned_output": true,
    "fair_native_vs_triton_abba_timing": true,
    "fp32_oracle_correctness": true,
    "native_static_selection": true,
    "no_cutlass_plan": true,
    "one_profiled_forward_reaches_dispatcher_and_cuda_kernel": true
  },
  "profiled_forward_calls": 1,
  "profiling": {
    "checks": {
      "one_cpu_dispatcher_event": true,
      "one_cuda_native_kernel_event": true,
      "trace_nonempty": true
    },
    "cuda_kernel_events": [
      {
        "count": 1,
        "cpu_total_us": 0.0,
        "cuda_total_us": 0.0,
        "key": "vllm::native_c2::native_c2_msa_decode_kernel(__nv_fp8_e4m3 const*, __nv_fp8_e4m3 const*, int const*, int const*, int const*, __nv_bfloat16*, long, long, long, long, long, long, long, long, long, long, int, int, float, float, float, float)",
        "self_cpu_us": 0.0,
        "self_cuda_us": 0.0
      }
    ],
    "dispatcher_events": [
      {
        "count": 1,
        "cpu_total_us": 971.382,
        "cuda_total_us": 0.0,
        "key": "_C::native_c2_msa_decode",
        "self_cpu_us": 37.45999999999992,
        "self_cuda_us": 0.0
      }
    ],
    "nearby_keys": [
      "_C::native_c2_msa_decode",
      "vllm::native_c2::native_c2_msa_decode_kernel(__nv_fp8_e4m3 const*, __nv_fp8_e4m3 const*, int const*, int const*, int const*, __nv_bfloat16*, long, long, long, long, long, long, long, long, long, long, int, int, float, float, float, float)"
    ],
    "pass": true,
    "trace": "/home/lcpu/85117379/c2-native-plugin-v12-fresh-backend-artifacts-20260830/job12990/plugin-v12-wheel-full-backend-seed20260829-job12990.chrome.json"
  },
  "schema": "c2-native-c2-full-vllm-backend-v2",
  "seed": 20260829,
  "static_selection": {
    "native_backend_alias": true,
    "should_use_msa_decode": true,
    "use_cutlass_decode_is_false": true,
    "use_native_c2_decode": true
  },
  "timing": {
    "caller_owned_output": {
      "native": true,
      "triton": true
    },
    "caller_owned_output_verification": "every warmup and timed call checks result.data_ptr() against its caller-owned output",
    "comparison_input_semantics": "native stages query_fp8 with q_scale and Triton receives the same BF16 query values; packed FP8 KV, scalar scales, sparse metadata, and caller-owned output shapes are shared",
    "native": {
      "median_ms": 0.06521599739789963,
      "p10_ms": 0.0639680027961731,
      "p90_ms": 0.07849600166082382,
      "raw_ms": [
        0.19808000326156616,
        0.09286399930715561,
        0.06531199812889099,
        0.08671999722719193,
        0.06521599739789963,
        0.07443200051784515,
        0.06400000303983688,
        0.06915199756622314,
        0.06521599739789963,
        0.08367999643087387,
        0.06406400352716446,
        0.07955200225114822,
        0.06521599739789963,
        0.06841599941253662,
        0.06412799656391144,
        0.06710399687290192,
        0.0642239972949028,
        0.07545600086450577,
        0.0631679967045784,
        0.07049600034952164,
        0.06403200328350067,
        0.07651200145483017,
        0.06403200328350067,
        0.06409599632024765,
        0.06521599739789963,
        0.06537599861621857,
        0.0639680027961731,
        0.06915199756622314,
        0.06521599739789963,
        0.06915199756622314,
        0.06329599767923355,
        0.0713919997215271,
        0.06415999680757523,
        0.0650240033864975,
        0.06319999694824219,
        0.06400000303983688,
        0.06518399715423584,
        0.09299200028181076,
        0.06319999694824219,
        0.07849600166082382,
        0.0642239972949028,
        0.07952000200748444,
        0.06543999910354614,
        0.06521599739789963,
        0.06428799778223038,
        0.06524799764156342,
        0.06524799764156342,
        0.08160000294446945,
        0.06412799656391144,
        0.06831999868154526,
        0.06521599739789963,
        0.07648000121116638,
        0.06319999694824219,
        0.06931199878454208,
        0.06403200328350067,
        0.06419199705123901,
        0.06403200328350067,
        0.07238399982452393,
        0.0631679967045784,
        0.06409599632024765,
        0.06415999680757523,
        0.07337599992752075,
        0.0642239972949028,
        0.06518399715423584,
        0.0652799978852272,
        0.06489600241184235,
        0.06400000303983688,
        0.06943999975919724,
        0.06409599632024765,
        0.06511999666690826,
        0.06521599739789963,
        0.06403200328350067,
        0.06521599739789963,
        0.06406400352716446,
        0.06521599739789963,
        0.06390400230884552,
        0.06521599739789963,
        0.0642239972949028,
        0.0642239972949028,
        0.09126400202512741,
        0.06415999680757523,
        0.06710399687290192,
        0.06400000303983688,
        0.06518399715423584,
        0.06323199719190598,
        0.0650240033864975,
        0.0644799992442131,
        0.08367999643087387,
        0.06412799656391144,
        0.07340800017118454,
        0.06524799764156342,
        0.06505600363016129,
        0.0639680027961731,
        0.06518399715423584,
        0.06537599861621857,
        0.06521599739789963,
        0.06521599739789963,
        0.06444799900054932,
        0.0642239972949028,
        0.06726399809122086
      ],
      "sample_count": 100
    },
    "native_over_triton_median_latency_ratio": 2.2200434718650293,
    "pass": true,
    "pre_timing_checks": {
      "distinct_output_buffers": true,
      "native_hard_gates": true,
      "triton_builder": true,
      "triton_correctness": true,
      "triton_static_selection": true
    },
    "protocol": "CUDA events; separate warmup excluded; ABBA=native,triton,triton,native; one default stream; input, metadata, output allocation, and oracle excluded",
    "ratio_interpretation": "triton_over_native < 1 means native is slower; native_over_triton is the direct latency-regression factor",
    "raw_cycles_ms": [
      {
        "native_a_0": 0.19808000326156616,
        "native_a_3": 0.09286399930715561,
        "triton_b_1": 0.042688000947237015,
        "triton_b_2": 0.06828799843788147
      },
      {
        "native_a_0": 0.06531199812889099,
        "native_a_3": 0.08671999722719193,
        "triton_b_1": 0.029440000653266907,
        "triton_b_2": 0.04047999903559685
      },
      {
        "native_a_0": 0.06521599739789963,
        "native_a_3": 0.07443200051784515,
        "triton_b_1": 0.029311999678611755,
        "triton_b_2": 0.029472000896930695
      },
      {
        "native_a_0": 0.06400000303983688,
        "native_a_3": 0.06915199756622314,
        "triton_b_1": 0.029343999922275543,
        "triton_b_2": 0.030400000512599945
      },
      {
        "native_a_0": 0.06521599739789963,
        "native_a_3": 0.08367999643087387,
        "triton_b_1": 0.02937600016593933,
        "triton_b_2": 0.032287999987602234
      },
      {
        "native_a_0": 0.06406400352716446,
        "native_a_3": 0.07955200225114822,
        "triton_b_1": 0.029343999922275543,
        "triton_b_2": 0.02940800040960312
      },
      {
        "native_a_0": 0.06521599739789963,
        "native_a_3": 0.06841599941253662,
        "triton_b_1": 0.02937600016593933,
        "triton_b_2": 0.030432000756263733
      },
      {
        "native_a_0": 0.06412799656391144,
        "native_a_3": 0.06710399687290192,
        "triton_b_1": 0.029279999434947968,
        "triton_b_2": 0.030527999624609947
      },
      {
        "native_a_0": 0.0642239972949028,
        "native_a_3": 0.07545600086450577,
        "triton_b_1": 0.02908799983561039,
        "triton_b_2": 0.02940800040960312
      },
      {
        "native_a_0": 0.0631679967045784,
        "native_a_3": 0.07049600034952164,
        "triton_b_1": 0.02937600016593933,
        "triton_b_2": 0.030432000756263733
      },
      {
        "native_a_0": 0.06403200328350067,
        "native_a_3": 0.07651200145483017,
        "triton_b_1": 0.02924799919128418,
        "triton_b_2": 0.029503999277949333
      },
      {
        "native_a_0": 0.06403200328350067,
        "native_a_3": 0.06409599632024765,
        "triton_b_1": 0.029343999922275543,
        "triton_b_2": 0.030400000512599945
      },
      {
        "native_a_0": 0.06521599739789963,
        "native_a_3": 0.06537599861621857,
        "triton_b_1": 0.029503999277949333,
        "triton_b_2": 0.029311999678611755
      },
      {
        "native_a_0": 0.0639680027961731,
        "native_a_3": 0.06915199756622314,
        "triton_b_1": 0.029120000079274178,
        "triton_b_2": 0.02940800040960312
      },
      {
        "native_a_0": 0.06521599739789963,
        "native_a_3": 0.06915199756622314,
        "triton_b_1": 0.02937600016593933,
        "triton_b_2": 0.030432000756263733
      },
      {
        "native_a_0": 0.06329599767923355,
        "native_a_3": 0.0713919997215271,
        "triton_b_1": 0.02937600016593933,
        "triton_b_2": 0.03033600002527237
      },
      {
        "native_a_0": 0.06415999680757523,
        "native_a_3": 0.0650240033864975,
        "triton_b_1": 0.02937600016593933,
        "triton_b_2": 0.029343999922275543
      },
      {
        "native_a_0": 0.06319999694824219,
        "native_a_3": 0.06400000303983688,
        "triton_b_1": 0.029311999678611755,
        "triton_b_2": 0.029343999922275543
      },
      {
        "native_a_0": 0.06518399715423584,
        "native_a_3": 0.09299200028181076,
        "triton_b_1": 0.029600000008940697,
        "triton_b_2": 0.029184000566601753
      },
      {
        "native_a_0": 0.06319999694824219,
        "native_a_3": 0.07849600166082382,
        "triton_b_1": 0.029279999434947968,
        "triton_b_2": 0.03033600002527237
      },
      {
        "native_a_0": 0.0642239972949028,
        "native_a_3": 0.07952000200748444,
        "triton_b_1": 0.029279999434947968,
        "triton_b_2": 0.030432000756263733
      },
      {
        "native_a_0": 0.06543999910354614,
        "native_a_3": 0.06521599739789963,
        "triton_b_1": 0.029152000322937965,
        "triton_b_2": 0.030400000512599945
      },
      {
        "native_a_0": 0.06428799778223038,
        "native_a_3": 0.06524799764156342,
        "triton_b_1": 0.02921600081026554,
        "triton_b_2": 0.02940800040960312
      },
      {
        "native_a_0": 0.06524799764156342,
        "native_a_3": 0.08160000294446945,
        "triton_b_1": 0.02937600016593933,
        "triton_b_2": 0.030208000913262367
      },
      {
        "native_a_0": 0.06412799656391144,
        "native_a_3": 0.06831999868154526,
        "triton_b_1": 0.02937600016593933,
        "triton_b_2": 0.029343999922275543
      },
      {
        "native_a_0": 0.06521599739789963,
        "native_a_3": 0.07648000121116638,
        "triton_b_1": 0.02937600016593933,
        "triton_b_2": 0.02937600016593933
      },
      {
        "native_a_0": 0.06319999694824219,
        "native_a_3": 0.06931199878454208,
        "triton_b_1": 0.02940800040960312,
        "triton_b_2": 0.029152000322937965
      },
      {
        "native_a_0": 0.06403200328350067,
        "native_a_3": 0.06419199705123901,
        "triton_b_1": 0.02937600016593933,
        "triton_b_2": 0.02937600016593933
      },
      {
        "native_a_0": 0.06403200328350067,
        "native_a_3": 0.07238399982452393,
        "triton_b_1": 0.02937600016593933,
        "triton_b_2": 0.029343999922275543
      },
      {
        "native_a_0": 0.0631679967045784,
        "native_a_3": 0.06409599632024765,
        "triton_b_1": 0.029343999922275543,
        "triton_b_2": 0.029343999922275543
      },
      {
        "native_a_0": 0.06415999680757523,
        "native_a_3": 0.07337599992752075,
        "triton_b_1": 0.02937600016593933,
        "triton_b_2": 0.02924799919128418
      },
      {
        "native_a_0": 0.0642239972949028,
        "native_a_3": 0.06518399715423584,
        "triton_b_1": 0.02924799919128418,
        "triton_b_2": 0.02937600016593933
      },
      {
        "native_a_0": 0.0652799978852272,
        "native_a_3": 0.06489600241184235,
        "triton_b_1": 0.029311999678611755,
        "triton_b_2": 0.02937600016593933
      },
      {
        "native_a_0": 0.06400000303983688,
        "native_a_3": 0.06943999975919724,
        "triton_b_1": 0.02937600016593933,
        "triton_b_2": 0.02937600016593933
      },
      {
        "native_a_0": 0.06409599632024765,
        "native_a_3": 0.06511999666690826,
        "triton_b_1": 0.02937600016593933,
        "triton_b_2": 0.02940800040960312
      },
      {
        "native_a_0": 0.06521599739789963,
        "native_a_3": 0.06403200328350067,
        "triton_b_1": 0.02940800040960312,
        "triton_b_2": 0.030368000268936157
      },
      {
        "native_a_0": 0.06521599739789963,
        "native_a_3": 0.06406400352716446,
        "triton_b_1": 0.02937600016593933,
        "triton_b_2": 0.029503999277949333
      },
      {
        "native_a_0": 0.06521599739789963,
        "native_a_3": 0.06390400230884552,
        "triton_b_1": 0.029343999922275543,
        "triton_b_2": 0.02940800040960312
      },
      {
        "native_a_0": 0.06521599739789963,
        "native_a_3": 0.0642239972949028,
        "triton_b_1": 0.029343999922275543,
        "triton_b_2": 0.029184000566601753
      },
      {
        "native_a_0": 0.0642239972949028,
        "native_a_3": 0.09126400202512741,
        "triton_b_1": 0.02937600016593933,
        "triton_b_2": 0.056992001831531525
      },
      {
        "native_a_0": 0.06415999680757523,
        "native_a_3": 0.06710399687290192,
        "triton_b_1": 0.02937600016593933,
        "triton_b_2": 0.02953599952161312
      },
      {
        "native_a_0": 0.06400000303983688,
        "native_a_3": 0.06518399715423584,
        "triton_b_1": 0.029311999678611755,
        "triton_b_2": 0.02921600081026554
      },
      {
        "native_a_0": 0.06323199719190598,
        "native_a_3": 0.0650240033864975,
        "triton_b_1": 0.029343999922275543,
        "triton_b_2": 0.029311999678611755
      },
      {
        "native_a_0": 0.0644799992442131,
        "native_a_3": 0.08367999643087387,
        "triton_b_1": 0.02908799983561039,
        "triton_b_2": 0.03964800015091896
      },
      {
        "native_a_0": 0.06412799656391144,
        "native_a_3": 0.07340800017118454,
        "triton_b_1": 0.029472000896930695,
        "triton_b_2": 0.03033600002527237
      },
      {
        "native_a_0": 0.06524799764156342,
        "native_a_3": 0.06505600363016129,
        "triton_b_1": 0.029311999678611755,
        "triton_b_2": 0.02937600016593933
      },
      {
        "native_a_0": 0.0639680027961731,
        "native_a_3": 0.06518399715423584,
        "triton_b_1": 0.02937600016593933,
        "triton_b_2": 0.02940800040960312
      },
      {
        "native_a_0": 0.06537599861621857,
        "native_a_3": 0.06521599739789963,
        "triton_b_1": 0.02921600081026554,
        "triton_b_2": 0.02937600016593933
      },
      {
        "native_a_0": 0.06521599739789963,
        "native_a_3": 0.06444799900054932,
        "triton_b_1": 0.02937600016593933,
        "triton_b_2": 0.02937600016593933
      },
      {
        "native_a_0": 0.0642239972949028,
        "native_a_3": 0.06726399809122086,
        "triton_b_1": 0.029311999678611755,
        "triton_b_2": 0.02940800040960312
      }
    ],
    "repetitions": 50,
    "triton": {
      "median_ms": 0.02937600016593933,
      "p10_ms": 0.02921600081026554,
      "p90_ms": 0.030432000756263733,
      "raw_ms": [
        0.042688000947237015,
        0.06828799843788147,
        0.029440000653266907,
        0.04047999903559685,
        0.029311999678611755,
        0.029472000896930695,
        0.029343999922275543,
        0.030400000512599945,
        0.02937600016593933,
        0.032287999987602234,
        0.029343999922275543,
        0.02940800040960312,
        0.02937600016593933,
        0.030432000756263733,
        0.029279999434947968,
        0.030527999624609947,
        0.02908799983561039,
        0.02940800040960312,
        0.02937600016593933,
        0.030432000756263733,
        0.02924799919128418,
        0.029503999277949333,
        0.029343999922275543,
        0.030400000512599945,
        0.029503999277949333,
        0.029311999678611755,
        0.029120000079274178,
        0.02940800040960312,
        0.02937600016593933,
        0.030432000756263733,
        0.02937600016593933,
        0.03033600002527237,
        0.02937600016593933,
        0.029343999922275543,
        0.029311999678611755,
        0.029343999922275543,
        0.029600000008940697,
        0.029184000566601753,
        0.029279999434947968,
        0.03033600002527237,
        0.029279999434947968,
        0.030432000756263733,
        0.029152000322937965,
        0.030400000512599945,
        0.02921600081026554,
        0.02940800040960312,
        0.02937600016593933,
        0.030208000913262367,
        0.02937600016593933,
        0.029343999922275543,
        0.02937600016593933,
        0.02937600016593933,
        0.02940800040960312,
        0.029152000322937965,
        0.02937600016593933,
        0.02937600016593933,
        0.02937600016593933,
        0.029343999922275543,
        0.029343999922275543,
        0.029343999922275543,
        0.02937600016593933,
        0.02924799919128418,
        0.02924799919128418,
        0.02937600016593933,
        0.029311999678611755,
        0.02937600016593933,
        0.02937600016593933,
        0.02937600016593933,
        0.02937600016593933,
        0.02940800040960312,
        0.02940800040960312,
        0.030368000268936157,
        0.02937600016593933,
        0.029503999277949333,
        0.029343999922275543,
        0.02940800040960312,
        0.029343999922275543,
        0.029184000566601753,
        0.02937600016593933,
        0.056992001831531525,
        0.02937600016593933,
        0.02953599952161312,
        0.029311999678611755,
        0.02921600081026554,
        0.029343999922275543,
        0.029311999678611755,
        0.02908799983561039,
        0.03964800015091896,
        0.029472000896930695,
        0.03033600002527237,
        0.029311999678611755,
        0.02937600016593933,
        0.02937600016593933,
        0.02940800040960312,
        0.02921600081026554,
        0.02937600016593933,
        0.02937600016593933,
        0.02937600016593933,
        0.029311999678611755,
        0.02940800040960312
      ],
      "sample_count": 100
    },
    "triton_over_native_median_speedup": 0.45044162993795483,
    "warmup": 10
  },
  "triton_correctness": {
    "allclose": true,
    "atol": 0.0001,
    "finite": true,
    "max_abs": 6.103515625e-05,
    "mean_abs": 3.5442080843495205e-06,
    "oracle": "independent FP32 selected-page causal reference over the shared native-staged BF16 query/scalar-FP8-KV Triton inputs",
    "pass": true,
    "rtol": 0.001
  },
  "warmup_calls": 1
}
rm: cannot remove '/tmp/c2-native-plugin-v12-fresh-runtime-12990.oQ0brnDX/c2_support/harness/reference.py': Permission denied
rm: cannot remove '/tmp/c2-native-plugin-v12-fresh-runtime-12990.oQ0brnDX/c2_support/harness/__init__.py': Permission denied
rm: cannot remove '/tmp/c2-native-plugin-v12-fresh-runtime-12990.oQ0brnDX/c2_support/harness/triton_baseline.py': Permission denied
rm: cannot remove '/tmp/c2-native-plugin-v12-fresh-runtime-12990.oQ0brnDX/c2_support/harness/data.py': Permission denied
rm: cannot remove '/tmp/c2-native-plugin-v12-fresh-runtime-12990.oQ0brnDX/c2_support/support-installed-job12990.sha256': Permission denied
rm: cannot remove '/tmp/c2-native-plugin-v12-fresh-runtime-12990.oQ0brnDX/c2_support/vllm_msa_ref/sparse_attn.py': Permission denied
FINAL_RC=2 UTC=2026-08-30T20:42:11Z RUN_ID=12990 RUNTIME_CLEANUP_RC=1
