
===== PRE UTC=2026-08-30T08:11:35Z =====
NVIDIA B300 SXM6 AC, GPU-dadf9f3b-df58-d3fa-07b0-5fe223423db1, 580.126.09, 275040, 0, 0, 10.3
uv 0.12.1 (x86_64-unknown-linux-gnu)
/home/lcpu/85117379/c2-native-plugin-v6-wheel-artifacts-20260830/job12331/vllm-0.26.1rc1.dev370+gd4da0c55a-cp38-abi3-manylinux_2_28_x86_64.whl: OK
/home/lcpu/85117379/c2-native-plugin-v6-wheel-artifacts-20260830/job12331/c2-native-plugin-overlay-provenance.json: OK
/home/lcpu/85117379/c2-native-plugin-v6-aot-artifacts-20260830/job12278/vllm/_native_c2_msa_decode_plugin.abi3.so: OK
/home/lcpu/85117379/native_c2_full_backend_bench_20260829.py: OK
/var/lib/slurm/slurmd/job12385/slurm_script: OK
/home/lcpu/85117379/c2-native-plugin-v6-stress-artifacts-20260830/job12314/v6-vs-v5-fixed-fixture-aggregate-job12314.json: OK
/home/lcpu/85117379/c2-native-plugin-v6-stress-artifacts-20260830/job12314/candidate-v6-b1-round-job12314.json: OK
/home/lcpu/85117379/c2-native-plugin-v5-wheel-runtime-artifacts-20260829/job11775/plugin-v5-wheel-full-backend-job11775.json: OK
/home/lcpu/85117379/vllm-d4-wheel/vllm-0.26.1rc1.dev370+gd4da0c55a-cp38-abi3-manylinux_2_28_x86_64.whl: OK
/home/lcpu/85117379/build_native_c2_plugin_overlay_wheel_20260829.py: OK
sha256sum: WARNING: 8 lines are improperly formatted
harness/__init__.py: OK
harness/data.py: OK
harness/reference.py: OK
harness/triton_baseline.py: OK
vllm_msa_ref/sparse_attn.py: OK
/home/lcpu/85117379/c2-native-plugin-v6-wheel-artifacts-20260830/job12331/vllm-0.26.1rc1.dev370+gd4da0c55a-cp38-abi3-manylinux_2_28_x86_64.whl: OK
/home/lcpu/85117379/c2-native-plugin-v6-wheel-artifacts-20260830/job12331/c2-native-plugin-overlay-provenance.json: OK
/home/lcpu/85117379/c2-native-plugin-v6-aot-artifacts-20260830/job12278/vllm/_native_c2_msa_decode_plugin.abi3.so: OK
/home/lcpu/85117379/native_c2_full_backend_bench_20260829.py: OK
/var/lib/slurm/slurmd/job12385/slurm_script: OK
/home/lcpu/85117379/c2-native-plugin-v6-stress-artifacts-20260830/job12314/v6-vs-v5-fixed-fixture-aggregate-job12314.json: OK
/home/lcpu/85117379/c2-native-plugin-v6-stress-artifacts-20260830/job12314/candidate-v6-b1-round-job12314.json: OK
/home/lcpu/85117379/c2-native-plugin-v5-wheel-runtime-artifacts-20260829/job11775/plugin-v5-wheel-full-backend-job11775.json: OK
/home/lcpu/85117379/vllm-d4-wheel/vllm-0.26.1rc1.dev370+gd4da0c55a-cp38-abi3-manylinux_2_28_x86_64.whl: OK
/home/lcpu/85117379/build_native_c2_plugin_overlay_wheel_20260829.py: OK
/home/lcpu/85117379/c2-native-plugin-v6-wheel-artifacts-20260830/job12331/vllm-0.26.1rc1.dev370+gd4da0c55a-cp38-abi3-manylinux_2_28_x86_64.whl: OK
/home/lcpu/85117379/c2-native-plugin-v6-wheel-artifacts-20260830/job12331/c2-native-plugin-overlay-provenance.json: OK
/home/lcpu/85117379/c2-native-plugin-v6-aot-artifacts-20260830/job12278/vllm/_native_c2_msa_decode_plugin.abi3.so: OK
/home/lcpu/85117379/native_c2_full_backend_bench_20260829.py: OK
/var/lib/slurm/slurmd/job12385/slurm_script: OK
/home/lcpu/85117379/c2-native-plugin-v6-stress-artifacts-20260830/job12314/v6-vs-v5-fixed-fixture-aggregate-job12314.json: OK
/home/lcpu/85117379/c2-native-plugin-v6-stress-artifacts-20260830/job12314/candidate-v6-b1-round-job12314.json: OK
/home/lcpu/85117379/c2-native-plugin-v5-wheel-runtime-artifacts-20260829/job11775/plugin-v5-wheel-full-backend-job11775.json: OK
/home/lcpu/85117379/c2-native-plugin-v6-fresh-backend-artifacts-20260830/job12385/support-source-job12385.sha256: OK
sha256sum: WARNING: 8 lines are improperly formatted
Using CPython 3.12.11 interpreter at: venv-vllm-d4da0c5/bin/python
Resolved 1 package in 3ms
Installed 1 package in 493ms
 + vllm==0.26.1rc1.dev370+gd4da0c55a (from file:///home/lcpu/85117379/c2-native-plugin-v6-wheel-artifacts-20260830/job12331/vllm-0.26.1rc1.dev370+gd4da0c55a-cp38-abi3-manylinux_2_28_x86_64.whl)
harness/__init__.py: OK
harness/data.py: OK
harness/reference.py: OK
harness/triton_baseline.py: OK
vllm_msa_ref/sparse_attn.py: OK
INFO 08-30 08:12:05 [sparse_attention_msa.py:197] MiniMax M3 MSA sparse decode selected native_c2
USDT:2026-08-30 08:12:06 1800357:1800357 SyncActivityProfilerHandler.cpp:52] profiler_start
USDT:2026-08-30 08:12:06 1800357:1800357 SyncActivityProfilerHandler.cpp:59] profiler_stop
INFO 08-30 08:12:06 [sparse_attention_msa.py:197] MiniMax M3 MSA sparse decode selected Triton
{
  "all_gates_pass": true,
  "boundary": "real MiniMaxM3SparseMSAImpl.forward backend layer; no model weights or server scheduler",
  "builder": {
    "checks": {
      "decode_metadata_present": true,
      "native_backend_did_not_make_cutlass_plan": true,
      "native_decode_has_no_cutlass_metadata": true
    },
    "cutlass_plan_cache_size": 0,
    "triton_checks": {
      "triton_decode_metadata_present": true,
      "triton_plan_cache_empty": true
    },
    "triton_cutlass_plan_cache_size": 0
  },
  "caller_output": {
    "pointer_after": 139350902571008,
    "pointer_before": 139350902571008,
    "pointer_unchanged": true
  },
  "correctness": {
    "allclose": true,
    "atol": 0.0001,
    "finite": true,
    "max_abs": 6.103515625e-05,
    "mean_abs": 3.557062882464379e-06,
    "oracle": "independent FP32 selected-page causal reference over exact native BF16-staged FP8 values",
    "pass": true,
    "rtol": 0.001
  },
  "data_contract": {
    "batch": 16,
    "head_dim": 128,
    "input_checksums": {
      "block_table_i32": "702776e31183896e47ecf403ac58f4204f13fbbbb5c609066c246ae9a0854a43",
      "packed_kv_fp8": "b1dcdbc5f595d1e380315779bb6fe39edbb1621e32ba0e801a83120c720f73fc",
      "q_bf16_original_not_timed": "d1c9d90c4f2ee4ea3aca332f9e6a494a0313478116af3ba5e5bbe6073bca5011",
      "q_bf16_shared_native_staging": "8c0250f202a332286dd875dbbf6de3896d218cdb0b185cfffcc408b92d6b5128",
      "query_fp8": "df1d8ac3dcf605eb5c126af8e7ec323e0b212b857509ee6cfd3eac2d9a55b3a3",
      "seq_lens_i32": "9ca7a635727ba2b2de898f1ec19157b7c71126c88a242a7cd3afea5dce7b1629",
      "topk_token_major_i32": "db9f11221ffc84165e6366775241d9a8612f31ea0c929ab203fa3e1d0e64b705"
    },
    "k_scale": 0.25,
    "kv_heads": 4,
    "page_size": 128,
    "q_scale": 0.25,
    "query_heads": 64,
    "topk": 16,
    "v_scale": 0.5
  },
  "environment": {
    "compute_capability": [
      10,
      3
    ],
    "device": "NVIDIA B300 SXM6 AC",
    "torch": "2.13.0+cu130",
    "vllm_import_root": "/home/lcpu/85117379/c2-native-plugin-v6-fresh-runtime-20260830/job12385/vllm"
  },
  "gates": {
    "caller_owned_output": true,
    "fair_native_vs_triton_abba_timing": true,
    "fp32_oracle_correctness": true,
    "native_static_selection": true,
    "no_cutlass_plan": true,
    "one_profiled_forward_reaches_dispatcher_and_cuda_kernel": true
  },
  "profiled_forward_calls": 1,
  "profiling": {
    "checks": {
      "one_cpu_dispatcher_event": true,
      "one_cuda_native_kernel_event": true,
      "trace_nonempty": true
    },
    "cuda_kernel_events": [
      {
        "count": 1,
        "cpu_total_us": 0.0,
        "cuda_total_us": 0.0,
        "key": "vllm::native_c2::native_c2_msa_decode_kernel(__nv_fp8_e4m3 const*, __nv_fp8_e4m3 const*, int const*, int const*, int const*, __nv_bfloat16*, long, long, long, long, long, long, long, long, long, long, int, int, float, float, float, float)",
        "self_cpu_us": 0.0,
        "self_cuda_us": 0.0
      }
    ],
    "dispatcher_events": [
      {
        "count": 1,
        "cpu_total_us": 976.586,
        "cuda_total_us": 0.0,
        "key": "_C::native_c2_msa_decode",
        "self_cpu_us": 34.55000000000007,
        "self_cuda_us": 0.0
      }
    ],
    "nearby_keys": [
      "_C::native_c2_msa_decode",
      "vllm::native_c2::native_c2_msa_decode_kernel(__nv_fp8_e4m3 const*, __nv_fp8_e4m3 const*, int const*, int const*, int const*, __nv_bfloat16*, long, long, long, long, long, long, long, long, long, long, int, int, float, float, float, float)"
    ],
    "pass": true,
    "trace": "/home/lcpu/85117379/c2-native-plugin-v6-fresh-backend-artifacts-20260830/job12385/plugin-v6-wheel-full-backend-seed17-job12385.chrome.json"
  },
  "schema": "c2-native-c2-full-vllm-backend-v2",
  "seed": 17,
  "static_selection": {
    "native_backend_alias": true,
    "should_use_msa_decode": true,
    "use_cutlass_decode_is_false": true,
    "use_native_c2_decode": true
  },
  "timing": {
    "caller_owned_output": {
      "native": true,
      "triton": true
    },
    "caller_owned_output_verification": "every warmup and timed call checks result.data_ptr() against its caller-owned output",
    "comparison_input_semantics": "native stages query_fp8 with q_scale and Triton receives the same BF16 query values; packed FP8 KV, scalar scales, sparse metadata, and caller-owned output shapes are shared",
    "native": {
      "median_ms": 0.10817599669098854,
      "p10_ms": 0.10636799782514572,
      "p90_ms": 0.10835199803113937,
      "raw_ms": [
        0.14265599846839905,
        0.13494400680065155,
        0.1072319969534874,
        0.10697600245475769,
        0.1082879975438118,
        0.10822399705648422,
        0.10822399705648422,
        0.10623999685049057,
        0.10822399705648422,
        0.10835199803113937,
        0.10688000172376633,
        0.10812799632549286,
        0.1082879975438118,
        0.10639999806880951,
        0.1069440022110939,
        0.10822399705648422,
        0.10815999656915665,
        0.10633599758148193,
        0.10691200196743011,
        0.10825599730014801,
        0.10809600353240967,
        0.1082879975438118,
        0.10806400328874588,
        0.10815999656915665,
        0.10812799632549286,
        0.10812799632549286,
        0.10831999778747559,
        0.10627199709415436,
        0.10815999656915665,
        0.10822399705648422,
        0.10822399705648422,
        0.10822399705648422,
        0.10707200318574905,
        0.1082879975438118,
        0.10819199681282043,
        0.1080000028014183,
        0.10841599851846695,
        0.10825599730014801,
        0.10809600353240967,
        0.10822399705648422,
        0.10825599730014801,
        0.10704000294208527,
        0.106175996363163,
        0.10716799646615982,
        0.10809600353240967,
        0.10732799768447876,
        0.10707200318574905,
        0.10620799660682678,
        0.10812799632549286,
        0.10697600245475769,
        0.10822399705648422,
        0.10819199681282043,
        0.10707200318574905,
        0.10835199803113937,
        0.10835199803113937,
        0.10822399705648422,
        0.106175996363163,
        0.10819199681282043,
        0.10688000172376633,
        0.10675200074911118,
        0.10806400328874588,
        0.10812799632549286,
        0.10835199803113937,
        0.10822399705648422,
        0.10831999778747559,
        0.10841599851846695,
        0.10809600353240967,
        0.10636799782514572,
        0.10815999656915665,
        0.10819199681282043,
        0.10819199681282043,
        0.10639999806880951,
        0.10633599758148193,
        0.10819199681282043,
        0.10838399827480316,
        0.10735999792814255,
        0.10809600353240967,
        0.1069440022110939,
        0.10825599730014801,
        0.1082879975438118,
        0.10691200196743011,
        0.10831999778747559,
        0.10819199681282043,
        0.10825599730014801,
        0.10815999656915665,
        0.10595200210809708,
        0.10835199803113937,
        0.10844799876213074,
        0.10831999778747559,
        0.10636799782514572,
        0.10710400342941284,
        0.10819199681282043,
        0.10815999656915665,
        0.10819199681282043,
        0.10819199681282043,
        0.10803200304508209,
        0.10838399827480316,
        0.10825599730014801,
        0.10825599730014801,
        0.10822399705648422
      ],
      "sample_count": 100
    },
    "native_over_triton_median_latency_ratio": 3.686477541491208,
    "pass": true,
    "pre_timing_checks": {
      "distinct_output_buffers": true,
      "native_hard_gates": true,
      "triton_builder": true,
      "triton_correctness": true,
      "triton_static_selection": true
    },
    "protocol": "CUDA events; separate warmup excluded; ABBA=native,triton,triton,native; one default stream; input, metadata, output allocation, and oracle excluded",
    "ratio_interpretation": "triton_over_native < 1 means native is slower; native_over_triton is the direct latency-regression factor",
    "raw_cycles_ms": [
      {
        "native_a_0": 0.14265599846839905,
        "native_a_3": 0.13494400680065155,
        "triton_b_1": 0.029343999922275543,
        "triton_b_2": 0.029343999922275543
      },
      {
        "native_a_0": 0.1072319969534874,
        "native_a_3": 0.10697600245475769,
        "triton_b_1": 0.02908799983561039,
        "triton_b_2": 0.029664000496268272
      },
      {
        "native_a_0": 0.1082879975438118,
        "native_a_3": 0.10822399705648422,
        "triton_b_1": 0.02940800040960312,
        "triton_b_2": 0.029184000566601753
      },
      {
        "native_a_0": 0.10822399705648422,
        "native_a_3": 0.10623999685049057,
        "triton_b_1": 0.029343999922275543,
        "triton_b_2": 0.029343999922275543
      },
      {
        "native_a_0": 0.10822399705648422,
        "native_a_3": 0.10835199803113937,
        "triton_b_1": 0.02921600081026554,
        "triton_b_2": 0.02924799919128418
      },
      {
        "native_a_0": 0.10688000172376633,
        "native_a_3": 0.10812799632549286,
        "triton_b_1": 0.02937600016593933,
        "triton_b_2": 0.029343999922275543
      },
      {
        "native_a_0": 0.1082879975438118,
        "native_a_3": 0.10639999806880951,
        "triton_b_1": 0.029472000896930695,
        "triton_b_2": 0.02937600016593933
      },
      {
        "native_a_0": 0.1069440022110939,
        "native_a_3": 0.10822399705648422,
        "triton_b_1": 0.02924799919128418,
        "triton_b_2": 0.029440000653266907
      },
      {
        "native_a_0": 0.10815999656915665,
        "native_a_3": 0.10633599758148193,
        "triton_b_1": 0.029343999922275543,
        "triton_b_2": 0.029311999678611755
      },
      {
        "native_a_0": 0.10691200196743011,
        "native_a_3": 0.10825599730014801,
        "triton_b_1": 0.02921600081026554,
        "triton_b_2": 0.02940800040960312
      },
      {
        "native_a_0": 0.10809600353240967,
        "native_a_3": 0.1082879975438118,
        "triton_b_1": 0.02937600016593933,
        "triton_b_2": 0.02937600016593933
      },
      {
        "native_a_0": 0.10806400328874588,
        "native_a_3": 0.10815999656915665,
        "triton_b_1": 0.02937600016593933,
        "triton_b_2": 0.029600000008940697
      },
      {
        "native_a_0": 0.10812799632549286,
        "native_a_3": 0.10812799632549286,
        "triton_b_1": 0.029055999591946602,
        "triton_b_2": 0.029472000896930695
      },
      {
        "native_a_0": 0.10831999778747559,
        "native_a_3": 0.10627199709415436,
        "triton_b_1": 0.029343999922275543,
        "triton_b_2": 0.029472000896930695
      },
      {
        "native_a_0": 0.10815999656915665,
        "native_a_3": 0.10822399705648422,
        "triton_b_1": 0.029279999434947968,
        "triton_b_2": 0.029440000653266907
      },
      {
        "native_a_0": 0.10822399705648422,
        "native_a_3": 0.10822399705648422,
        "triton_b_1": 0.03033600002527237,
        "triton_b_2": 0.029343999922275543
      },
      {
        "native_a_0": 0.10707200318574905,
        "native_a_3": 0.1082879975438118,
        "triton_b_1": 0.029503999277949333,
        "triton_b_2": 0.029311999678611755
      },
      {
        "native_a_0": 0.10819199681282043,
        "native_a_3": 0.1080000028014183,
        "triton_b_1": 0.029343999922275543,
        "triton_b_2": 0.029632000252604485
      },
      {
        "native_a_0": 0.10841599851846695,
        "native_a_3": 0.10825599730014801,
        "triton_b_1": 0.02937600016593933,
        "triton_b_2": 0.02924799919128418
      },
      {
        "native_a_0": 0.10809600353240967,
        "native_a_3": 0.10822399705648422,
        "triton_b_1": 0.02937600016593933,
        "triton_b_2": 0.029343999922275543
      },
      {
        "native_a_0": 0.10825599730014801,
        "native_a_3": 0.10704000294208527,
        "triton_b_1": 0.02956799976527691,
        "triton_b_2": 0.029279999434947968
      },
      {
        "native_a_0": 0.106175996363163,
        "native_a_3": 0.10716799646615982,
        "triton_b_1": 0.02956799976527691,
        "triton_b_2": 0.029152000322937965
      },
      {
        "native_a_0": 0.10809600353240967,
        "native_a_3": 0.10732799768447876,
        "triton_b_1": 0.029343999922275543,
        "triton_b_2": 0.029343999922275543
      },
      {
        "native_a_0": 0.10707200318574905,
        "native_a_3": 0.10620799660682678,
        "triton_b_1": 0.02921600081026554,
        "triton_b_2": 0.029279999434947968
      },
      {
        "native_a_0": 0.10812799632549286,
        "native_a_3": 0.10697600245475769,
        "triton_b_1": 0.029343999922275543,
        "triton_b_2": 0.029632000252604485
      },
      {
        "native_a_0": 0.10822399705648422,
        "native_a_3": 0.10819199681282043,
        "triton_b_1": 0.02953599952161312,
        "triton_b_2": 0.02940800040960312
      },
      {
        "native_a_0": 0.10707200318574905,
        "native_a_3": 0.10835199803113937,
        "triton_b_1": 0.029343999922275543,
        "triton_b_2": 0.029120000079274178
      },
      {
        "native_a_0": 0.10835199803113937,
        "native_a_3": 0.10822399705648422,
        "triton_b_1": 0.029055999591946602,
        "triton_b_2": 0.02940800040960312
      },
      {
        "native_a_0": 0.106175996363163,
        "native_a_3": 0.10819199681282043,
        "triton_b_1": 0.02937600016593933,
        "triton_b_2": 0.029440000653266907
      },
      {
        "native_a_0": 0.10688000172376633,
        "native_a_3": 0.10675200074911118,
        "triton_b_1": 0.02937600016593933,
        "triton_b_2": 0.02953599952161312
      },
      {
        "native_a_0": 0.10806400328874588,
        "native_a_3": 0.10812799632549286,
        "triton_b_1": 0.02924799919128418,
        "triton_b_2": 0.029279999434947968
      },
      {
        "native_a_0": 0.10835199803113937,
        "native_a_3": 0.10822399705648422,
        "triton_b_1": 0.029152000322937965,
        "triton_b_2": 0.029311999678611755
      },
      {
        "native_a_0": 0.10831999778747559,
        "native_a_3": 0.10841599851846695,
        "triton_b_1": 0.02956799976527691,
        "triton_b_2": 0.0289280004799366
      },
      {
        "native_a_0": 0.10809600353240967,
        "native_a_3": 0.10636799782514572,
        "triton_b_1": 0.029311999678611755,
        "triton_b_2": 0.029440000653266907
      },
      {
        "native_a_0": 0.10815999656915665,
        "native_a_3": 0.10819199681282043,
        "triton_b_1": 0.029152000322937965,
        "triton_b_2": 0.029440000653266907
      },
      {
        "native_a_0": 0.10819199681282043,
        "native_a_3": 0.10639999806880951,
        "triton_b_1": 0.029311999678611755,
        "triton_b_2": 0.02953599952161312
      },
      {
        "native_a_0": 0.10633599758148193,
        "native_a_3": 0.10819199681282043,
        "triton_b_1": 0.029120000079274178,
        "triton_b_2": 0.02940800040960312
      },
      {
        "native_a_0": 0.10838399827480316,
        "native_a_3": 0.10735999792814255,
        "triton_b_1": 0.029279999434947968,
        "triton_b_2": 0.029279999434947968
      },
      {
        "native_a_0": 0.10809600353240967,
        "native_a_3": 0.1069440022110939,
        "triton_b_1": 0.02940800040960312,
        "triton_b_2": 0.02937600016593933
      },
      {
        "native_a_0": 0.10825599730014801,
        "native_a_3": 0.1082879975438118,
        "triton_b_1": 0.02921600081026554,
        "triton_b_2": 0.029472000896930695
      },
      {
        "native_a_0": 0.10691200196743011,
        "native_a_3": 0.10831999778747559,
        "triton_b_1": 0.029472000896930695,
        "triton_b_2": 0.02921600081026554
      },
      {
        "native_a_0": 0.10819199681282043,
        "native_a_3": 0.10825599730014801,
        "triton_b_1": 0.02921600081026554,
        "triton_b_2": 0.02924799919128418
      },
      {
        "native_a_0": 0.10815999656915665,
        "native_a_3": 0.10595200210809708,
        "triton_b_1": 0.029600000008940697,
        "triton_b_2": 0.029152000322937965
      },
      {
        "native_a_0": 0.10835199803113937,
        "native_a_3": 0.10844799876213074,
        "triton_b_1": 0.029279999434947968,
        "triton_b_2": 0.02953599952161312
      },
      {
        "native_a_0": 0.10831999778747559,
        "native_a_3": 0.10636799782514572,
        "triton_b_1": 0.029279999434947968,
        "triton_b_2": 0.029055999591946602
      },
      {
        "native_a_0": 0.10710400342941284,
        "native_a_3": 0.10819199681282043,
        "triton_b_1": 0.02937600016593933,
        "triton_b_2": 0.029600000008940697
      },
      {
        "native_a_0": 0.10815999656915665,
        "native_a_3": 0.10819199681282043,
        "triton_b_1": 0.02953599952161312,
        "triton_b_2": 0.029279999434947968
      },
      {
        "native_a_0": 0.10819199681282043,
        "native_a_3": 0.10803200304508209,
        "triton_b_1": 0.029311999678611755,
        "triton_b_2": 0.029311999678611755
      },
      {
        "native_a_0": 0.10838399827480316,
        "native_a_3": 0.10825599730014801,
        "triton_b_1": 0.02940800040960312,
        "triton_b_2": 0.029279999434947968
      },
      {
        "native_a_0": 0.10825599730014801,
        "native_a_3": 0.10822399705648422,
        "triton_b_1": 0.029440000653266907,
        "triton_b_2": 0.029343999922275543
      }
    ],
    "repetitions": 50,
    "triton": {
      "median_ms": 0.029343999922275543,
      "p10_ms": 0.029152000322937965,
      "p90_ms": 0.02953599952161312,
      "raw_ms": [
        0.029343999922275543,
        0.029343999922275543,
        0.02908799983561039,
        0.029664000496268272,
        0.02940800040960312,
        0.029184000566601753,
        0.029343999922275543,
        0.029343999922275543,
        0.02921600081026554,
        0.02924799919128418,
        0.02937600016593933,
        0.029343999922275543,
        0.029472000896930695,
        0.02937600016593933,
        0.02924799919128418,
        0.029440000653266907,
        0.029343999922275543,
        0.029311999678611755,
        0.02921600081026554,
        0.02940800040960312,
        0.02937600016593933,
        0.02937600016593933,
        0.02937600016593933,
        0.029600000008940697,
        0.029055999591946602,
        0.029472000896930695,
        0.029343999922275543,
        0.029472000896930695,
        0.029279999434947968,
        0.029440000653266907,
        0.03033600002527237,
        0.029343999922275543,
        0.029503999277949333,
        0.029311999678611755,
        0.029343999922275543,
        0.029632000252604485,
        0.02937600016593933,
        0.02924799919128418,
        0.02937600016593933,
        0.029343999922275543,
        0.02956799976527691,
        0.029279999434947968,
        0.02956799976527691,
        0.029152000322937965,
        0.029343999922275543,
        0.029343999922275543,
        0.02921600081026554,
        0.029279999434947968,
        0.029343999922275543,
        0.029632000252604485,
        0.02953599952161312,
        0.02940800040960312,
        0.029343999922275543,
        0.029120000079274178,
        0.029055999591946602,
        0.02940800040960312,
        0.02937600016593933,
        0.029440000653266907,
        0.02937600016593933,
        0.02953599952161312,
        0.02924799919128418,
        0.029279999434947968,
        0.029152000322937965,
        0.029311999678611755,
        0.02956799976527691,
        0.0289280004799366,
        0.029311999678611755,
        0.029440000653266907,
        0.029152000322937965,
        0.029440000653266907,
        0.029311999678611755,
        0.02953599952161312,
        0.029120000079274178,
        0.02940800040960312,
        0.029279999434947968,
        0.029279999434947968,
        0.02940800040960312,
        0.02937600016593933,
        0.02921600081026554,
        0.029472000896930695,
        0.029472000896930695,
        0.02921600081026554,
        0.02921600081026554,
        0.02924799919128418,
        0.029600000008940697,
        0.029152000322937965,
        0.029279999434947968,
        0.02953599952161312,
        0.029279999434947968,
        0.029055999591946602,
        0.02937600016593933,
        0.029600000008940697,
        0.02953599952161312,
        0.029279999434947968,
        0.029311999678611755,
        0.029311999678611755,
        0.02940800040960312,
        0.029279999434947968,
        0.029440000653266907,
        0.029343999922275543
      ],
      "sample_count": 100
    },
    "triton_over_native_median_speedup": 0.27126165526441604,
    "warmup": 10
  },
  "triton_correctness": {
    "allclose": true,
    "atol": 0.0001,
    "finite": true,
    "max_abs": 6.103515625e-05,
    "mean_abs": 3.556289357220521e-06,
    "oracle": "independent FP32 selected-page causal reference over the shared native-staged BF16 query/scalar-FP8-KV Triton inputs",
    "pass": true,
    "rtol": 0.001
  },
  "warmup_calls": 1
}
INFO 08-30 08:12:16 [sparse_attention_msa.py:197] MiniMax M3 MSA sparse decode selected native_c2
USDT:2026-08-30 08:12:16 1800738:1800738 SyncActivityProfilerHandler.cpp:52] profiler_start
USDT:2026-08-30 08:12:16 1800738:1800738 SyncActivityProfilerHandler.cpp:59] profiler_stop
INFO 08-30 08:12:16 [sparse_attention_msa.py:197] MiniMax M3 MSA sparse decode selected Triton
{
  "all_gates_pass": true,
  "boundary": "real MiniMaxM3SparseMSAImpl.forward backend layer; no model weights or server scheduler",
  "builder": {
    "checks": {
      "decode_metadata_present": true,
      "native_backend_did_not_make_cutlass_plan": true,
      "native_decode_has_no_cutlass_metadata": true
    },
    "cutlass_plan_cache_size": 0,
    "triton_checks": {
      "triton_decode_metadata_present": true,
      "triton_plan_cache_empty": true
    },
    "triton_cutlass_plan_cache_size": 0
  },
  "caller_output": {
    "pointer_after": 135678671978496,
    "pointer_before": 135678671978496,
    "pointer_unchanged": true
  },
  "correctness": {
    "allclose": true,
    "atol": 0.0001,
    "finite": true,
    "max_abs": 6.103515625e-05,
    "mean_abs": 3.5659666082210606e-06,
    "oracle": "independent FP32 selected-page causal reference over exact native BF16-staged FP8 values",
    "pass": true,
    "rtol": 0.001
  },
  "data_contract": {
    "batch": 16,
    "head_dim": 128,
    "input_checksums": {
      "block_table_i32": "2fec2dcfb5802987f19c1bd9d298924dde3aaaa2fff84e433a541a6d78bb6440",
      "packed_kv_fp8": "cef86154aebc4f690cf066cfd1dd869bf46bd2464a2c9877310a27ae34ee2b1a",
      "q_bf16_original_not_timed": "1087f14da0fd9715594214ddb88cc1101594b937fc5a0b7731c8d9f21df7026b",
      "q_bf16_shared_native_staging": "e77323198aa5cd7b4bdecff06973bb82b97231113901fc3088fcf837822aa6ce",
      "query_fp8": "110e139a62a5191840657c3eae426efdcad692103d5d14c1ad075e84b93c1fef",
      "seq_lens_i32": "ac1030be8bde5811c619c0cd7e23969bf835418bdecd10a8bf77d3f5b259bf5e",
      "topk_token_major_i32": "2c33f0b978316d6071179fd3632da64a5c1938b68634692a30cdddaac97ad89d"
    },
    "k_scale": 0.25,
    "kv_heads": 4,
    "page_size": 128,
    "q_scale": 0.25,
    "query_heads": 64,
    "topk": 16,
    "v_scale": 0.5
  },
  "environment": {
    "compute_capability": [
      10,
      3
    ],
    "device": "NVIDIA B300 SXM6 AC",
    "torch": "2.13.0+cu130",
    "vllm_import_root": "/home/lcpu/85117379/c2-native-plugin-v6-fresh-runtime-20260830/job12385/vllm"
  },
  "gates": {
    "caller_owned_output": true,
    "fair_native_vs_triton_abba_timing": true,
    "fp32_oracle_correctness": true,
    "native_static_selection": true,
    "no_cutlass_plan": true,
    "one_profiled_forward_reaches_dispatcher_and_cuda_kernel": true
  },
  "profiled_forward_calls": 1,
  "profiling": {
    "checks": {
      "one_cpu_dispatcher_event": true,
      "one_cuda_native_kernel_event": true,
      "trace_nonempty": true
    },
    "cuda_kernel_events": [
      {
        "count": 1,
        "cpu_total_us": 0.0,
        "cuda_total_us": 0.0,
        "key": "vllm::native_c2::native_c2_msa_decode_kernel(__nv_fp8_e4m3 const*, __nv_fp8_e4m3 const*, int const*, int const*, int const*, __nv_bfloat16*, long, long, long, long, long, long, long, long, long, long, int, int, float, float, float, float)",
        "self_cpu_us": 0.0,
        "self_cuda_us": 0.0
      }
    ],
    "dispatcher_events": [
      {
        "count": 1,
        "cpu_total_us": 1353.2549999999999,
        "cuda_total_us": 0.0,
        "key": "_C::native_c2_msa_decode",
        "self_cpu_us": 35.42000000000007,
        "self_cuda_us": 0.0
      }
    ],
    "nearby_keys": [
      "_C::native_c2_msa_decode",
      "vllm::native_c2::native_c2_msa_decode_kernel(__nv_fp8_e4m3 const*, __nv_fp8_e4m3 const*, int const*, int const*, int const*, __nv_bfloat16*, long, long, long, long, long, long, long, long, long, long, int, int, float, float, float, float)"
    ],
    "pass": true,
    "trace": "/home/lcpu/85117379/c2-native-plugin-v6-fresh-backend-artifacts-20260830/job12385/plugin-v6-wheel-full-backend-seed23-job12385.chrome.json"
  },
  "schema": "c2-native-c2-full-vllm-backend-v2",
  "seed": 23,
  "static_selection": {
    "native_backend_alias": true,
    "should_use_msa_decode": true,
    "use_cutlass_decode_is_false": true,
    "use_native_c2_decode": true
  },
  "timing": {
    "caller_owned_output": {
      "native": true,
      "triton": true
    },
    "caller_owned_output_verification": "every warmup and timed call checks result.data_ptr() against its caller-owned output",
    "comparison_input_semantics": "native stages query_fp8 with q_scale and Triton receives the same BF16 query values; packed FP8 KV, scalar scales, sparse metadata, and caller-owned output shapes are shared",
    "native": {
      "median_ms": 0.10716799646615982,
      "p10_ms": 0.10688000172376633,
      "p90_ms": 0.10831999778747559,
      "raw_ms": [
        0.14860799908638,
        0.23110400140285492,
        0.10835199803113937,
        0.1072319969534874,
        0.10697600245475769,
        0.10688000172376633,
        0.10707200318574905,
        0.10713600367307663,
        0.10716799646615982,
        0.1082879975438118,
        0.10691200196743011,
        0.10713600367307663,
        0.1069440022110939,
        0.10803200304508209,
        0.10815999656915665,
        0.10819199681282043,
        0.1082879975438118,
        0.10812799632549286,
        0.10812799632549286,
        0.10707200318574905,
        0.1090560033917427,
        0.10825599730014801,
        0.10707200318574905,
        0.10831999778747559,
        0.10684800148010254,
        0.10825599730014801,
        0.1072319969534874,
        0.10716799646615982,
        0.10678400099277496,
        0.10822399705648422,
        0.10598400235176086,
        0.10889600217342377,
        0.10819199681282043,
        0.10831999778747559,
        0.10710400342941284,
        0.10691200196743011,
        0.10719999670982361,
        0.10691200196743011,
        0.10700800269842148,
        0.10713600367307663,
        0.10835199803113937,
        0.10691200196743011,
        0.10815999656915665,
        0.10838399827480316,
        0.10681600123643875,
        0.10700800269842148,
        0.10812799632549286,
        0.10831999778747559,
        0.10700800269842148,
        0.10838399827480316,
        0.10688000172376633,
        0.10697600245475769,
        0.1082879975438118,
        0.10822399705648422,
        0.10815999656915665,
        0.10831999778747559,
        0.10710400342941284,
        0.10655999928712845,
        0.10678400099277496,
        0.10700800269842148,
        0.10713600367307663,
        0.10633599758148193,
        0.1069440022110939,
        0.10825599730014801,
        0.10902400314807892,
        0.10710400342941284,
        0.10707200318574905,
        0.10700800269842148,
        0.10809600353240967,
        0.1082879975438118,
        0.10697600245475769,
        0.10819199681282043,
        0.10713600367307663,
        0.10704000294208527,
        0.10713600367307663,
        0.10796800255775452,
        0.10812799632549286,
        0.1072319969534874,
        0.1069440022110939,
        0.10684800148010254,
        0.10716799646615982,
        0.10700800269842148,
        0.10691200196743011,
        0.10726399719715118,
        0.1069440022110939,
        0.10819199681282043,
        0.10700800269842148,
        0.10822399705648422,
        0.10707200318574905,
        0.10822399705648422,
        0.10726399719715118,
        0.10835199803113937,
        0.10710400342941284,
        0.10623999685049057,
        0.10713600367307663,
        0.10812799632549286,
        0.10806400328874588,
        0.10825599730014801,
        0.10716799646615982,
        0.10713600367307663
      ],
      "sample_count": 100
    },
    "native_over_triton_median_latency_ratio": 3.6601092395598354,
    "pass": true,
    "pre_timing_checks": {
      "distinct_output_buffers": true,
      "native_hard_gates": true,
      "triton_builder": true,
      "triton_correctness": true,
      "triton_static_selection": true
    },
    "protocol": "CUDA events; separate warmup excluded; ABBA=native,triton,triton,native; one default stream; input, metadata, output allocation, and oracle excluded",
    "ratio_interpretation": "triton_over_native < 1 means native is slower; native_over_triton is the direct latency-regression factor",
    "raw_cycles_ms": [
      {
        "native_a_0": 0.14860799908638,
        "native_a_3": 0.23110400140285492,
        "triton_b_1": 0.02924799919128418,
        "triton_b_2": 0.03862399980425835
      },
      {
        "native_a_0": 0.10835199803113937,
        "native_a_3": 0.1072319969534874,
        "triton_b_1": 0.029120000079274178,
        "triton_b_2": 0.029343999922275543
      },
      {
        "native_a_0": 0.10697600245475769,
        "native_a_3": 0.10688000172376633,
        "triton_b_1": 0.029120000079274178,
        "triton_b_2": 0.029343999922275543
      },
      {
        "native_a_0": 0.10707200318574905,
        "native_a_3": 0.10713600367307663,
        "triton_b_1": 0.02937600016593933,
        "triton_b_2": 0.029120000079274178
      },
      {
        "native_a_0": 0.10716799646615982,
        "native_a_3": 0.1082879975438118,
        "triton_b_1": 0.029279999434947968,
        "triton_b_2": 0.02937600016593933
      },
      {
        "native_a_0": 0.10691200196743011,
        "native_a_3": 0.10713600367307663,
        "triton_b_1": 0.029600000008940697,
        "triton_b_2": 0.02937600016593933
      },
      {
        "native_a_0": 0.1069440022110939,
        "native_a_3": 0.10803200304508209,
        "triton_b_1": 0.02921600081026554,
        "triton_b_2": 0.02937600016593933
      },
      {
        "native_a_0": 0.10815999656915665,
        "native_a_3": 0.10819199681282043,
        "triton_b_1": 0.029279999434947968,
        "triton_b_2": 0.029311999678611755
      },
      {
        "native_a_0": 0.1082879975438118,
        "native_a_3": 0.10812799632549286,
        "triton_b_1": 0.02937600016593933,
        "triton_b_2": 0.029184000566601753
      },
      {
        "native_a_0": 0.10812799632549286,
        "native_a_3": 0.10707200318574905,
        "triton_b_1": 0.02924799919128418,
        "triton_b_2": 0.029184000566601753
      },
      {
        "native_a_0": 0.1090560033917427,
        "native_a_3": 0.10825599730014801,
        "triton_b_1": 0.029311999678611755,
        "triton_b_2": 0.02940800040960312
      },
      {
        "native_a_0": 0.10707200318574905,
        "native_a_3": 0.10831999778747559,
        "triton_b_1": 0.02924799919128418,
        "triton_b_2": 0.029023999348282814
      },
      {
        "native_a_0": 0.10684800148010254,
        "native_a_3": 0.10825599730014801,
        "triton_b_1": 0.02940800040960312,
        "triton_b_2": 0.029279999434947968
      },
      {
        "native_a_0": 0.1072319969534874,
        "native_a_3": 0.10716799646615982,
        "triton_b_1": 0.029152000322937965,
        "triton_b_2": 0.029184000566601753
      },
      {
        "native_a_0": 0.10678400099277496,
        "native_a_3": 0.10822399705648422,
        "triton_b_1": 0.02956799976527691,
        "triton_b_2": 0.028991999104619026
      },
      {
        "native_a_0": 0.10598400235176086,
        "native_a_3": 0.10889600217342377,
        "triton_b_1": 0.03030399978160858,
        "triton_b_2": 0.029472000896930695
      },
      {
        "native_a_0": 0.10819199681282043,
        "native_a_3": 0.10831999778747559,
        "triton_b_1": 0.029152000322937965,
        "triton_b_2": 0.02937600016593933
      },
      {
        "native_a_0": 0.10710400342941284,
        "native_a_3": 0.10691200196743011,
        "triton_b_1": 0.029184000566601753,
        "triton_b_2": 0.029472000896930695
      },
      {
        "native_a_0": 0.10719999670982361,
        "native_a_3": 0.10691200196743011,
        "triton_b_1": 0.029120000079274178,
        "triton_b_2": 0.029472000896930695
      },
      {
        "native_a_0": 0.10700800269842148,
        "native_a_3": 0.10713600367307663,
        "triton_b_1": 0.029440000653266907,
        "triton_b_2": 0.029184000566601753
      },
      {
        "native_a_0": 0.10835199803113937,
        "native_a_3": 0.10691200196743011,
        "triton_b_1": 0.02908799983561039,
        "triton_b_2": 0.029311999678611755
      },
      {
        "native_a_0": 0.10815999656915665,
        "native_a_3": 0.10838399827480316,
        "triton_b_1": 0.029279999434947968,
        "triton_b_2": 0.029279999434947968
      },
      {
        "native_a_0": 0.10681600123643875,
        "native_a_3": 0.10700800269842148,
        "triton_b_1": 0.02940800040960312,
        "triton_b_2": 0.02921600081026554
      },
      {
        "native_a_0": 0.10812799632549286,
        "native_a_3": 0.10831999778747559,
        "triton_b_1": 0.029279999434947968,
        "triton_b_2": 0.029279999434947968
      },
      {
        "native_a_0": 0.10700800269842148,
        "native_a_3": 0.10838399827480316,
        "triton_b_1": 0.029311999678611755,
        "triton_b_2": 0.02924799919128418
      },
      {
        "native_a_0": 0.10688000172376633,
        "native_a_3": 0.10697600245475769,
        "triton_b_1": 0.029343999922275543,
        "triton_b_2": 0.029279999434947968
      },
      {
        "native_a_0": 0.1082879975438118,
        "native_a_3": 0.10822399705648422,
        "triton_b_1": 0.029343999922275543,
        "triton_b_2": 0.029440000653266907
      },
      {
        "native_a_0": 0.10815999656915665,
        "native_a_3": 0.10831999778747559,
        "triton_b_1": 0.029279999434947968,
        "triton_b_2": 0.029152000322937965
      },
      {
        "native_a_0": 0.10710400342941284,
        "native_a_3": 0.10655999928712845,
        "triton_b_1": 0.02937600016593933,
        "triton_b_2": 0.029184000566601753
      },
      {
        "native_a_0": 0.10678400099277496,
        "native_a_3": 0.10700800269842148,
        "triton_b_1": 0.029279999434947968,
        "triton_b_2": 0.029311999678611755
      },
      {
        "native_a_0": 0.10713600367307663,
        "native_a_3": 0.10633599758148193,
        "triton_b_1": 0.029184000566601753,
        "triton_b_2": 0.02937600016593933
      },
      {
        "native_a_0": 0.1069440022110939,
        "native_a_3": 0.10825599730014801,
        "triton_b_1": 0.029279999434947968,
        "triton_b_2": 0.02908799983561039
      },
      {
        "native_a_0": 0.10902400314807892,
        "native_a_3": 0.10710400342941284,
        "triton_b_1": 0.02921600081026554,
        "triton_b_2": 0.029343999922275543
      },
      {
        "native_a_0": 0.10707200318574905,
        "native_a_3": 0.10700800269842148,
        "triton_b_1": 0.02940800040960312,
        "triton_b_2": 0.029343999922275543
      },
      {
        "native_a_0": 0.10809600353240967,
        "native_a_3": 0.1082879975438118,
        "triton_b_1": 0.029279999434947968,
        "triton_b_2": 0.029279999434947968
      },
      {
        "native_a_0": 0.10697600245475769,
        "native_a_3": 0.10819199681282043,
        "triton_b_1": 0.029311999678611755,
        "triton_b_2": 0.028960000723600388
      },
      {
        "native_a_0": 0.10713600367307663,
        "native_a_3": 0.10704000294208527,
        "triton_b_1": 0.02921600081026554,
        "triton_b_2": 0.029184000566601753
      },
      {
        "native_a_0": 0.10713600367307663,
        "native_a_3": 0.10796800255775452,
        "triton_b_1": 0.02937600016593933,
        "triton_b_2": 0.029311999678611755
      },
      {
        "native_a_0": 0.10812799632549286,
        "native_a_3": 0.1072319969534874,
        "triton_b_1": 0.029472000896930695,
        "triton_b_2": 0.029120000079274178
      },
      {
        "native_a_0": 0.1069440022110939,
        "native_a_3": 0.10684800148010254,
        "triton_b_1": 0.02921600081026554,
        "triton_b_2": 0.02953599952161312
      },
      {
        "native_a_0": 0.10716799646615982,
        "native_a_3": 0.10700800269842148,
        "triton_b_1": 0.02921600081026554,
        "triton_b_2": 0.029343999922275543
      },
      {
        "native_a_0": 0.10691200196743011,
        "native_a_3": 0.10726399719715118,
        "triton_b_1": 0.029343999922275543,
        "triton_b_2": 0.029440000653266907
      },
      {
        "native_a_0": 0.1069440022110939,
        "native_a_3": 0.10819199681282043,
        "triton_b_1": 0.029279999434947968,
        "triton_b_2": 0.02924799919128418
      },
      {
        "native_a_0": 0.10700800269842148,
        "native_a_3": 0.10822399705648422,
        "triton_b_1": 0.029311999678611755,
        "triton_b_2": 0.02921600081026554
      },
      {
        "native_a_0": 0.10707200318574905,
        "native_a_3": 0.10822399705648422,
        "triton_b_1": 0.029440000653266907,
        "triton_b_2": 0.029152000322937965
      },
      {
        "native_a_0": 0.10726399719715118,
        "native_a_3": 0.10835199803113937,
        "triton_b_1": 0.029055999591946602,
        "triton_b_2": 0.02924799919128418
      },
      {
        "native_a_0": 0.10710400342941284,
        "native_a_3": 0.10623999685049057,
        "triton_b_1": 0.029184000566601753,
        "triton_b_2": 0.02940800040960312
      },
      {
        "native_a_0": 0.10713600367307663,
        "native_a_3": 0.10812799632549286,
        "triton_b_1": 0.029055999591946602,
        "triton_b_2": 0.029279999434947968
      },
      {
        "native_a_0": 0.10806400328874588,
        "native_a_3": 0.10825599730014801,
        "triton_b_1": 0.029503999277949333,
        "triton_b_2": 0.029184000566601753
      },
      {
        "native_a_0": 0.10716799646615982,
        "native_a_3": 0.10713600367307663,
        "triton_b_1": 0.02921600081026554,
        "triton_b_2": 0.029311999678611755
      }
    ],
    "repetitions": 50,
    "triton": {
      "median_ms": 0.029279999434947968,
      "p10_ms": 0.029120000079274178,
      "p90_ms": 0.029440000653266907,
      "raw_ms": [
        0.02924799919128418,
        0.03862399980425835,
        0.029120000079274178,
        0.029343999922275543,
        0.029120000079274178,
        0.029343999922275543,
        0.02937600016593933,
        0.029120000079274178,
        0.029279999434947968,
        0.02937600016593933,
        0.029600000008940697,
        0.02937600016593933,
        0.02921600081026554,
        0.02937600016593933,
        0.029279999434947968,
        0.029311999678611755,
        0.02937600016593933,
        0.029184000566601753,
        0.02924799919128418,
        0.029184000566601753,
        0.029311999678611755,
        0.02940800040960312,
        0.02924799919128418,
        0.029023999348282814,
        0.02940800040960312,
        0.029279999434947968,
        0.029152000322937965,
        0.029184000566601753,
        0.02956799976527691,
        0.028991999104619026,
        0.03030399978160858,
        0.029472000896930695,
        0.029152000322937965,
        0.02937600016593933,
        0.029184000566601753,
        0.029472000896930695,
        0.029120000079274178,
        0.029472000896930695,
        0.029440000653266907,
        0.029184000566601753,
        0.02908799983561039,
        0.029311999678611755,
        0.029279999434947968,
        0.029279999434947968,
        0.02940800040960312,
        0.02921600081026554,
        0.029279999434947968,
        0.029279999434947968,
        0.029311999678611755,
        0.02924799919128418,
        0.029343999922275543,
        0.029279999434947968,
        0.029343999922275543,
        0.029440000653266907,
        0.029279999434947968,
        0.029152000322937965,
        0.02937600016593933,
        0.029184000566601753,
        0.029279999434947968,
        0.029311999678611755,
        0.029184000566601753,
        0.02937600016593933,
        0.029279999434947968,
        0.02908799983561039,
        0.02921600081026554,
        0.029343999922275543,
        0.02940800040960312,
        0.029343999922275543,
        0.029279999434947968,
        0.029279999434947968,
        0.029311999678611755,
        0.028960000723600388,
        0.02921600081026554,
        0.029184000566601753,
        0.02937600016593933,
        0.029311999678611755,
        0.029472000896930695,
        0.029120000079274178,
        0.02921600081026554,
        0.02953599952161312,
        0.02921600081026554,
        0.029343999922275543,
        0.029343999922275543,
        0.029440000653266907,
        0.029279999434947968,
        0.02924799919128418,
        0.029311999678611755,
        0.02921600081026554,
        0.029440000653266907,
        0.029152000322937965,
        0.029055999591946602,
        0.02924799919128418,
        0.029184000566601753,
        0.02940800040960312,
        0.029055999591946602,
        0.029279999434947968,
        0.029503999277949333,
        0.029184000566601753,
        0.02921600081026554,
        0.029311999678611755
      ],
      "sample_count": 100
    },
    "triton_over_native_median_speedup": 0.27321588907555666,
    "warmup": 10
  },
  "triton_correctness": {
    "allclose": true,
    "atol": 0.0001,
    "finite": true,
    "max_abs": 6.103515625e-05,
    "mean_abs": 3.5536322684492916e-06,
    "oracle": "independent FP32 selected-page causal reference over the shared native-staged BF16 query/scalar-FP8-KV Triton inputs",
    "pass": true,
    "rtol": 0.001
  },
  "warmup_calls": 1
}
INFO 08-30 08:12:25 [sparse_attention_msa.py:197] MiniMax M3 MSA sparse decode selected native_c2
USDT:2026-08-30 08:12:26 1801338:1801338 SyncActivityProfilerHandler.cpp:52] profiler_start
USDT:2026-08-30 08:12:26 1801338:1801338 SyncActivityProfilerHandler.cpp:59] profiler_stop
INFO 08-30 08:12:26 [sparse_attention_msa.py:197] MiniMax M3 MSA sparse decode selected Triton
{
  "all_gates_pass": true,
  "boundary": "real MiniMaxM3SparseMSAImpl.forward backend layer; no model weights or server scheduler",
  "builder": {
    "checks": {
      "decode_metadata_present": true,
      "native_backend_did_not_make_cutlass_plan": true,
      "native_decode_has_no_cutlass_metadata": true
    },
    "cutlass_plan_cache_size": 0,
    "triton_checks": {
      "triton_decode_metadata_present": true,
      "triton_plan_cache_empty": true
    },
    "triton_cutlass_plan_cache_size": 0
  },
  "caller_output": {
    "pointer_after": 130824721399808,
    "pointer_before": 130824721399808,
    "pointer_unchanged": true
  },
  "correctness": {
    "allclose": true,
    "atol": 0.0001,
    "finite": true,
    "max_abs": 6.103515625e-05,
    "mean_abs": 3.5710468182514887e-06,
    "oracle": "independent FP32 selected-page causal reference over exact native BF16-staged FP8 values",
    "pass": true,
    "rtol": 0.001
  },
  "data_contract": {
    "batch": 16,
    "head_dim": 128,
    "input_checksums": {
      "block_table_i32": "282a0ff38627bebe3081610e19dec19556e9843bd8619e4af261dd5cb76439ed",
      "packed_kv_fp8": "217ad0e83ddec77228bff7d7ffbee978929bb6f949fd814b9f6c1ab6f521ad55",
      "q_bf16_original_not_timed": "50250a5b6c2836f048bbcde61bd4b2e3aea895ea3032040b4dee845aa0e83678",
      "q_bf16_shared_native_staging": "f6d1ad83633b24a2eecf61c548a90c076a5f59ac14be9266d0ce7ae2143a7a3b",
      "query_fp8": "5fbbd69e9e56200c78f38afb0140054fb536297f8149a3c3926e1c9ae47c388d",
      "seq_lens_i32": "57dac3c844328c8de799577951e433089bc2e42737cd47508506326801d0aa4b",
      "topk_token_major_i32": "ea7a7bf78b2d6b44c44519136f33c2547943c3b1416cf0e264758c74042cc5c6"
    },
    "k_scale": 0.25,
    "kv_heads": 4,
    "page_size": 128,
    "q_scale": 0.25,
    "query_heads": 64,
    "topk": 16,
    "v_scale": 0.5
  },
  "environment": {
    "compute_capability": [
      10,
      3
    ],
    "device": "NVIDIA B300 SXM6 AC",
    "torch": "2.13.0+cu130",
    "vllm_import_root": "/home/lcpu/85117379/c2-native-plugin-v6-fresh-runtime-20260830/job12385/vllm"
  },
  "gates": {
    "caller_owned_output": true,
    "fair_native_vs_triton_abba_timing": true,
    "fp32_oracle_correctness": true,
    "native_static_selection": true,
    "no_cutlass_plan": true,
    "one_profiled_forward_reaches_dispatcher_and_cuda_kernel": true
  },
  "profiled_forward_calls": 1,
  "profiling": {
    "checks": {
      "one_cpu_dispatcher_event": true,
      "one_cuda_native_kernel_event": true,
      "trace_nonempty": true
    },
    "cuda_kernel_events": [
      {
        "count": 1,
        "cpu_total_us": 0.0,
        "cuda_total_us": 0.0,
        "key": "vllm::native_c2::native_c2_msa_decode_kernel(__nv_fp8_e4m3 const*, __nv_fp8_e4m3 const*, int const*, int const*, int const*, __nv_bfloat16*, long, long, long, long, long, long, long, long, long, long, int, int, float, float, float, float)",
        "self_cpu_us": 0.0,
        "self_cuda_us": 0.0
      }
    ],
    "dispatcher_events": [
      {
        "count": 1,
        "cpu_total_us": 1275.7540000000001,
        "cuda_total_us": 0.0,
        "key": "_C::native_c2_msa_decode",
        "self_cpu_us": 32.66000000000008,
        "self_cuda_us": 0.0
      }
    ],
    "nearby_keys": [
      "_C::native_c2_msa_decode",
      "vllm::native_c2::native_c2_msa_decode_kernel(__nv_fp8_e4m3 const*, __nv_fp8_e4m3 const*, int const*, int const*, int const*, __nv_bfloat16*, long, long, long, long, long, long, long, long, long, long, int, int, float, float, float, float)"
    ],
    "pass": true,
    "trace": "/home/lcpu/85117379/c2-native-plugin-v6-fresh-backend-artifacts-20260830/job12385/plugin-v6-wheel-full-backend-seed42-job12385.chrome.json"
  },
  "schema": "c2-native-c2-full-vllm-backend-v2",
  "seed": 42,
  "static_selection": {
    "native_backend_alias": true,
    "should_use_msa_decode": true,
    "use_cutlass_decode_is_false": true,
    "use_native_c2_decode": true
  },
  "timing": {
    "caller_owned_output": {
      "native": true,
      "triton": true
    },
    "caller_owned_output_verification": "every warmup and timed call checks result.data_ptr() against its caller-owned output",
    "comparison_input_semantics": "native stages query_fp8 with q_scale and Triton receives the same BF16 query values; packed FP8 KV, scalar scales, sparse metadata, and caller-owned output shapes are shared",
    "native": {
      "median_ms": 0.10819199681282043,
      "p10_ms": 0.10707200318574905,
      "p90_ms": 0.10835199803113937,
      "raw_ms": [
        0.14351999759674072,
        0.13731199502944946,
        0.1082879975438118,
        0.10822399705648422,
        0.10825599730014801,
        0.10707200318574905,
        0.10713600367307663,
        0.10835199803113937,
        0.10719999670982361,
        0.10819199681282043,
        0.10822399705648422,
        0.10822399705648422,
        0.10812799632549286,
        0.10815999656915665,
        0.1082879975438118,
        0.10844799876213074,
        0.10822399705648422,
        0.10809600353240967,
        0.10831999778747559,
        0.1064319983124733,
        0.10627199709415436,
        0.10819199681282043,
        0.10825599730014801,
        0.10822399705648422,
        0.10825599730014801,
        0.10825599730014801,
        0.10819199681282043,
        0.10847999900579453,
        0.10815999656915665,
        0.10838399827480316,
        0.10822399705648422,
        0.10825599730014801,
        0.10822399705648422,
        0.1061440035700798,
        0.10838399827480316,
        0.10806400328874588,
        0.1082879975438118,
        0.10819199681282043,
        0.10815999656915665,
        0.10655999928712845,
        0.10809600353240967,
        0.10815999656915665,
        0.1082879975438118,
        0.10825599730014801,
        0.10825599730014801,
        0.10793600231409073,
        0.10835199803113937,
        0.10815999656915665,
        0.10835199803113937,
        0.10819199681282043,
        0.10815999656915665,
        0.10825599730014801,
        0.10815999656915665,
        0.10835199803113937,
        0.10825599730014801,
        0.10835199803113937,
        0.10806400328874588,
        0.10812799632549286,
        0.10831999778747559,
        0.10841599851846695,
        0.1072319969534874,
        0.10822399705648422,
        0.10831999778747559,
        0.10838399827480316,
        0.1080000028014183,
        0.10838399827480316,
        0.10819199681282043,
        0.10835199803113937,
        0.10806400328874588,
        0.10819199681282043,
        0.10831999778747559,
        0.1082879975438118,
        0.10825599730014801,
        0.10815999656915665,
        0.10812799632549286,
        0.10815999656915665,
        0.10803200304508209,
        0.10831999778747559,
        0.10688000172376633,
        0.10812799632549286,
        0.10809600353240967,
        0.10707200318574905,
        0.10697600245475769,
        0.10831999778747559,
        0.10726399719715118,
        0.10806400328874588,
        0.10815999656915665,
        0.10819199681282043,
        0.10809600353240967,
        0.1069440022110939,
        0.10793600231409073,
        0.1064319983124733,
        0.10806400328874588,
        0.10793600231409073,
        0.10815999656915665,
        0.10815999656915665,
        0.10819199681282043,
        0.10697600245475769,
        0.10729599744081497,
        0.10713600367307663
      ],
      "sample_count": 100
    },
    "native_over_triton_median_latency_ratio": 3.6910479666716656,
    "pass": true,
    "pre_timing_checks": {
      "distinct_output_buffers": true,
      "native_hard_gates": true,
      "triton_builder": true,
      "triton_correctness": true,
      "triton_static_selection": true
    },
    "protocol": "CUDA events; separate warmup excluded; ABBA=native,triton,triton,native; one default stream; input, metadata, output allocation, and oracle excluded",
    "ratio_interpretation": "triton_over_native < 1 means native is slower; native_over_triton is the direct latency-regression factor",
    "raw_cycles_ms": [
      {
        "native_a_0": 0.14351999759674072,
        "native_a_3": 0.13731199502944946,
        "triton_b_1": 0.029343999922275543,
        "triton_b_2": 0.03280000016093254
      },
      {
        "native_a_0": 0.1082879975438118,
        "native_a_3": 0.10822399705648422,
        "triton_b_1": 0.02953599952161312,
        "triton_b_2": 0.02921600081026554
      },
      {
        "native_a_0": 0.10825599730014801,
        "native_a_3": 0.10707200318574905,
        "triton_b_1": 0.029311999678611755,
        "triton_b_2": 0.029472000896930695
      },
      {
        "native_a_0": 0.10713600367307663,
        "native_a_3": 0.10835199803113937,
        "triton_b_1": 0.02937600016593933,
        "triton_b_2": 0.029279999434947968
      },
      {
        "native_a_0": 0.10719999670982361,
        "native_a_3": 0.10819199681282043,
        "triton_b_1": 0.02908799983561039,
        "triton_b_2": 0.02937600016593933
      },
      {
        "native_a_0": 0.10822399705648422,
        "native_a_3": 0.10822399705648422,
        "triton_b_1": 0.029152000322937965,
        "triton_b_2": 0.029440000653266907
      },
      {
        "native_a_0": 0.10812799632549286,
        "native_a_3": 0.10815999656915665,
        "triton_b_1": 0.02937600016593933,
        "triton_b_2": 0.02937600016593933
      },
      {
        "native_a_0": 0.1082879975438118,
        "native_a_3": 0.10844799876213074,
        "triton_b_1": 0.029343999922275543,
        "triton_b_2": 0.029120000079274178
      },
      {
        "native_a_0": 0.10822399705648422,
        "native_a_3": 0.10809600353240967,
        "triton_b_1": 0.02924799919128418,
        "triton_b_2": 0.02924799919128418
      },
      {
        "native_a_0": 0.10831999778747559,
        "native_a_3": 0.1064319983124733,
        "triton_b_1": 0.02937600016593933,
        "triton_b_2": 0.029311999678611755
      },
      {
        "native_a_0": 0.10627199709415436,
        "native_a_3": 0.10819199681282043,
        "triton_b_1": 0.029343999922275543,
        "triton_b_2": 0.02924799919128418
      },
      {
        "native_a_0": 0.10825599730014801,
        "native_a_3": 0.10822399705648422,
        "triton_b_1": 0.02924799919128418,
        "triton_b_2": 0.029472000896930695
      },
      {
        "native_a_0": 0.10825599730014801,
        "native_a_3": 0.10825599730014801,
        "triton_b_1": 0.02940800040960312,
        "triton_b_2": 0.02937600016593933
      },
      {
        "native_a_0": 0.10819199681282043,
        "native_a_3": 0.10847999900579453,
        "triton_b_1": 0.029343999922275543,
        "triton_b_2": 0.029184000566601753
      },
      {
        "native_a_0": 0.10815999656915665,
        "native_a_3": 0.10838399827480316,
        "triton_b_1": 0.02940800040960312,
        "triton_b_2": 0.02937600016593933
      },
      {
        "native_a_0": 0.10822399705648422,
        "native_a_3": 0.10825599730014801,
        "triton_b_1": 0.029311999678611755,
        "triton_b_2": 0.029472000896930695
      },
      {
        "native_a_0": 0.10822399705648422,
        "native_a_3": 0.1061440035700798,
        "triton_b_1": 0.029472000896930695,
        "triton_b_2": 0.029152000322937965
      },
      {
        "native_a_0": 0.10838399827480316,
        "native_a_3": 0.10806400328874588,
        "triton_b_1": 0.028960000723600388,
        "triton_b_2": 0.02864000014960766
      },
      {
        "native_a_0": 0.1082879975438118,
        "native_a_3": 0.10819199681282043,
        "triton_b_1": 0.02924799919128418,
        "triton_b_2": 0.028351999819278717
      },
      {
        "native_a_0": 0.10815999656915665,
        "native_a_3": 0.10655999928712845,
        "triton_b_1": 0.02937600016593933,
        "triton_b_2": 0.02921600081026554
      },
      {
        "native_a_0": 0.10809600353240967,
        "native_a_3": 0.10815999656915665,
        "triton_b_1": 0.029279999434947968,
        "triton_b_2": 0.029440000653266907
      },
      {
        "native_a_0": 0.1082879975438118,
        "native_a_3": 0.10825599730014801,
        "triton_b_1": 0.029503999277949333,
        "triton_b_2": 0.029184000566601753
      },
      {
        "native_a_0": 0.10825599730014801,
        "native_a_3": 0.10793600231409073,
        "triton_b_1": 0.02924799919128418,
        "triton_b_2": 0.02953599952161312
      },
      {
        "native_a_0": 0.10835199803113937,
        "native_a_3": 0.10815999656915665,
        "triton_b_1": 0.029311999678611755,
        "triton_b_2": 0.02940800040960312
      },
      {
        "native_a_0": 0.10835199803113937,
        "native_a_3": 0.10819199681282043,
        "triton_b_1": 0.02921600081026554,
        "triton_b_2": 0.029311999678611755
      },
      {
        "native_a_0": 0.10815999656915665,
        "native_a_3": 0.10825599730014801,
        "triton_b_1": 0.02937600016593933,
        "triton_b_2": 0.029311999678611755
      },
      {
        "native_a_0": 0.10815999656915665,
        "native_a_3": 0.10835199803113937,
        "triton_b_1": 0.02940800040960312,
        "triton_b_2": 0.029120000079274178
      },
      {
        "native_a_0": 0.10825599730014801,
        "native_a_3": 0.10835199803113937,
        "triton_b_1": 0.029311999678611755,
        "triton_b_2": 0.029503999277949333
      },
      {
        "native_a_0": 0.10806400328874588,
        "native_a_3": 0.10812799632549286,
        "triton_b_1": 0.029503999277949333,
        "triton_b_2": 0.029343999922275543
      },
      {
        "native_a_0": 0.10831999778747559,
        "native_a_3": 0.10841599851846695,
        "triton_b_1": 0.029311999678611755,
        "triton_b_2": 0.029472000896930695
      },
      {
        "native_a_0": 0.1072319969534874,
        "native_a_3": 0.10822399705648422,
        "triton_b_1": 0.02924799919128418,
        "triton_b_2": 0.029279999434947968
      },
      {
        "native_a_0": 0.10831999778747559,
        "native_a_3": 0.10838399827480316,
        "triton_b_1": 0.02924799919128418,
        "triton_b_2": 0.02937600016593933
      },
      {
        "native_a_0": 0.1080000028014183,
        "native_a_3": 0.10838399827480316,
        "triton_b_1": 0.029472000896930695,
        "triton_b_2": 0.029279999434947968
      },
      {
        "native_a_0": 0.10819199681282043,
        "native_a_3": 0.10835199803113937,
        "triton_b_1": 0.029343999922275543,
        "triton_b_2": 0.02908799983561039
      },
      {
        "native_a_0": 0.10806400328874588,
        "native_a_3": 0.10819199681282043,
        "triton_b_1": 0.029472000896930695,
        "triton_b_2": 0.02921600081026554
      },
      {
        "native_a_0": 0.10831999778747559,
        "native_a_3": 0.1082879975438118,
        "triton_b_1": 0.029120000079274178,
        "triton_b_2": 0.029503999277949333
      },
      {
        "native_a_0": 0.10825599730014801,
        "native_a_3": 0.10815999656915665,
        "triton_b_1": 0.02924799919128418,
        "triton_b_2": 0.029311999678611755
      },
      {
        "native_a_0": 0.10812799632549286,
        "native_a_3": 0.10815999656915665,
        "triton_b_1": 0.029311999678611755,
        "triton_b_2": 0.02848000079393387
      },
      {
        "native_a_0": 0.10803200304508209,
        "native_a_3": 0.10831999778747559,
        "triton_b_1": 0.02937600016593933,
        "triton_b_2": 0.029279999434947968
      },
      {
        "native_a_0": 0.10688000172376633,
        "native_a_3": 0.10812799632549286,
        "triton_b_1": 0.029279999434947968,
        "triton_b_2": 0.029311999678611755
      },
      {
        "native_a_0": 0.10809600353240967,
        "native_a_3": 0.10707200318574905,
        "triton_b_1": 0.02924799919128418,
        "triton_b_2": 0.029311999678611755
      },
      {
        "native_a_0": 0.10697600245475769,
        "native_a_3": 0.10831999778747559,
        "triton_b_1": 0.029311999678611755,
        "triton_b_2": 0.029343999922275543
      },
      {
        "native_a_0": 0.10726399719715118,
        "native_a_3": 0.10806400328874588,
        "triton_b_1": 0.029120000079274178,
        "triton_b_2": 0.029440000653266907
      },
      {
        "native_a_0": 0.10815999656915665,
        "native_a_3": 0.10819199681282043,
        "triton_b_1": 0.029152000322937965,
        "triton_b_2": 0.029311999678611755
      },
      {
        "native_a_0": 0.10809600353240967,
        "native_a_3": 0.1069440022110939,
        "triton_b_1": 0.02937600016593933,
        "triton_b_2": 0.029503999277949333
      },
      {
        "native_a_0": 0.10793600231409073,
        "native_a_3": 0.1064319983124733,
        "triton_b_1": 0.029279999434947968,
        "triton_b_2": 0.028511999174952507
      },
      {
        "native_a_0": 0.10806400328874588,
        "native_a_3": 0.10793600231409073,
        "triton_b_1": 0.029184000566601753,
        "triton_b_2": 0.029472000896930695
      },
      {
        "native_a_0": 0.10815999656915665,
        "native_a_3": 0.10815999656915665,
        "triton_b_1": 0.029343999922275543,
        "triton_b_2": 0.02921600081026554
      },
      {
        "native_a_0": 0.10819199681282043,
        "native_a_3": 0.10697600245475769,
        "triton_b_1": 0.02921600081026554,
        "triton_b_2": 0.029279999434947968
      },
      {
        "native_a_0": 0.10729599744081497,
        "native_a_3": 0.10713600367307663,
        "triton_b_1": 0.029120000079274178,
        "triton_b_2": 0.029279999434947968
      }
    ],
    "repetitions": 50,
    "triton": {
      "median_ms": 0.029311999678611755,
      "p10_ms": 0.029120000079274178,
      "p90_ms": 0.029472000896930695,
      "raw_ms": [
        0.029343999922275543,
        0.03280000016093254,
        0.02953599952161312,
        0.02921600081026554,
        0.029311999678611755,
        0.029472000896930695,
        0.02937600016593933,
        0.029279999434947968,
        0.02908799983561039,
        0.02937600016593933,
        0.029152000322937965,
        0.029440000653266907,
        0.02937600016593933,
        0.02937600016593933,
        0.029343999922275543,
        0.029120000079274178,
        0.02924799919128418,
        0.02924799919128418,
        0.02937600016593933,
        0.029311999678611755,
        0.029343999922275543,
        0.02924799919128418,
        0.02924799919128418,
        0.029472000896930695,
        0.02940800040960312,
        0.02937600016593933,
        0.029343999922275543,
        0.029184000566601753,
        0.02940800040960312,
        0.02937600016593933,
        0.029311999678611755,
        0.029472000896930695,
        0.029472000896930695,
        0.029152000322937965,
        0.028960000723600388,
        0.02864000014960766,
        0.02924799919128418,
        0.028351999819278717,
        0.02937600016593933,
        0.02921600081026554,
        0.029279999434947968,
        0.029440000653266907,
        0.029503999277949333,
        0.029184000566601753,
        0.02924799919128418,
        0.02953599952161312,
        0.029311999678611755,
        0.02940800040960312,
        0.02921600081026554,
        0.029311999678611755,
        0.02937600016593933,
        0.029311999678611755,
        0.02940800040960312,
        0.029120000079274178,
        0.029311999678611755,
        0.029503999277949333,
        0.029503999277949333,
        0.029343999922275543,
        0.029311999678611755,
        0.029472000896930695,
        0.02924799919128418,
        0.029279999434947968,
        0.02924799919128418,
        0.02937600016593933,
        0.029472000896930695,
        0.029279999434947968,
        0.029343999922275543,
        0.02908799983561039,
        0.029472000896930695,
        0.02921600081026554,
        0.029120000079274178,
        0.029503999277949333,
        0.02924799919128418,
        0.029311999678611755,
        0.029311999678611755,
        0.02848000079393387,
        0.02937600016593933,
        0.029279999434947968,
        0.029279999434947968,
        0.029311999678611755,
        0.02924799919128418,
        0.029311999678611755,
        0.029311999678611755,
        0.029343999922275543,
        0.029120000079274178,
        0.029440000653266907,
        0.029152000322937965,
        0.029311999678611755,
        0.02937600016593933,
        0.029503999277949333,
        0.029279999434947968,
        0.028511999174952507,
        0.029184000566601753,
        0.029472000896930695,
        0.029343999922275543,
        0.02921600081026554,
        0.02921600081026554,
        0.029279999434947968,
        0.029120000079274178,
        0.029279999434947968
      ],
      "sample_count": 100
    },
    "triton_over_native_median_speedup": 0.2709257666195358,
    "warmup": 10
  },
  "triton_correctness": {
    "allclose": true,
    "atol": 0.0001,
    "finite": true,
    "max_abs": 6.103515625e-05,
    "mean_abs": 3.5733673939830624e-06,
    "oracle": "independent FP32 selected-page causal reference over the shared native-staged BF16 query/scalar-FP8-KV Triton inputs",
    "pass": true,
    "rtol": 0.001
  },
  "warmup_calls": 1
}
INFO 08-30 08:12:35 [sparse_attention_msa.py:197] MiniMax M3 MSA sparse decode selected native_c2
USDT:2026-08-30 08:12:35 1801701:1801701 SyncActivityProfilerHandler.cpp:52] profiler_start
USDT:2026-08-30 08:12:35 1801701:1801701 SyncActivityProfilerHandler.cpp:59] profiler_stop
INFO 08-30 08:12:35 [sparse_attention_msa.py:197] MiniMax M3 MSA sparse decode selected Triton
{
  "all_gates_pass": true,
  "boundary": "real MiniMaxM3SparseMSAImpl.forward backend layer; no model weights or server scheduler",
  "builder": {
    "checks": {
      "decode_metadata_present": true,
      "native_backend_did_not_make_cutlass_plan": true,
      "native_decode_has_no_cutlass_metadata": true
    },
    "cutlass_plan_cache_size": 0,
    "triton_checks": {
      "triton_decode_metadata_present": true,
      "triton_plan_cache_empty": true
    },
    "triton_cutlass_plan_cache_size": 0
  },
  "caller_output": {
    "pointer_after": 136600445779968,
    "pointer_before": 136600445779968,
    "pointer_unchanged": true
  },
  "correctness": {
    "allclose": true,
    "atol": 0.0001,
    "finite": true,
    "max_abs": 6.103515625e-05,
    "mean_abs": 3.558991693353164e-06,
    "oracle": "independent FP32 selected-page causal reference over exact native BF16-staged FP8 values",
    "pass": true,
    "rtol": 0.001
  },
  "data_contract": {
    "batch": 16,
    "head_dim": 128,
    "input_checksums": {
      "block_table_i32": "b0a3b2812bd13cc03633bbb3caef7b6a8c44c1aedac7175ac5e148e09385844d",
      "packed_kv_fp8": "f765a001fa25d6cef5e3dec4a93524ed8f41352719451eae41ea30fd327a244a",
      "q_bf16_original_not_timed": "65c410d17117f60f6785f5fa71e4a2180578f02c1b33a4e547bb6a68eb7c8fe2",
      "q_bf16_shared_native_staging": "14970d65ee2aef90722f04258bfd5eee463ad4ac702024d3a076cccb4fbbcd4f",
      "query_fp8": "033a189a6dcbb94ffda34cbbaad9e874de6da365e0e0b72d7aa0338dc680749d",
      "seq_lens_i32": "050e4a0975e993ba1bfd743265aaffc901990da3c38ac3769628706b2a7a87ea",
      "topk_token_major_i32": "642c9353d57971ba06896641974c3ef45b451ed9aaaf71e47771d34129f9b35e"
    },
    "k_scale": 0.25,
    "kv_heads": 4,
    "page_size": 128,
    "q_scale": 0.25,
    "query_heads": 64,
    "topk": 16,
    "v_scale": 0.5
  },
  "environment": {
    "compute_capability": [
      10,
      3
    ],
    "device": "NVIDIA B300 SXM6 AC",
    "torch": "2.13.0+cu130",
    "vllm_import_root": "/home/lcpu/85117379/c2-native-plugin-v6-fresh-runtime-20260830/job12385/vllm"
  },
  "gates": {
    "caller_owned_output": true,
    "fair_native_vs_triton_abba_timing": true,
    "fp32_oracle_correctness": true,
    "native_static_selection": true,
    "no_cutlass_plan": true,
    "one_profiled_forward_reaches_dispatcher_and_cuda_kernel": true
  },
  "profiled_forward_calls": 1,
  "profiling": {
    "checks": {
      "one_cpu_dispatcher_event": true,
      "one_cuda_native_kernel_event": true,
      "trace_nonempty": true
    },
    "cuda_kernel_events": [
      {
        "count": 1,
        "cpu_total_us": 0.0,
        "cuda_total_us": 0.0,
        "key": "vllm::native_c2::native_c2_msa_decode_kernel(__nv_fp8_e4m3 const*, __nv_fp8_e4m3 const*, int const*, int const*, int const*, __nv_bfloat16*, long, long, long, long, long, long, long, long, long, long, int, int, float, float, float, float)",
        "self_cpu_us": 0.0,
        "self_cuda_us": 0.0
      }
    ],
    "dispatcher_events": [
      {
        "count": 1,
        "cpu_total_us": 1454.993,
        "cuda_total_us": 0.0,
        "key": "_C::native_c2_msa_decode",
        "self_cpu_us": 36.85900000000015,
        "self_cuda_us": 0.0
      }
    ],
    "nearby_keys": [
      "_C::native_c2_msa_decode",
      "vllm::native_c2::native_c2_msa_decode_kernel(__nv_fp8_e4m3 const*, __nv_fp8_e4m3 const*, int const*, int const*, int const*, __nv_bfloat16*, long, long, long, long, long, long, long, long, long, long, int, int, float, float, float, float)"
    ],
    "pass": true,
    "trace": "/home/lcpu/85117379/c2-native-plugin-v6-fresh-backend-artifacts-20260830/job12385/plugin-v6-wheel-full-backend-seed2024-job12385.chrome.json"
  },
  "schema": "c2-native-c2-full-vllm-backend-v2",
  "seed": 2024,
  "static_selection": {
    "native_backend_alias": true,
    "should_use_msa_decode": true,
    "use_cutlass_decode_is_false": true,
    "use_native_c2_decode": true
  },
  "timing": {
    "caller_owned_output": {
      "native": true,
      "triton": true
    },
    "caller_owned_output_verification": "every warmup and timed call checks result.data_ptr() against its caller-owned output",
    "comparison_input_semantics": "native stages query_fp8 with q_scale and Triton receives the same BF16 query values; packed FP8 KV, scalar scales, sparse metadata, and caller-owned output shapes are shared",
    "native": {
      "median_ms": 0.10713600367307663,
      "p10_ms": 0.10688000172376633,
      "p90_ms": 0.1082879975438118,
      "raw_ms": [
        0.14271999895572662,
        0.13577599823474884,
        0.10822399705648422,
        0.10716799646615982,
        0.10707200318574905,
        0.1082879975438118,
        0.10704000294208527,
        0.10713600367307663,
        0.10886400192975998,
        0.1090560033917427,
        0.10697600245475769,
        0.10822399705648422,
        0.10815999656915665,
        0.10822399705648422,
        0.10713600367307663,
        0.10815999656915665,
        0.10812799632549286,
        0.1069440022110939,
        0.10710400342941284,
        0.10707200318574905,
        0.10704000294208527,
        0.10630399733781815,
        0.1069440022110939,
        0.10819199681282043,
        0.10710400342941284,
        0.10835199803113937,
        0.10710400342941284,
        0.10700800269842148,
        0.10627199709415436,
        0.10825599730014801,
        0.10713600367307663,
        0.10684800148010254,
        0.10819199681282043,
        0.10697600245475769,
        0.10707200318574905,
        0.10710400342941284,
        0.10713600367307663,
        0.1082879975438118,
        0.10713600367307663,
        0.10627199709415436,
        0.1069440022110939,
        0.10806400328874588,
        0.10831999778747559,
        0.10803200304508209,
        0.10819199681282043,
        0.10713600367307663,
        0.10704000294208527,
        0.106175996363163,
        0.10831999778747559,
        0.10812799632549286,
        0.10704000294208527,
        0.10812799632549286,
        0.10611200332641602,
        0.10825599730014801,
        0.10691200196743011,
        0.10707200318574905,
        0.10710400342941284,
        0.1069440022110939,
        0.10815999656915665,
        0.10815999656915665,
        0.10707200318574905,
        0.1082879975438118,
        0.10704000294208527,
        0.1069440022110939,
        0.10812799632549286,
        0.1082879975438118,
        0.10700800269842148,
        0.10688000172376633,
        0.1082879975438118,
        0.10809600353240967,
        0.10710400342941284,
        0.10700800269842148,
        0.10704000294208527,
        0.10633599758148193,
        0.10681600123643875,
        0.10716799646615982,
        0.10713600367307663,
        0.10700800269842148,
        0.1072319969534874,
        0.10688000172376633,
        0.10812799632549286,
        0.10691200196743011,
        0.10716799646615982,
        0.10815999656915665,
        0.10636799782514572,
        0.10812799632549286,
        0.10809600353240967,
        0.10716799646615982,
        0.10707200318574905,
        0.10822399705648422,
        0.10704000294208527,
        0.10809600353240967,
        0.10809600353240967,
        0.10815999656915665,
        0.10707200318574905,
        0.10691200196743011,
        0.10812799632549286,
        0.10825599730014801,
        0.10707200318574905,
        0.10713600367307663
      ],
      "sample_count": 100
    },
    "native_over_triton_median_latency_ratio": 3.6590165895017552,
    "pass": true,
    "pre_timing_checks": {
      "distinct_output_buffers": true,
      "native_hard_gates": true,
      "triton_builder": true,
      "triton_correctness": true,
      "triton_static_selection": true
    },
    "protocol": "CUDA events; separate warmup excluded; ABBA=native,triton,triton,native; one default stream; input, metadata, output allocation, and oracle excluded",
    "ratio_interpretation": "triton_over_native < 1 means native is slower; native_over_triton is the direct latency-regression factor",
    "raw_cycles_ms": [
      {
        "native_a_0": 0.14271999895572662,
        "native_a_3": 0.13577599823474884,
        "triton_b_1": 0.029055999591946602,
        "triton_b_2": 0.045791998505592346
      },
      {
        "native_a_0": 0.10822399705648422,
        "native_a_3": 0.10716799646615982,
        "triton_b_1": 0.02937600016593933,
        "triton_b_2": 0.029279999434947968
      },
      {
        "native_a_0": 0.10707200318574905,
        "native_a_3": 0.1082879975438118,
        "triton_b_1": 0.02924799919128418,
        "triton_b_2": 0.029440000653266907
      },
      {
        "native_a_0": 0.10704000294208527,
        "native_a_3": 0.10713600367307663,
        "triton_b_1": 0.02937600016593933,
        "triton_b_2": 0.02924799919128418
      },
      {
        "native_a_0": 0.10886400192975998,
        "native_a_3": 0.1090560033917427,
        "triton_b_1": 0.029184000566601753,
        "triton_b_2": 0.029600000008940697
      },
      {
        "native_a_0": 0.10697600245475769,
        "native_a_3": 0.10822399705648422,
        "triton_b_1": 0.02940800040960312,
        "triton_b_2": 0.029055999591946602
      },
      {
        "native_a_0": 0.10815999656915665,
        "native_a_3": 0.10822399705648422,
        "triton_b_1": 0.029311999678611755,
        "triton_b_2": 0.02921600081026554
      },
      {
        "native_a_0": 0.10713600367307663,
        "native_a_3": 0.10815999656915665,
        "triton_b_1": 0.029279999434947968,
        "triton_b_2": 0.029120000079274178
      },
      {
        "native_a_0": 0.10812799632549286,
        "native_a_3": 0.1069440022110939,
        "triton_b_1": 0.02937600016593933,
        "triton_b_2": 0.029343999922275543
      },
      {
        "native_a_0": 0.10710400342941284,
        "native_a_3": 0.10707200318574905,
        "triton_b_1": 0.029279999434947968,
        "triton_b_2": 0.029343999922275543
      },
      {
        "native_a_0": 0.10704000294208527,
        "native_a_3": 0.10630399733781815,
        "triton_b_1": 0.02937600016593933,
        "triton_b_2": 0.029343999922275543
      },
      {
        "native_a_0": 0.1069440022110939,
        "native_a_3": 0.10819199681282043,
        "triton_b_1": 0.029279999434947968,
        "triton_b_2": 0.029184000566601753
      },
      {
        "native_a_0": 0.10710400342941284,
        "native_a_3": 0.10835199803113937,
        "triton_b_1": 0.029343999922275543,
        "triton_b_2": 0.029120000079274178
      },
      {
        "native_a_0": 0.10710400342941284,
        "native_a_3": 0.10700800269842148,
        "triton_b_1": 0.029343999922275543,
        "triton_b_2": 0.029055999591946602
      },
      {
        "native_a_0": 0.10627199709415436,
        "native_a_3": 0.10825599730014801,
        "triton_b_1": 0.02921600081026554,
        "triton_b_2": 0.029279999434947968
      },
      {
        "native_a_0": 0.10713600367307663,
        "native_a_3": 0.10684800148010254,
        "triton_b_1": 0.03033600002527237,
        "triton_b_2": 0.02937600016593933
      },
      {
        "native_a_0": 0.10819199681282043,
        "native_a_3": 0.10697600245475769,
        "triton_b_1": 0.02924799919128418,
        "triton_b_2": 0.02921600081026554
      },
      {
        "native_a_0": 0.10707200318574905,
        "native_a_3": 0.10710400342941284,
        "triton_b_1": 0.029311999678611755,
        "triton_b_2": 0.029311999678611755
      },
      {
        "native_a_0": 0.10713600367307663,
        "native_a_3": 0.1082879975438118,
        "triton_b_1": 0.02921600081026554,
        "triton_b_2": 0.02940800040960312
      },
      {
        "native_a_0": 0.10713600367307663,
        "native_a_3": 0.10627199709415436,
        "triton_b_1": 0.029120000079274178,
        "triton_b_2": 0.02921600081026554
      },
      {
        "native_a_0": 0.1069440022110939,
        "native_a_3": 0.10806400328874588,
        "triton_b_1": 0.02940800040960312,
        "triton_b_2": 0.029311999678611755
      },
      {
        "native_a_0": 0.10831999778747559,
        "native_a_3": 0.10803200304508209,
        "triton_b_1": 0.029184000566601753,
        "triton_b_2": 0.029343999922275543
      },
      {
        "native_a_0": 0.10819199681282043,
        "native_a_3": 0.10713600367307663,
        "triton_b_1": 0.029503999277949333,
        "triton_b_2": 0.029120000079274178
      },
      {
        "native_a_0": 0.10704000294208527,
        "native_a_3": 0.106175996363163,
        "triton_b_1": 0.029279999434947968,
        "triton_b_2": 0.02921600081026554
      },
      {
        "native_a_0": 0.10831999778747559,
        "native_a_3": 0.10812799632549286,
        "triton_b_1": 0.02921600081026554,
        "triton_b_2": 0.02940800040960312
      },
      {
        "native_a_0": 0.10704000294208527,
        "native_a_3": 0.10812799632549286,
        "triton_b_1": 0.029311999678611755,
        "triton_b_2": 0.02921600081026554
      },
      {
        "native_a_0": 0.10611200332641602,
        "native_a_3": 0.10825599730014801,
        "triton_b_1": 0.029311999678611755,
        "triton_b_2": 0.02937600016593933
      },
      {
        "native_a_0": 0.10691200196743011,
        "native_a_3": 0.10707200318574905,
        "triton_b_1": 0.029279999434947968,
        "triton_b_2": 0.029279999434947968
      },
      {
        "native_a_0": 0.10710400342941284,
        "native_a_3": 0.1069440022110939,
        "triton_b_1": 0.029343999922275543,
        "triton_b_2": 0.02956799976527691
      },
      {
        "native_a_0": 0.10815999656915665,
        "native_a_3": 0.10815999656915665,
        "triton_b_1": 0.02921600081026554,
        "triton_b_2": 0.029279999434947968
      },
      {
        "native_a_0": 0.10707200318574905,
        "native_a_3": 0.1082879975438118,
        "triton_b_1": 0.02937600016593933,
        "triton_b_2": 0.02937600016593933
      },
      {
        "native_a_0": 0.10704000294208527,
        "native_a_3": 0.1069440022110939,
        "triton_b_1": 0.029184000566601753,
        "triton_b_2": 0.029440000653266907
      },
      {
        "native_a_0": 0.10812799632549286,
        "native_a_3": 0.1082879975438118,
        "triton_b_1": 0.029503999277949333,
        "triton_b_2": 0.029055999591946602
      },
      {
        "native_a_0": 0.10700800269842148,
        "native_a_3": 0.10688000172376633,
        "triton_b_1": 0.02924799919128418,
        "triton_b_2": 0.029184000566601753
      },
      {
        "native_a_0": 0.1082879975438118,
        "native_a_3": 0.10809600353240967,
        "triton_b_1": 0.029184000566601753,
        "triton_b_2": 0.029184000566601753
      },
      {
        "native_a_0": 0.10710400342941284,
        "native_a_3": 0.10700800269842148,
        "triton_b_1": 0.02924799919128418,
        "triton_b_2": 0.02937600016593933
      },
      {
        "native_a_0": 0.10704000294208527,
        "native_a_3": 0.10633599758148193,
        "triton_b_1": 0.029311999678611755,
        "triton_b_2": 0.029343999922275543
      },
      {
        "native_a_0": 0.10681600123643875,
        "native_a_3": 0.10716799646615982,
        "triton_b_1": 0.02921600081026554,
        "triton_b_2": 0.02924799919128418
      },
      {
        "native_a_0": 0.10713600367307663,
        "native_a_3": 0.10700800269842148,
        "triton_b_1": 0.029503999277949333,
        "triton_b_2": 0.029152000322937965
      },
      {
        "native_a_0": 0.1072319969534874,
        "native_a_3": 0.10688000172376633,
        "triton_b_1": 0.029120000079274178,
        "triton_b_2": 0.029184000566601753
      },
      {
        "native_a_0": 0.10812799632549286,
        "native_a_3": 0.10691200196743011,
        "triton_b_1": 0.029440000653266907,
        "triton_b_2": 0.02924799919128418
      },
      {
        "native_a_0": 0.10716799646615982,
        "native_a_3": 0.10815999656915665,
        "triton_b_1": 0.02921600081026554,
        "triton_b_2": 0.029279999434947968
      },
      {
        "native_a_0": 0.10636799782514572,
        "native_a_3": 0.10812799632549286,
        "triton_b_1": 0.029055999591946602,
        "triton_b_2": 0.029184000566601753
      },
      {
        "native_a_0": 0.10809600353240967,
        "native_a_3": 0.10716799646615982,
        "triton_b_1": 0.029311999678611755,
        "triton_b_2": 0.029343999922275543
      },
      {
        "native_a_0": 0.10707200318574905,
        "native_a_3": 0.10822399705648422,
        "triton_b_1": 0.02924799919128418,
        "triton_b_2": 0.02937600016593933
      },
      {
        "native_a_0": 0.10704000294208527,
        "native_a_3": 0.10809600353240967,
        "triton_b_1": 0.029472000896930695,
        "triton_b_2": 0.029152000322937965
      },
      {
        "native_a_0": 0.10809600353240967,
        "native_a_3": 0.10815999656915665,
        "triton_b_1": 0.029343999922275543,
        "triton_b_2": 0.02940800040960312
      },
      {
        "native_a_0": 0.10707200318574905,
        "native_a_3": 0.10691200196743011,
        "triton_b_1": 0.02937600016593933,
        "triton_b_2": 0.029279999434947968
      },
      {
        "native_a_0": 0.10812799632549286,
        "native_a_3": 0.10825599730014801,
        "triton_b_1": 0.029503999277949333,
        "triton_b_2": 0.02940800040960312
      },
      {
        "native_a_0": 0.10707200318574905,
        "native_a_3": 0.10713600367307663,
        "triton_b_1": 0.02924799919128418,
        "triton_b_2": 0.029311999678611755
      }
    ],
    "repetitions": 50,
    "triton": {
      "median_ms": 0.029279999434947968,
      "p10_ms": 0.029120000079274178,
      "p90_ms": 0.029440000653266907,
      "raw_ms": [
        0.029055999591946602,
        0.045791998505592346,
        0.02937600016593933,
        0.029279999434947968,
        0.02924799919128418,
        0.029440000653266907,
        0.02937600016593933,
        0.02924799919128418,
        0.029184000566601753,
        0.029600000008940697,
        0.02940800040960312,
        0.029055999591946602,
        0.029311999678611755,
        0.02921600081026554,
        0.029279999434947968,
        0.029120000079274178,
        0.02937600016593933,
        0.029343999922275543,
        0.029279999434947968,
        0.029343999922275543,
        0.02937600016593933,
        0.029343999922275543,
        0.029279999434947968,
        0.029184000566601753,
        0.029343999922275543,
        0.029120000079274178,
        0.029343999922275543,
        0.029055999591946602,
        0.02921600081026554,
        0.029279999434947968,
        0.03033600002527237,
        0.02937600016593933,
        0.02924799919128418,
        0.02921600081026554,
        0.029311999678611755,
        0.029311999678611755,
        0.02921600081026554,
        0.02940800040960312,
        0.029120000079274178,
        0.02921600081026554,
        0.02940800040960312,
        0.029311999678611755,
        0.029184000566601753,
        0.029343999922275543,
        0.029503999277949333,
        0.029120000079274178,
        0.029279999434947968,
        0.02921600081026554,
        0.02921600081026554,
        0.02940800040960312,
        0.029311999678611755,
        0.02921600081026554,
        0.029311999678611755,
        0.02937600016593933,
        0.029279999434947968,
        0.029279999434947968,
        0.029343999922275543,
        0.02956799976527691,
        0.02921600081026554,
        0.029279999434947968,
        0.02937600016593933,
        0.02937600016593933,
        0.029184000566601753,
        0.029440000653266907,
        0.029503999277949333,
        0.029055999591946602,
        0.02924799919128418,
        0.029184000566601753,
        0.029184000566601753,
        0.029184000566601753,
        0.02924799919128418,
        0.02937600016593933,
        0.029311999678611755,
        0.029343999922275543,
        0.02921600081026554,
        0.02924799919128418,
        0.029503999277949333,
        0.029152000322937965,
        0.029120000079274178,
        0.029184000566601753,
        0.029440000653266907,
        0.02924799919128418,
        0.02921600081026554,
        0.029279999434947968,
        0.029055999591946602,
        0.029184000566601753,
        0.029311999678611755,
        0.029343999922275543,
        0.02924799919128418,
        0.02937600016593933,
        0.029472000896930695,
        0.029152000322937965,
        0.029343999922275543,
        0.02940800040960312,
        0.02937600016593933,
        0.029279999434947968,
        0.029503999277949333,
        0.02940800040960312,
        0.02924799919128418,
        0.029311999678611755
      ],
      "sample_count": 100
    },
    "triton_over_native_median_speedup": 0.27329747639547297,
    "warmup": 10
  },
  "triton_correctness": {
    "allclose": true,
    "atol": 0.0001,
    "finite": true,
    "max_abs": 6.103515625e-05,
    "mean_abs": 3.5585362638812512e-06,
    "oracle": "independent FP32 selected-page causal reference over the shared native-staged BF16 query/scalar-FP8-KV Triton inputs",
    "pass": true,
    "rtol": 0.001
  },
  "warmup_calls": 1
}
INFO 08-30 08:12:44 [sparse_attention_msa.py:197] MiniMax M3 MSA sparse decode selected native_c2
USDT:2026-08-30 08:12:45 1802176:1802176 SyncActivityProfilerHandler.cpp:52] profiler_start
USDT:2026-08-30 08:12:45 1802176:1802176 SyncActivityProfilerHandler.cpp:59] profiler_stop
INFO 08-30 08:12:45 [sparse_attention_msa.py:197] MiniMax M3 MSA sparse decode selected Triton
{
  "all_gates_pass": true,
  "boundary": "real MiniMaxM3SparseMSAImpl.forward backend layer; no model weights or server scheduler",
  "builder": {
    "checks": {
      "decode_metadata_present": true,
      "native_backend_did_not_make_cutlass_plan": true,
      "native_decode_has_no_cutlass_metadata": true
    },
    "cutlass_plan_cache_size": 0,
    "triton_checks": {
      "triton_decode_metadata_present": true,
      "triton_plan_cache_empty": true
    },
    "triton_cutlass_plan_cache_size": 0
  },
  "caller_output": {
    "pointer_after": 136097297072128,
    "pointer_before": 136097297072128,
    "pointer_unchanged": true
  },
  "correctness": {
    "allclose": true,
    "atol": 0.0001,
    "finite": true,
    "max_abs": 6.103515625e-05,
    "mean_abs": 3.554709792297217e-06,
    "oracle": "independent FP32 selected-page causal reference over exact native BF16-staged FP8 values",
    "pass": true,
    "rtol": 0.001
  },
  "data_contract": {
    "batch": 16,
    "head_dim": 128,
    "input_checksums": {
      "block_table_i32": "0fb6090e3f35fce2b70e41aeb958dba78293db2eb388a5501d050b56d839f057",
      "packed_kv_fp8": "a3f3b1d3d18e91269b8b38242aa9b11a30626a2a54312e8b04c6e02b517f36cc",
      "q_bf16_original_not_timed": "6178595722e78619af3a45c621aba375e81e1fcd0491ab4ef44e85e46201d5c4",
      "q_bf16_shared_native_staging": "294dabed9fe3c5bed16741d96f47cb117ddd6a348d17a76650866e8afea73096",
      "query_fp8": "a03c58f62c402492c5c146a59b0ef9d8f03dec6773d49aa93750bc231fef9a88",
      "seq_lens_i32": "9ab9ced530fa4ae003b5540a7af8a6ad5770d389827a3211e9baafd6d4f4a638",
      "topk_token_major_i32": "d88276a8937da48b00b7b9c21e9c2e3e8d45f541c3d8e344ea9249ff259d8451"
    },
    "k_scale": 0.25,
    "kv_heads": 4,
    "page_size": 128,
    "q_scale": 0.25,
    "query_heads": 64,
    "topk": 16,
    "v_scale": 0.5
  },
  "environment": {
    "compute_capability": [
      10,
      3
    ],
    "device": "NVIDIA B300 SXM6 AC",
    "torch": "2.13.0+cu130",
    "vllm_import_root": "/home/lcpu/85117379/c2-native-plugin-v6-fresh-runtime-20260830/job12385/vllm"
  },
  "gates": {
    "caller_owned_output": true,
    "fair_native_vs_triton_abba_timing": true,
    "fp32_oracle_correctness": true,
    "native_static_selection": true,
    "no_cutlass_plan": true,
    "one_profiled_forward_reaches_dispatcher_and_cuda_kernel": true
  },
  "profiled_forward_calls": 1,
  "profiling": {
    "checks": {
      "one_cpu_dispatcher_event": true,
      "one_cuda_native_kernel_event": true,
      "trace_nonempty": true
    },
    "cuda_kernel_events": [
      {
        "count": 1,
        "cpu_total_us": 0.0,
        "cuda_total_us": 0.0,
        "key": "vllm::native_c2::native_c2_msa_decode_kernel(__nv_fp8_e4m3 const*, __nv_fp8_e4m3 const*, int const*, int const*, int const*, __nv_bfloat16*, long, long, long, long, long, long, long, long, long, long, int, int, float, float, float, float)",
        "self_cpu_us": 0.0,
        "self_cuda_us": 0.0
      }
    ],
    "dispatcher_events": [
      {
        "count": 1,
        "cpu_total_us": 1263.844,
        "cuda_total_us": 0.0,
        "key": "_C::native_c2_msa_decode",
        "self_cpu_us": 18.8299999999997,
        "self_cuda_us": 0.0
      }
    ],
    "nearby_keys": [
      "_C::native_c2_msa_decode",
      "vllm::native_c2::native_c2_msa_decode_kernel(__nv_fp8_e4m3 const*, __nv_fp8_e4m3 const*, int const*, int const*, int const*, __nv_bfloat16*, long, long, long, long, long, long, long, long, long, long, int, int, float, float, float, float)"
    ],
    "pass": true,
    "trace": "/home/lcpu/85117379/c2-native-plugin-v6-fresh-backend-artifacts-20260830/job12385/plugin-v6-wheel-full-backend-seed314159-job12385.chrome.json"
  },
  "schema": "c2-native-c2-full-vllm-backend-v2",
  "seed": 314159,
  "static_selection": {
    "native_backend_alias": true,
    "should_use_msa_decode": true,
    "use_cutlass_decode_is_false": true,
    "use_native_c2_decode": true
  },
  "timing": {
    "caller_owned_output": {
      "native": true,
      "triton": true
    },
    "caller_owned_output_verification": "every warmup and timed call checks result.data_ptr() against its caller-owned output",
    "comparison_input_semantics": "native stages query_fp8 with q_scale and Triton receives the same BF16 query values; packed FP8 KV, scalar scales, sparse metadata, and caller-owned output shapes are shared",
    "native": {
      "median_ms": 0.10809600353240967,
      "p10_ms": 0.10672000050544739,
      "p90_ms": 0.1082879975438118,
      "raw_ms": [
        0.14204800128936768,
        0.13366399705410004,
        0.10704000294208527,
        0.1082879975438118,
        0.10707200318574905,
        0.10716799646615982,
        0.10707200318574905,
        0.10681600123643875,
        0.10915199667215347,
        0.10831999778747559,
        0.1069440022110939,
        0.10713600367307663,
        0.10691200196743011,
        0.10812799632549286,
        0.10812799632549286,
        0.10815999656915665,
        0.1082879975438118,
        0.106175996363163,
        0.10812799632549286,
        0.10835199803113937,
        0.10796800255775452,
        0.10697600245475769,
        0.10822399705648422,
        0.10688000172376633,
        0.10809600353240967,
        0.10684800148010254,
        0.10742399841547012,
        0.10623999685049057,
        0.10812799632549286,
        0.10815999656915665,
        0.10697600245475769,
        0.1069440022110939,
        0.10822399705648422,
        0.10812799632549286,
        0.10809600353240967,
        0.10812799632549286,
        0.10812799632549286,
        0.10809600353240967,
        0.1082879975438118,
        0.10812799632549286,
        0.10812799632549286,
        0.10710400342941284,
        0.1069440022110939,
        0.10815999656915665,
        0.10809600353240967,
        0.1061440035700798,
        0.10672000050544739,
        0.10713600367307663,
        0.1080000028014183,
        0.10902400314807892,
        0.10806400328874588,
        0.10812799632549286,
        0.10809600353240967,
        0.10697600245475769,
        0.10627199709415436,
        0.10812799632549286,
        0.10604800283908844,
        0.10838399827480316,
        0.1069440022110939,
        0.10812799632549286,
        0.10809600353240967,
        0.10620799660682678,
        0.10697600245475769,
        0.1069440022110939,
        0.10815999656915665,
        0.10812799632549286,
        0.10812799632549286,
        0.10608000308275223,
        0.10719999670982361,
        0.10803200304508209,
        0.10809600353240967,
        0.10822399705648422,
        0.10710400342941284,
        0.10793600231409073,
        0.10726399719715118,
        0.10704000294208527,
        0.10710400342941284,
        0.10812799632549286,
        0.10716799646615982,
        0.10812799632549286,
        0.1082879975438118,
        0.10819199681282043,
        0.1069440022110939,
        0.10835199803113937,
        0.10688000172376633,
        0.10608000308275223,
        0.10608000308275223,
        0.10809600353240967,
        0.10812799632549286,
        0.10697600245475769,
        0.10809600353240967,
        0.1080000028014183,
        0.10819199681282043,
        0.10815999656915665,
        0.10812799632549286,
        0.1082879975438118,
        0.10822399705648422,
        0.10710400342941284,
        0.10713600367307663,
        0.10713600367307663
      ],
      "sample_count": 100
    },
    "native_over_triton_median_latency_ratio": 3.6958426737314043,
    "pass": true,
    "pre_timing_checks": {
      "distinct_output_buffers": true,
      "native_hard_gates": true,
      "triton_builder": true,
      "triton_correctness": true,
      "triton_static_selection": true
    },
    "protocol": "CUDA events; separate warmup excluded; ABBA=native,triton,triton,native; one default stream; input, metadata, output allocation, and oracle excluded",
    "ratio_interpretation": "triton_over_native < 1 means native is slower; native_over_triton is the direct latency-regression factor",
    "raw_cycles_ms": [
      {
        "native_a_0": 0.14204800128936768,
        "native_a_3": 0.13366399705410004,
        "triton_b_1": 0.029184000566601753,
        "triton_b_2": 0.0323840007185936
      },
      {
        "native_a_0": 0.10704000294208527,
        "native_a_3": 0.1082879975438118,
        "triton_b_1": 0.029279999434947968,
        "triton_b_2": 0.029120000079274178
      },
      {
        "native_a_0": 0.10707200318574905,
        "native_a_3": 0.10716799646615982,
        "triton_b_1": 0.029279999434947968,
        "triton_b_2": 0.02924799919128418
      },
      {
        "native_a_0": 0.10707200318574905,
        "native_a_3": 0.10681600123643875,
        "triton_b_1": 0.029120000079274178,
        "triton_b_2": 0.02940800040960312
      },
      {
        "native_a_0": 0.10915199667215347,
        "native_a_3": 0.10831999778747559,
        "triton_b_1": 0.02924799919128418,
        "triton_b_2": 0.029120000079274178
      },
      {
        "native_a_0": 0.1069440022110939,
        "native_a_3": 0.10713600367307663,
        "triton_b_1": 0.02921600081026554,
        "triton_b_2": 0.029503999277949333
      },
      {
        "native_a_0": 0.10691200196743011,
        "native_a_3": 0.10812799632549286,
        "triton_b_1": 0.029152000322937965,
        "triton_b_2": 0.029343999922275543
      },
      {
        "native_a_0": 0.10812799632549286,
        "native_a_3": 0.10815999656915665,
        "triton_b_1": 0.02924799919128418,
        "triton_b_2": 0.029184000566601753
      },
      {
        "native_a_0": 0.1082879975438118,
        "native_a_3": 0.106175996363163,
        "triton_b_1": 0.029184000566601753,
        "triton_b_2": 0.02924799919128418
      },
      {
        "native_a_0": 0.10812799632549286,
        "native_a_3": 0.10835199803113937,
        "triton_b_1": 0.029311999678611755,
        "triton_b_2": 0.028831999748945236
      },
      {
        "native_a_0": 0.10796800255775452,
        "native_a_3": 0.10697600245475769,
        "triton_b_1": 0.029279999434947968,
        "triton_b_2": 0.02848000079393387
      },
      {
        "native_a_0": 0.10822399705648422,
        "native_a_3": 0.10688000172376633,
        "triton_b_1": 0.029184000566601753,
        "triton_b_2": 0.02940800040960312
      },
      {
        "native_a_0": 0.10809600353240967,
        "native_a_3": 0.10684800148010254,
        "triton_b_1": 0.029343999922275543,
        "triton_b_2": 0.029311999678611755
      },
      {
        "native_a_0": 0.10742399841547012,
        "native_a_3": 0.10623999685049057,
        "triton_b_1": 0.028960000723600388,
        "triton_b_2": 0.029311999678611755
      },
      {
        "native_a_0": 0.10812799632549286,
        "native_a_3": 0.10815999656915665,
        "triton_b_1": 0.02921600081026554,
        "triton_b_2": 0.029343999922275543
      },
      {
        "native_a_0": 0.10697600245475769,
        "native_a_3": 0.1069440022110939,
        "triton_b_1": 0.02937600016593933,
        "triton_b_2": 0.029279999434947968
      },
      {
        "native_a_0": 0.10822399705648422,
        "native_a_3": 0.10812799632549286,
        "triton_b_1": 0.03017600066959858,
        "triton_b_2": 0.029279999434947968
      },
      {
        "native_a_0": 0.10809600353240967,
        "native_a_3": 0.10812799632549286,
        "triton_b_1": 0.029279999434947968,
        "triton_b_2": 0.02937600016593933
      },
      {
        "native_a_0": 0.10812799632549286,
        "native_a_3": 0.10809600353240967,
        "triton_b_1": 0.029343999922275543,
        "triton_b_2": 0.02908799983561039
      },
      {
        "native_a_0": 0.1082879975438118,
        "native_a_3": 0.10812799632549286,
        "triton_b_1": 0.028896000236272812,
        "triton_b_2": 0.02940800040960312
      },
      {
        "native_a_0": 0.10812799632549286,
        "native_a_3": 0.10710400342941284,
        "triton_b_1": 0.029503999277949333,
        "triton_b_2": 0.029120000079274178
      },
      {
        "native_a_0": 0.1069440022110939,
        "native_a_3": 0.10815999656915665,
        "triton_b_1": 0.029343999922275543,
        "triton_b_2": 0.029184000566601753
      },
      {
        "native_a_0": 0.10809600353240967,
        "native_a_3": 0.1061440035700798,
        "triton_b_1": 0.029279999434947968,
        "triton_b_2": 0.029279999434947968
      },
      {
        "native_a_0": 0.10672000050544739,
        "native_a_3": 0.10713600367307663,
        "triton_b_1": 0.02940800040960312,
        "triton_b_2": 0.029184000566601753
      },
      {
        "native_a_0": 0.1080000028014183,
        "native_a_3": 0.10902400314807892,
        "triton_b_1": 0.028351999819278717,
        "triton_b_2": 0.02937600016593933
      },
      {
        "native_a_0": 0.10806400328874588,
        "native_a_3": 0.10812799632549286,
        "triton_b_1": 0.029120000079274178,
        "triton_b_2": 0.02953599952161312
      },
      {
        "native_a_0": 0.10809600353240967,
        "native_a_3": 0.10697600245475769,
        "triton_b_1": 0.02940800040960312,
        "triton_b_2": 0.029120000079274178
      },
      {
        "native_a_0": 0.10627199709415436,
        "native_a_3": 0.10812799632549286,
        "triton_b_1": 0.02908799983561039,
        "triton_b_2": 0.02924799919128418
      },
      {
        "native_a_0": 0.10604800283908844,
        "native_a_3": 0.10838399827480316,
        "triton_b_1": 0.029311999678611755,
        "triton_b_2": 0.02921600081026554
      },
      {
        "native_a_0": 0.1069440022110939,
        "native_a_3": 0.10812799632549286,
        "triton_b_1": 0.029023999348282814,
        "triton_b_2": 0.029279999434947968
      },
      {
        "native_a_0": 0.10809600353240967,
        "native_a_3": 0.10620799660682678,
        "triton_b_1": 0.029184000566601753,
        "triton_b_2": 0.029343999922275543
      },
      {
        "native_a_0": 0.10697600245475769,
        "native_a_3": 0.1069440022110939,
        "triton_b_1": 0.029279999434947968,
        "triton_b_2": 0.029600000008940697
      },
      {
        "native_a_0": 0.10815999656915665,
        "native_a_3": 0.10812799632549286,
        "triton_b_1": 0.029279999434947968,
        "triton_b_2": 0.029184000566601753
      },
      {
        "native_a_0": 0.10812799632549286,
        "native_a_3": 0.10608000308275223,
        "triton_b_1": 0.029343999922275543,
        "triton_b_2": 0.029279999434947968
      },
      {
        "native_a_0": 0.10719999670982361,
        "native_a_3": 0.10803200304508209,
        "triton_b_1": 0.029184000566601753,
        "triton_b_2": 0.029311999678611755
      },
      {
        "native_a_0": 0.10809600353240967,
        "native_a_3": 0.10822399705648422,
        "triton_b_1": 0.029120000079274178,
        "triton_b_2": 0.02937600016593933
      },
      {
        "native_a_0": 0.10710400342941284,
        "native_a_3": 0.10793600231409073,
        "triton_b_1": 0.02921600081026554,
        "triton_b_2": 0.029343999922275543
      },
      {
        "native_a_0": 0.10726399719715118,
        "native_a_3": 0.10704000294208527,
        "triton_b_1": 0.029184000566601753,
        "triton_b_2": 0.02924799919128418
      },
      {
        "native_a_0": 0.10710400342941284,
        "native_a_3": 0.10812799632549286,
        "triton_b_1": 0.02921600081026554,
        "triton_b_2": 0.02908799983561039
      },
      {
        "native_a_0": 0.10716799646615982,
        "native_a_3": 0.10812799632549286,
        "triton_b_1": 0.029152000322937965,
        "triton_b_2": 0.02921600081026554
      },
      {
        "native_a_0": 0.1082879975438118,
        "native_a_3": 0.10819199681282043,
        "triton_b_1": 0.029343999922275543,
        "triton_b_2": 0.029120000079274178
      },
      {
        "native_a_0": 0.1069440022110939,
        "native_a_3": 0.10835199803113937,
        "triton_b_1": 0.029343999922275543,
        "triton_b_2": 0.02924799919128418
      },
      {
        "native_a_0": 0.10688000172376633,
        "native_a_3": 0.10608000308275223,
        "triton_b_1": 0.029440000653266907,
        "triton_b_2": 0.02908799983561039
      },
      {
        "native_a_0": 0.10608000308275223,
        "native_a_3": 0.10809600353240967,
        "triton_b_1": 0.029440000653266907,
        "triton_b_2": 0.029152000322937965
      },
      {
        "native_a_0": 0.10812799632549286,
        "native_a_3": 0.10697600245475769,
        "triton_b_1": 0.02921600081026554,
        "triton_b_2": 0.029472000896930695
      },
      {
        "native_a_0": 0.10809600353240967,
        "native_a_3": 0.1080000028014183,
        "triton_b_1": 0.029279999434947968,
        "triton_b_2": 0.029152000322937965
      },
      {
        "native_a_0": 0.10819199681282043,
        "native_a_3": 0.10815999656915665,
        "triton_b_1": 0.029023999348282814,
        "triton_b_2": 0.028255999088287354
      },
      {
        "native_a_0": 0.10812799632549286,
        "native_a_3": 0.1082879975438118,
        "triton_b_1": 0.02924799919128418,
        "triton_b_2": 0.02940800040960312
      },
      {
        "native_a_0": 0.10822399705648422,
        "native_a_3": 0.10710400342941284,
        "triton_b_1": 0.029184000566601753,
        "triton_b_2": 0.02924799919128418
      },
      {
        "native_a_0": 0.10713600367307663,
        "native_a_3": 0.10713600367307663,
        "triton_b_1": 0.029311999678611755,
        "triton_b_2": 0.029279999434947968
      }
    ],
    "repetitions": 50,
    "triton": {
      "median_ms": 0.02924799919128418,
      "p10_ms": 0.02908799983561039,
      "p90_ms": 0.02940800040960312,
      "raw_ms": [
        0.029184000566601753,
        0.0323840007185936,
        0.029279999434947968,
        0.029120000079274178,
        0.029279999434947968,
        0.02924799919128418,
        0.029120000079274178,
        0.02940800040960312,
        0.02924799919128418,
        0.029120000079274178,
        0.02921600081026554,
        0.029503999277949333,
        0.029152000322937965,
        0.029343999922275543,
        0.02924799919128418,
        0.029184000566601753,
        0.029184000566601753,
        0.02924799919128418,
        0.029311999678611755,
        0.028831999748945236,
        0.029279999434947968,
        0.02848000079393387,
        0.029184000566601753,
        0.02940800040960312,
        0.029343999922275543,
        0.029311999678611755,
        0.028960000723600388,
        0.029311999678611755,
        0.02921600081026554,
        0.029343999922275543,
        0.02937600016593933,
        0.029279999434947968,
        0.03017600066959858,
        0.029279999434947968,
        0.029279999434947968,
        0.02937600016593933,
        0.029343999922275543,
        0.02908799983561039,
        0.028896000236272812,
        0.02940800040960312,
        0.029503999277949333,
        0.029120000079274178,
        0.029343999922275543,
        0.029184000566601753,
        0.029279999434947968,
        0.029279999434947968,
        0.02940800040960312,
        0.029184000566601753,
        0.028351999819278717,
        0.02937600016593933,
        0.029120000079274178,
        0.02953599952161312,
        0.02940800040960312,
        0.029120000079274178,
        0.02908799983561039,
        0.02924799919128418,
        0.029311999678611755,
        0.02921600081026554,
        0.029023999348282814,
        0.029279999434947968,
        0.029184000566601753,
        0.029343999922275543,
        0.029279999434947968,
        0.029600000008940697,
        0.029279999434947968,
        0.029184000566601753,
        0.029343999922275543,
        0.029279999434947968,
        0.029184000566601753,
        0.029311999678611755,
        0.029120000079274178,
        0.02937600016593933,
        0.02921600081026554,
        0.029343999922275543,
        0.029184000566601753,
        0.02924799919128418,
        0.02921600081026554,
        0.02908799983561039,
        0.029152000322937965,
        0.02921600081026554,
        0.029343999922275543,
        0.029120000079274178,
        0.029343999922275543,
        0.02924799919128418,
        0.029440000653266907,
        0.02908799983561039,
        0.029440000653266907,
        0.029152000322937965,
        0.02921600081026554,
        0.029472000896930695,
        0.029279999434947968,
        0.029152000322937965,
        0.029023999348282814,
        0.028255999088287354,
        0.02924799919128418,
        0.02940800040960312,
        0.029184000566601753,
        0.02924799919128418,
        0.029311999678611755,
        0.029279999434947968
      ],
      "sample_count": 100
    },
    "triton_over_native_median_speedup": 0.2705742879986766,
    "warmup": 10
  },
  "triton_correctness": {
    "allclose": true,
    "atol": 0.0001,
    "finite": true,
    "max_abs": 6.103515625e-05,
    "mean_abs": 3.568771262507653e-06,
    "oracle": "independent FP32 selected-page causal reference over the shared native-staged BF16 query/scalar-FP8-KV Triton inputs",
    "pass": true,
    "rtol": 0.001
  },
  "warmup_calls": 1
}
INFO 08-30 08:12:55 [sparse_attention_msa.py:197] MiniMax M3 MSA sparse decode selected native_c2
USDT:2026-08-30 08:12:55 1803894:1803894 SyncActivityProfilerHandler.cpp:52] profiler_start
USDT:2026-08-30 08:12:55 1803894:1803894 SyncActivityProfilerHandler.cpp:59] profiler_stop
INFO 08-30 08:12:55 [sparse_attention_msa.py:197] MiniMax M3 MSA sparse decode selected Triton
{
  "all_gates_pass": true,
  "boundary": "real MiniMaxM3SparseMSAImpl.forward backend layer; no model weights or server scheduler",
  "builder": {
    "checks": {
      "decode_metadata_present": true,
      "native_backend_did_not_make_cutlass_plan": true,
      "native_decode_has_no_cutlass_metadata": true
    },
    "cutlass_plan_cache_size": 0,
    "triton_checks": {
      "triton_decode_metadata_present": true,
      "triton_plan_cache_empty": true
    },
    "triton_cutlass_plan_cache_size": 0
  },
  "caller_output": {
    "pointer_after": 132828558524416,
    "pointer_before": 132828558524416,
    "pointer_unchanged": true
  },
  "correctness": {
    "allclose": true,
    "atol": 0.0001,
    "finite": true,
    "max_abs": 6.103515625e-05,
    "mean_abs": 3.55454199052474e-06,
    "oracle": "independent FP32 selected-page causal reference over exact native BF16-staged FP8 values",
    "pass": true,
    "rtol": 0.001
  },
  "data_contract": {
    "batch": 16,
    "head_dim": 128,
    "input_checksums": {
      "block_table_i32": "bfb51799ede669908865d963648e39b6b0629f389d1e39717484c510e28aad90",
      "packed_kv_fp8": "469e85c7c370f73065193bc755fe2cde8d9ca305223398e478ec2c9af152f7f9",
      "q_bf16_original_not_timed": "765571a4d72c436a549dcf545c06935883267dae72a41291ec08fb67bbf0db44",
      "q_bf16_shared_native_staging": "cb5a069f1c133bc0074ecb26da4f5251de0e9b8901bbcc01a5517061b9c3f53a",
      "query_fp8": "4320f99de18c7f5b301463fea0e2a51145fdc83f73fc29caba212ff1a3f3f1e1",
      "seq_lens_i32": "1322667f5dcf5df8e77cb4627dcf497f08810895f1413d992bc33b61df6e7c93",
      "topk_token_major_i32": "aab98bdc9911538a82cae71d7cfa5b459acd4d869fc278393e5433f2701cb3aa"
    },
    "k_scale": 0.25,
    "kv_heads": 4,
    "page_size": 128,
    "q_scale": 0.25,
    "query_heads": 64,
    "topk": 16,
    "v_scale": 0.5
  },
  "environment": {
    "compute_capability": [
      10,
      3
    ],
    "device": "NVIDIA B300 SXM6 AC",
    "torch": "2.13.0+cu130",
    "vllm_import_root": "/home/lcpu/85117379/c2-native-plugin-v6-fresh-runtime-20260830/job12385/vllm"
  },
  "gates": {
    "caller_owned_output": true,
    "fair_native_vs_triton_abba_timing": true,
    "fp32_oracle_correctness": true,
    "native_static_selection": true,
    "no_cutlass_plan": true,
    "one_profiled_forward_reaches_dispatcher_and_cuda_kernel": true
  },
  "profiled_forward_calls": 1,
  "profiling": {
    "checks": {
      "one_cpu_dispatcher_event": true,
      "one_cuda_native_kernel_event": true,
      "trace_nonempty": true
    },
    "cuda_kernel_events": [
      {
        "count": 1,
        "cpu_total_us": 0.0,
        "cuda_total_us": 0.0,
        "key": "vllm::native_c2::native_c2_msa_decode_kernel(__nv_fp8_e4m3 const*, __nv_fp8_e4m3 const*, int const*, int const*, int const*, __nv_bfloat16*, long, long, long, long, long, long, long, long, long, long, int, int, float, float, float, float)",
        "self_cpu_us": 0.0,
        "self_cuda_us": 0.0
      }
    ],
    "dispatcher_events": [
      {
        "count": 1,
        "cpu_total_us": 1286.194,
        "cuda_total_us": 0.0,
        "key": "_C::native_c2_msa_decode",
        "self_cpu_us": 27.25999999999999,
        "self_cuda_us": 0.0
      }
    ],
    "nearby_keys": [
      "_C::native_c2_msa_decode",
      "vllm::native_c2::native_c2_msa_decode_kernel(__nv_fp8_e4m3 const*, __nv_fp8_e4m3 const*, int const*, int const*, int const*, __nv_bfloat16*, long, long, long, long, long, long, long, long, long, long, int, int, float, float, float, float)"
    ],
    "pass": true,
    "trace": "/home/lcpu/85117379/c2-native-plugin-v6-fresh-backend-artifacts-20260830/job12385/plugin-v6-wheel-full-backend-seed20260801-job12385.chrome.json"
  },
  "schema": "c2-native-c2-full-vllm-backend-v2",
  "seed": 20260801,
  "static_selection": {
    "native_backend_alias": true,
    "should_use_msa_decode": true,
    "use_cutlass_decode_is_false": true,
    "use_native_c2_decode": true
  },
  "timing": {
    "caller_owned_output": {
      "native": true,
      "triton": true
    },
    "caller_owned_output_verification": "every warmup and timed call checks result.data_ptr() against its caller-owned output",
    "comparison_input_semantics": "native stages query_fp8 with q_scale and Triton receives the same BF16 query values; packed FP8 KV, scalar scales, sparse metadata, and caller-owned output shapes are shared",
    "native": {
      "median_ms": 0.10812799632549286,
      "p10_ms": 0.10630399733781815,
      "p90_ms": 0.10831999778747559,
      "raw_ms": [
        0.1390720009803772,
        0.1305920034646988,
        0.10697600245475769,
        0.10713600367307663,
        0.10716799646615982,
        0.1072319969534874,
        0.10713600367307663,
        0.10835199803113937,
        0.10726399719715118,
        0.10825599730014801,
        0.10822399705648422,
        0.10710400342941284,
        0.10815999656915665,
        0.10822399705648422,
        0.10812799632549286,
        0.10825599730014801,
        0.1090880036354065,
        0.10809600353240967,
        0.10815999656915665,
        0.10815999656915665,
        0.10809600353240967,
        0.10831999778747559,
        0.10812799632549286,
        0.1069440022110939,
        0.10822399705648422,
        0.10623999685049057,
        0.10806400328874588,
        0.10825599730014801,
        0.1061440035700798,
        0.10822399705648422,
        0.10822399705648422,
        0.10825599730014801,
        0.10822399705648422,
        0.10819199681282043,
        0.10812799632549286,
        0.10815999656915665,
        0.10623999685049057,
        0.10815999656915665,
        0.10819199681282043,
        0.10831999778747559,
        0.10630399733781815,
        0.10623999685049057,
        0.10819199681282043,
        0.10835199803113937,
        0.10707200318574905,
        0.10825599730014801,
        0.10688000172376633,
        0.10835199803113937,
        0.10809600353240967,
        0.10831999778747559,
        0.10822399705648422,
        0.10831999778747559,
        0.1064319983124733,
        0.10831999778747559,
        0.10700800269842148,
        0.10623999685049057,
        0.10819199681282043,
        0.10620799660682678,
        0.10815999656915665,
        0.10857599973678589,
        0.1080000028014183,
        0.10822399705648422,
        0.10700800269842148,
        0.10710400342941284,
        0.1090560033917427,
        0.10825599730014801,
        0.10704000294208527,
        0.10608000308275223,
        0.10822399705648422,
        0.10710400342941284,
        0.10691200196743011,
        0.10809600353240967,
        0.10704000294208527,
        0.10815999656915665,
        0.10819199681282043,
        0.10815999656915665,
        0.10707200318574905,
        0.10803200304508209,
        0.10825599730014801,
        0.1069440022110939,
        0.10716799646615982,
        0.10815999656915665,
        0.10707200318574905,
        0.10815999656915665,
        0.10707200318574905,
        0.10604800283908844,
        0.10809600353240967,
        0.10815999656915665,
        0.10697600245475769,
        0.106175996363163,
        0.10716799646615982,
        0.10697600245475769,
        0.10812799632549286,
        0.10822399705648422,
        0.10812799632549286,
        0.10700800269842148,
        0.10700800269842148,
        0.10822399705648422,
        0.10707200318574905,
        0.10713600367307663
      ],
      "sample_count": 100
    },
    "native_over_triton_median_latency_ratio": 3.684841760219983,
    "pass": true,
    "pre_timing_checks": {
      "distinct_output_buffers": true,
      "native_hard_gates": true,
      "triton_builder": true,
      "triton_correctness": true,
      "triton_static_selection": true
    },
    "protocol": "CUDA events; separate warmup excluded; ABBA=native,triton,triton,native; one default stream; input, metadata, output allocation, and oracle excluded",
    "ratio_interpretation": "triton_over_native < 1 means native is slower; native_over_triton is the direct latency-regression factor",
    "raw_cycles_ms": [
      {
        "native_a_0": 0.1390720009803772,
        "native_a_3": 0.1305920034646988,
        "triton_b_1": 0.029472000896930695,
        "triton_b_2": 0.03033600002527237
      },
      {
        "native_a_0": 0.10697600245475769,
        "native_a_3": 0.10713600367307663,
        "triton_b_1": 0.02940800040960312,
        "triton_b_2": 0.029343999922275543
      },
      {
        "native_a_0": 0.10716799646615982,
        "native_a_3": 0.1072319969534874,
        "triton_b_1": 0.029279999434947968,
        "triton_b_2": 0.029440000653266907
      },
      {
        "native_a_0": 0.10713600367307663,
        "native_a_3": 0.10835199803113937,
        "triton_b_1": 0.029343999922275543,
        "triton_b_2": 0.029055999591946602
      },
      {
        "native_a_0": 0.10726399719715118,
        "native_a_3": 0.10825599730014801,
        "triton_b_1": 0.02924799919128418,
        "triton_b_2": 0.029343999922275543
      },
      {
        "native_a_0": 0.10822399705648422,
        "native_a_3": 0.10710400342941284,
        "triton_b_1": 0.029184000566601753,
        "triton_b_2": 0.02937600016593933
      },
      {
        "native_a_0": 0.10815999656915665,
        "native_a_3": 0.10822399705648422,
        "triton_b_1": 0.029279999434947968,
        "triton_b_2": 0.02940800040960312
      },
      {
        "native_a_0": 0.10812799632549286,
        "native_a_3": 0.10825599730014801,
        "triton_b_1": 0.029279999434947968,
        "triton_b_2": 0.029632000252604485
      },
      {
        "native_a_0": 0.1090880036354065,
        "native_a_3": 0.10809600353240967,
        "triton_b_1": 0.02940800040960312,
        "triton_b_2": 0.029440000653266907
      },
      {
        "native_a_0": 0.10815999656915665,
        "native_a_3": 0.10815999656915665,
        "triton_b_1": 0.02940800040960312,
        "triton_b_2": 0.029472000896930695
      },
      {
        "native_a_0": 0.10809600353240967,
        "native_a_3": 0.10831999778747559,
        "triton_b_1": 0.029440000653266907,
        "triton_b_2": 0.02921600081026554
      },
      {
        "native_a_0": 0.10812799632549286,
        "native_a_3": 0.1069440022110939,
        "triton_b_1": 0.029311999678611755,
        "triton_b_2": 0.02953599952161312
      },
      {
        "native_a_0": 0.10822399705648422,
        "native_a_3": 0.10623999685049057,
        "triton_b_1": 0.029440000653266907,
        "triton_b_2": 0.029023999348282814
      },
      {
        "native_a_0": 0.10806400328874588,
        "native_a_3": 0.10825599730014801,
        "triton_b_1": 0.02940800040960312,
        "triton_b_2": 0.029472000896930695
      },
      {
        "native_a_0": 0.1061440035700798,
        "native_a_3": 0.10822399705648422,
        "triton_b_1": 0.02924799919128418,
        "triton_b_2": 0.02937600016593933
      },
      {
        "native_a_0": 0.10822399705648422,
        "native_a_3": 0.10825599730014801,
        "triton_b_1": 0.030400000512599945,
        "triton_b_2": 0.02924799919128418
      },
      {
        "native_a_0": 0.10822399705648422,
        "native_a_3": 0.10819199681282043,
        "triton_b_1": 0.029440000653266907,
        "triton_b_2": 0.029440000653266907
      },
      {
        "native_a_0": 0.10812799632549286,
        "native_a_3": 0.10815999656915665,
        "triton_b_1": 0.02937600016593933,
        "triton_b_2": 0.02940800040960312
      },
      {
        "native_a_0": 0.10623999685049057,
        "native_a_3": 0.10815999656915665,
        "triton_b_1": 0.029311999678611755,
        "triton_b_2": 0.02937600016593933
      },
      {
        "native_a_0": 0.10819199681282043,
        "native_a_3": 0.10831999778747559,
        "triton_b_1": 0.029311999678611755,
        "triton_b_2": 0.029503999277949333
      },
      {
        "native_a_0": 0.10630399733781815,
        "native_a_3": 0.10623999685049057,
        "triton_b_1": 0.029311999678611755,
        "triton_b_2": 0.029279999434947968
      },
      {
        "native_a_0": 0.10819199681282043,
        "native_a_3": 0.10835199803113937,
        "triton_b_1": 0.02921600081026554,
        "triton_b_2": 0.028543999418616295
      },
      {
        "native_a_0": 0.10707200318574905,
        "native_a_3": 0.10825599730014801,
        "triton_b_1": 0.02876799926161766,
        "triton_b_2": 0.02924799919128418
      },
      {
        "native_a_0": 0.10688000172376633,
        "native_a_3": 0.10835199803113937,
        "triton_b_1": 0.029343999922275543,
        "triton_b_2": 0.02937600016593933
      },
      {
        "native_a_0": 0.10809600353240967,
        "native_a_3": 0.10831999778747559,
        "triton_b_1": 0.02956799976527691,
        "triton_b_2": 0.029184000566601753
      },
      {
        "native_a_0": 0.10822399705648422,
        "native_a_3": 0.10831999778747559,
        "triton_b_1": 0.02937600016593933,
        "triton_b_2": 0.02953599952161312
      },
      {
        "native_a_0": 0.1064319983124733,
        "native_a_3": 0.10831999778747559,
        "triton_b_1": 0.02940800040960312,
        "triton_b_2": 0.029311999678611755
      },
      {
        "native_a_0": 0.10700800269842148,
        "native_a_3": 0.10623999685049057,
        "triton_b_1": 0.029311999678611755,
        "triton_b_2": 0.029440000653266907
      },
      {
        "native_a_0": 0.10819199681282043,
        "native_a_3": 0.10620799660682678,
        "triton_b_1": 0.029343999922275543,
        "triton_b_2": 0.029343999922275543
      },
      {
        "native_a_0": 0.10815999656915665,
        "native_a_3": 0.10857599973678589,
        "triton_b_1": 0.02937600016593933,
        "triton_b_2": 0.029440000653266907
      },
      {
        "native_a_0": 0.1080000028014183,
        "native_a_3": 0.10822399705648422,
        "triton_b_1": 0.029343999922275543,
        "triton_b_2": 0.029343999922275543
      },
      {
        "native_a_0": 0.10700800269842148,
        "native_a_3": 0.10710400342941284,
        "triton_b_1": 0.029152000322937965,
        "triton_b_2": 0.02940800040960312
      },
      {
        "native_a_0": 0.1090560033917427,
        "native_a_3": 0.10825599730014801,
        "triton_b_1": 0.02921600081026554,
        "triton_b_2": 0.029311999678611755
      },
      {
        "native_a_0": 0.10704000294208527,
        "native_a_3": 0.10608000308275223,
        "triton_b_1": 0.029184000566601753,
        "triton_b_2": 0.029279999434947968
      },
      {
        "native_a_0": 0.10822399705648422,
        "native_a_3": 0.10710400342941284,
        "triton_b_1": 0.029311999678611755,
        "triton_b_2": 0.02924799919128418
      },
      {
        "native_a_0": 0.10691200196743011,
        "native_a_3": 0.10809600353240967,
        "triton_b_1": 0.02937600016593933,
        "triton_b_2": 0.029152000322937965
      },
      {
        "native_a_0": 0.10704000294208527,
        "native_a_3": 0.10815999656915665,
        "triton_b_1": 0.02937600016593933,
        "triton_b_2": 0.029152000322937965
      },
      {
        "native_a_0": 0.10819199681282043,
        "native_a_3": 0.10815999656915665,
        "triton_b_1": 0.02924799919128418,
        "triton_b_2": 0.029343999922275543
      },
      {
        "native_a_0": 0.10707200318574905,
        "native_a_3": 0.10803200304508209,
        "triton_b_1": 0.029279999434947968,
        "triton_b_2": 0.02921600081026554
      },
      {
        "native_a_0": 0.10825599730014801,
        "native_a_3": 0.1069440022110939,
        "triton_b_1": 0.029152000322937965,
        "triton_b_2": 0.029503999277949333
      },
      {
        "native_a_0": 0.10716799646615982,
        "native_a_3": 0.10815999656915665,
        "triton_b_1": 0.02921600081026554,
        "triton_b_2": 0.029279999434947968
      },
      {
        "native_a_0": 0.10707200318574905,
        "native_a_3": 0.10815999656915665,
        "triton_b_1": 0.029184000566601753,
        "triton_b_2": 0.02937600016593933
      },
      {
        "native_a_0": 0.10707200318574905,
        "native_a_3": 0.10604800283908844,
        "triton_b_1": 0.02924799919128418,
        "triton_b_2": 0.029279999434947968
      },
      {
        "native_a_0": 0.10809600353240967,
        "native_a_3": 0.10815999656915665,
        "triton_b_1": 0.02940800040960312,
        "triton_b_2": 0.02908799983561039
      },
      {
        "native_a_0": 0.10697600245475769,
        "native_a_3": 0.106175996363163,
        "triton_b_1": 0.029311999678611755,
        "triton_b_2": 0.02940800040960312
      },
      {
        "native_a_0": 0.10716799646615982,
        "native_a_3": 0.10697600245475769,
        "triton_b_1": 0.029343999922275543,
        "triton_b_2": 0.02940800040960312
      },
      {
        "native_a_0": 0.10812799632549286,
        "native_a_3": 0.10822399705648422,
        "triton_b_1": 0.029311999678611755,
        "triton_b_2": 0.029184000566601753
      },
      {
        "native_a_0": 0.10812799632549286,
        "native_a_3": 0.10700800269842148,
        "triton_b_1": 0.02940800040960312,
        "triton_b_2": 0.02924799919128418
      },
      {
        "native_a_0": 0.10700800269842148,
        "native_a_3": 0.10822399705648422,
        "triton_b_1": 0.0297279991209507,
        "triton_b_2": 0.029184000566601753
      },
      {
        "native_a_0": 0.10707200318574905,
        "native_a_3": 0.10713600367307663,
        "triton_b_1": 0.029279999434947968,
        "triton_b_2": 0.029311999678611755
      }
    ],
    "repetitions": 50,
    "triton": {
      "median_ms": 0.029343999922275543,
      "p10_ms": 0.029184000566601753,
      "p90_ms": 0.029472000896930695,
      "raw_ms": [
        0.029472000896930695,
        0.03033600002527237,
        0.02940800040960312,
        0.029343999922275543,
        0.029279999434947968,
        0.029440000653266907,
        0.029343999922275543,
        0.029055999591946602,
        0.02924799919128418,
        0.029343999922275543,
        0.029184000566601753,
        0.02937600016593933,
        0.029279999434947968,
        0.02940800040960312,
        0.029279999434947968,
        0.029632000252604485,
        0.02940800040960312,
        0.029440000653266907,
        0.02940800040960312,
        0.029472000896930695,
        0.029440000653266907,
        0.02921600081026554,
        0.029311999678611755,
        0.02953599952161312,
        0.029440000653266907,
        0.029023999348282814,
        0.02940800040960312,
        0.029472000896930695,
        0.02924799919128418,
        0.02937600016593933,
        0.030400000512599945,
        0.02924799919128418,
        0.029440000653266907,
        0.029440000653266907,
        0.02937600016593933,
        0.02940800040960312,
        0.029311999678611755,
        0.02937600016593933,
        0.029311999678611755,
        0.029503999277949333,
        0.029311999678611755,
        0.029279999434947968,
        0.02921600081026554,
        0.028543999418616295,
        0.02876799926161766,
        0.02924799919128418,
        0.029343999922275543,
        0.02937600016593933,
        0.02956799976527691,
        0.029184000566601753,
        0.02937600016593933,
        0.02953599952161312,
        0.02940800040960312,
        0.029311999678611755,
        0.029311999678611755,
        0.029440000653266907,
        0.029343999922275543,
        0.029343999922275543,
        0.02937600016593933,
        0.029440000653266907,
        0.029343999922275543,
        0.029343999922275543,
        0.029152000322937965,
        0.02940800040960312,
        0.02921600081026554,
        0.029311999678611755,
        0.029184000566601753,
        0.029279999434947968,
        0.029311999678611755,
        0.02924799919128418,
        0.02937600016593933,
        0.029152000322937965,
        0.02937600016593933,
        0.029152000322937965,
        0.02924799919128418,
        0.029343999922275543,
        0.029279999434947968,
        0.02921600081026554,
        0.029152000322937965,
        0.029503999277949333,
        0.02921600081026554,
        0.029279999434947968,
        0.029184000566601753,
        0.02937600016593933,
        0.02924799919128418,
        0.029279999434947968,
        0.02940800040960312,
        0.02908799983561039,
        0.029311999678611755,
        0.02940800040960312,
        0.029343999922275543,
        0.02940800040960312,
        0.029311999678611755,
        0.029184000566601753,
        0.02940800040960312,
        0.02924799919128418,
        0.0297279991209507,
        0.029184000566601753,
        0.029279999434947968,
        0.029311999678611755
      ],
      "sample_count": 100
    },
    "triton_over_native_median_speedup": 0.2713820742034525,
    "warmup": 10
  },
  "triton_correctness": {
    "allclose": true,
    "atol": 0.0001,
    "finite": true,
    "max_abs": 6.103515625e-05,
    "mean_abs": 3.564881808415521e-06,
    "oracle": "independent FP32 selected-page causal reference over the shared native-staged BF16 query/scalar-FP8-KV Triton inputs",
    "pass": true,
    "rtol": 0.001
  },
  "warmup_calls": 1
}
INFO 08-30 08:13:04 [sparse_attention_msa.py:197] MiniMax M3 MSA sparse decode selected native_c2
USDT:2026-08-30 08:13:04 1804475:1804475 SyncActivityProfilerHandler.cpp:52] profiler_start
USDT:2026-08-30 08:13:04 1804475:1804475 SyncActivityProfilerHandler.cpp:59] profiler_stop
INFO 08-30 08:13:04 [sparse_attention_msa.py:197] MiniMax M3 MSA sparse decode selected Triton
{
  "all_gates_pass": true,
  "boundary": "real MiniMaxM3SparseMSAImpl.forward backend layer; no model weights or server scheduler",
  "builder": {
    "checks": {
      "decode_metadata_present": true,
      "native_backend_did_not_make_cutlass_plan": true,
      "native_decode_has_no_cutlass_metadata": true
    },
    "cutlass_plan_cache_size": 0,
    "triton_checks": {
      "triton_decode_metadata_present": true,
      "triton_plan_cache_empty": true
    },
    "triton_cutlass_plan_cache_size": 0
  },
  "caller_output": {
    "pointer_after": 132872615493632,
    "pointer_before": 132872615493632,
    "pointer_unchanged": true
  },
  "correctness": {
    "allclose": true,
    "atol": 0.0001,
    "finite": true,
    "max_abs": 6.103515625e-05,
    "mean_abs": 3.5365424082556274e-06,
    "oracle": "independent FP32 selected-page causal reference over exact native BF16-staged FP8 values",
    "pass": true,
    "rtol": 0.001
  },
  "data_contract": {
    "batch": 16,
    "head_dim": 128,
    "input_checksums": {
      "block_table_i32": "04791461a707a89d2f301d23eb5140ce324303aeda88f637c3671e7ac0b94991",
      "packed_kv_fp8": "7e9f7e58c34de9c2fa9093cae00922488b755ff9a3a3043d4c73754071ce507a",
      "q_bf16_original_not_timed": "3544a7414558b89a19c887610fda2e580a81b83a187b89f2bf53d57390cbb22e",
      "q_bf16_shared_native_staging": "ec1598e331f72cae690b2fa8a700f261b0a64212f5f5cf31d22c8bdbf7cbd47b",
      "query_fp8": "933432eb4626f77360b07c13ccc3627e788c7dfc50abdbb3f72e6e488e23829f",
      "seq_lens_i32": "6a53e23585e337720fb1f52fdab8bf5a5df5e31e36cdc0d15eec3262f1dcaa61",
      "topk_token_major_i32": "3e95ee58226c27e14cab9fe6642c73aa4a12d1c17615a41eb73d3df62cd67d2f"
    },
    "k_scale": 0.25,
    "kv_heads": 4,
    "page_size": 128,
    "q_scale": 0.25,
    "query_heads": 64,
    "topk": 16,
    "v_scale": 0.5
  },
  "environment": {
    "compute_capability": [
      10,
      3
    ],
    "device": "NVIDIA B300 SXM6 AC",
    "torch": "2.13.0+cu130",
    "vllm_import_root": "/home/lcpu/85117379/c2-native-plugin-v6-fresh-runtime-20260830/job12385/vllm"
  },
  "gates": {
    "caller_owned_output": true,
    "fair_native_vs_triton_abba_timing": true,
    "fp32_oracle_correctness": true,
    "native_static_selection": true,
    "no_cutlass_plan": true,
    "one_profiled_forward_reaches_dispatcher_and_cuda_kernel": true
  },
  "profiled_forward_calls": 1,
  "profiling": {
    "checks": {
      "one_cpu_dispatcher_event": true,
      "one_cuda_native_kernel_event": true,
      "trace_nonempty": true
    },
    "cuda_kernel_events": [
      {
        "count": 1,
        "cpu_total_us": 0.0,
        "cuda_total_us": 0.0,
        "key": "vllm::native_c2::native_c2_msa_decode_kernel(__nv_fp8_e4m3 const*, __nv_fp8_e4m3 const*, int const*, int const*, int const*, __nv_bfloat16*, long, long, long, long, long, long, long, long, long, long, int, int, float, float, float, float)",
        "self_cpu_us": 0.0,
        "self_cuda_us": 0.0
      }
    ],
    "dispatcher_events": [
      {
        "count": 1,
        "cpu_total_us": 1369.674,
        "cuda_total_us": 0.0,
        "key": "_C::native_c2_msa_decode",
        "self_cpu_us": 25.210000000000036,
        "self_cuda_us": 0.0
      }
    ],
    "nearby_keys": [
      "_C::native_c2_msa_decode",
      "vllm::native_c2::native_c2_msa_decode_kernel(__nv_fp8_e4m3 const*, __nv_fp8_e4m3 const*, int const*, int const*, int const*, __nv_bfloat16*, long, long, long, long, long, long, long, long, long, long, int, int, float, float, float, float)"
    ],
    "pass": true,
    "trace": "/home/lcpu/85117379/c2-native-plugin-v6-fresh-backend-artifacts-20260830/job12385/plugin-v6-wheel-full-backend-seed20260815-job12385.chrome.json"
  },
  "schema": "c2-native-c2-full-vllm-backend-v2",
  "seed": 20260815,
  "static_selection": {
    "native_backend_alias": true,
    "should_use_msa_decode": true,
    "use_cutlass_decode_is_false": true,
    "use_native_c2_decode": true
  },
  "timing": {
    "caller_owned_output": {
      "native": true,
      "triton": true
    },
    "caller_owned_output_verification": "every warmup and timed call checks result.data_ptr() against its caller-owned output",
    "comparison_input_semantics": "native stages query_fp8 with q_scale and Triton receives the same BF16 query values; packed FP8 KV, scalar scales, sparse metadata, and caller-owned output shapes are shared",
    "native": {
      "median_ms": 0.10819199681282043,
      "p10_ms": 0.10684800148010254,
      "p90_ms": 0.10835199803113937,
      "raw_ms": [
        0.1416960060596466,
        0.13859200477600098,
        0.10710400342941284,
        0.10825599730014801,
        0.10710400342941284,
        0.1082879975438118,
        0.10713600367307663,
        0.10716799646615982,
        0.10825599730014801,
        0.10835199803113937,
        0.10684800148010254,
        0.10700800269842148,
        0.10815999656915665,
        0.10822399705648422,
        0.10815999656915665,
        0.10825599730014801,
        0.10812799632549286,
        0.10815999656915665,
        0.10819199681282043,
        0.10822399705648422,
        0.10841599851846695,
        0.10825599730014801,
        0.10819199681282043,
        0.1061440035700798,
        0.10831999778747559,
        0.1080000028014183,
        0.1082879975438118,
        0.10636799782514572,
        0.10700800269842148,
        0.1082879975438118,
        0.10815999656915665,
        0.10819199681282043,
        0.10704000294208527,
        0.10710400342941284,
        0.10835199803113937,
        0.10691200196743011,
        0.10831999778747559,
        0.1080000028014183,
        0.1082879975438118,
        0.10819199681282043,
        0.1072319969534874,
        0.10825599730014801,
        0.10707200318574905,
        0.10835199803113937,
        0.10819199681282043,
        0.10697600245475769,
        0.10822399705648422,
        0.10819199681282043,
        0.10831999778747559,
        0.10835199803113937,
        0.10825599730014801,
        0.10844799876213074,
        0.10713600367307663,
        0.106175996363163,
        0.10831999778747559,
        0.10831999778747559,
        0.10819199681282043,
        0.10809600353240967,
        0.10822399705648422,
        0.10831999778747559,
        0.10815999656915665,
        0.10835199803113937,
        0.10835199803113937,
        0.10815999656915665,
        0.10831999778747559,
        0.10704000294208527,
        0.10719999670982361,
        0.10825599730014801,
        0.1080000028014183,
        0.10819199681282043,
        0.10623999685049057,
        0.10806400328874588,
        0.10822399705648422,
        0.10819199681282043,
        0.10815999656915665,
        0.10819199681282043,
        0.10815999656915665,
        0.10815999656915665,
        0.1082879975438118,
        0.10822399705648422,
        0.1082879975438118,
        0.10623999685049057,
        0.10822399705648422,
        0.10822399705648422,
        0.106175996363163,
        0.10819199681282043,
        0.10815999656915665,
        0.1061440035700798,
        0.10835199803113937,
        0.1072319969534874,
        0.10812799632549286,
        0.10623999685049057,
        0.10700800269842148,
        0.10822399705648422,
        0.10825599730014801,
        0.10822399705648422,
        0.10812799632549286,
        0.10710400342941284,
        0.106175996363163,
        0.10825599730014801
      ],
      "sample_count": 100
    },
    "native_over_triton_median_latency_ratio": 3.6870228019149494,
    "pass": true,
    "pre_timing_checks": {
      "distinct_output_buffers": true,
      "native_hard_gates": true,
      "triton_builder": true,
      "triton_correctness": true,
      "triton_static_selection": true
    },
    "protocol": "CUDA events; separate warmup excluded; ABBA=native,triton,triton,native; one default stream; input, metadata, output allocation, and oracle excluded",
    "ratio_interpretation": "triton_over_native < 1 means native is slower; native_over_triton is the direct latency-regression factor",
    "raw_cycles_ms": [
      {
        "native_a_0": 0.1416960060596466,
        "native_a_3": 0.13859200477600098,
        "triton_b_1": 0.029055999591946602,
        "triton_b_2": 0.05084799975156784
      },
      {
        "native_a_0": 0.10710400342941284,
        "native_a_3": 0.10825599730014801,
        "triton_b_1": 0.029279999434947968,
        "triton_b_2": 0.02940800040960312
      },
      {
        "native_a_0": 0.10710400342941284,
        "native_a_3": 0.1082879975438118,
        "triton_b_1": 0.02924799919128418,
        "triton_b_2": 0.02940800040960312
      },
      {
        "native_a_0": 0.10713600367307663,
        "native_a_3": 0.10716799646615982,
        "triton_b_1": 0.02940800040960312,
        "triton_b_2": 0.02921600081026554
      },
      {
        "native_a_0": 0.10825599730014801,
        "native_a_3": 0.10835199803113937,
        "triton_b_1": 0.029311999678611755,
        "triton_b_2": 0.029472000896930695
      },
      {
        "native_a_0": 0.10684800148010254,
        "native_a_3": 0.10700800269842148,
        "triton_b_1": 0.02940800040960312,
        "triton_b_2": 0.029503999277949333
      },
      {
        "native_a_0": 0.10815999656915665,
        "native_a_3": 0.10822399705648422,
        "triton_b_1": 0.029343999922275543,
        "triton_b_2": 0.02940800040960312
      },
      {
        "native_a_0": 0.10815999656915665,
        "native_a_3": 0.10825599730014801,
        "triton_b_1": 0.029664000496268272,
        "triton_b_2": 0.02908799983561039
      },
      {
        "native_a_0": 0.10812799632549286,
        "native_a_3": 0.10815999656915665,
        "triton_b_1": 0.02940800040960312,
        "triton_b_2": 0.02953599952161312
      },
      {
        "native_a_0": 0.10819199681282043,
        "native_a_3": 0.10822399705648422,
        "triton_b_1": 0.02937600016593933,
        "triton_b_2": 0.029311999678611755
      },
      {
        "native_a_0": 0.10841599851846695,
        "native_a_3": 0.10825599730014801,
        "triton_b_1": 0.029184000566601753,
        "triton_b_2": 0.029440000653266907
      },
      {
        "native_a_0": 0.10819199681282043,
        "native_a_3": 0.1061440035700798,
        "triton_b_1": 0.029343999922275543,
        "triton_b_2": 0.02921600081026554
      },
      {
        "native_a_0": 0.10831999778747559,
        "native_a_3": 0.1080000028014183,
        "triton_b_1": 0.029184000566601753,
        "triton_b_2": 0.029472000896930695
      },
      {
        "native_a_0": 0.1082879975438118,
        "native_a_3": 0.10636799782514572,
        "triton_b_1": 0.029184000566601753,
        "triton_b_2": 0.029472000896930695
      },
      {
        "native_a_0": 0.10700800269842148,
        "native_a_3": 0.1082879975438118,
        "triton_b_1": 0.029343999922275543,
        "triton_b_2": 0.029472000896930695
      },
      {
        "native_a_0": 0.10815999656915665,
        "native_a_3": 0.10819199681282043,
        "triton_b_1": 0.030368000268936157,
        "triton_b_2": 0.02921600081026554
      },
      {
        "native_a_0": 0.10704000294208527,
        "native_a_3": 0.10710400342941284,
        "triton_b_1": 0.029023999348282814,
        "triton_b_2": 0.02937600016593933
      },
      {
        "native_a_0": 0.10835199803113937,
        "native_a_3": 0.10691200196743011,
        "triton_b_1": 0.02921600081026554,
        "triton_b_2": 0.029311999678611755
      },
      {
        "native_a_0": 0.10831999778747559,
        "native_a_3": 0.1080000028014183,
        "triton_b_1": 0.02953599952161312,
        "triton_b_2": 0.029311999678611755
      },
      {
        "native_a_0": 0.1082879975438118,
        "native_a_3": 0.10819199681282043,
        "triton_b_1": 0.02940800040960312,
        "triton_b_2": 0.029279999434947968
      },
      {
        "native_a_0": 0.1072319969534874,
        "native_a_3": 0.10825599730014801,
        "triton_b_1": 0.02937600016593933,
        "triton_b_2": 0.029311999678611755
      },
      {
        "native_a_0": 0.10707200318574905,
        "native_a_3": 0.10835199803113937,
        "triton_b_1": 0.029343999922275543,
        "triton_b_2": 0.029023999348282814
      },
      {
        "native_a_0": 0.10819199681282043,
        "native_a_3": 0.10697600245475769,
        "triton_b_1": 0.029343999922275543,
        "triton_b_2": 0.02956799976527691
      },
      {
        "native_a_0": 0.10822399705648422,
        "native_a_3": 0.10819199681282043,
        "triton_b_1": 0.029472000896930695,
        "triton_b_2": 0.029343999922275543
      },
      {
        "native_a_0": 0.10831999778747559,
        "native_a_3": 0.10835199803113937,
        "triton_b_1": 0.029311999678611755,
        "triton_b_2": 0.029343999922275543
      },
      {
        "native_a_0": 0.10825599730014801,
        "native_a_3": 0.10844799876213074,
        "triton_b_1": 0.029152000322937965,
        "triton_b_2": 0.029472000896930695
      },
      {
        "native_a_0": 0.10713600367307663,
        "native_a_3": 0.106175996363163,
        "triton_b_1": 0.029311999678611755,
        "triton_b_2": 0.029311999678611755
      },
      {
        "native_a_0": 0.10831999778747559,
        "native_a_3": 0.10831999778747559,
        "triton_b_1": 0.029184000566601753,
        "triton_b_2": 0.02937600016593933
      },
      {
        "native_a_0": 0.10819199681282043,
        "native_a_3": 0.10809600353240967,
        "triton_b_1": 0.029343999922275543,
        "triton_b_2": 0.029472000896930695
      },
      {
        "native_a_0": 0.10822399705648422,
        "native_a_3": 0.10831999778747559,
        "triton_b_1": 0.029503999277949333,
        "triton_b_2": 0.02908799983561039
      },
      {
        "native_a_0": 0.10815999656915665,
        "native_a_3": 0.10835199803113937,
        "triton_b_1": 0.02924799919128418,
        "triton_b_2": 0.029343999922275543
      },
      {
        "native_a_0": 0.10835199803113937,
        "native_a_3": 0.10815999656915665,
        "triton_b_1": 0.02921600081026554,
        "triton_b_2": 0.029184000566601753
      },
      {
        "native_a_0": 0.10831999778747559,
        "native_a_3": 0.10704000294208527,
        "triton_b_1": 0.02924799919128418,
        "triton_b_2": 0.029503999277949333
      },
      {
        "native_a_0": 0.10719999670982361,
        "native_a_3": 0.10825599730014801,
        "triton_b_1": 0.029152000322937965,
        "triton_b_2": 0.029279999434947968
      },
      {
        "native_a_0": 0.1080000028014183,
        "native_a_3": 0.10819199681282043,
        "triton_b_1": 0.02937600016593933,
        "triton_b_2": 0.02953599952161312
      },
      {
        "native_a_0": 0.10623999685049057,
        "native_a_3": 0.10806400328874588,
        "triton_b_1": 0.029120000079274178,
        "triton_b_2": 0.029472000896930695
      },
      {
        "native_a_0": 0.10822399705648422,
        "native_a_3": 0.10819199681282043,
        "triton_b_1": 0.02940800040960312,
        "triton_b_2": 0.02937600016593933
      },
      {
        "native_a_0": 0.10815999656915665,
        "native_a_3": 0.10819199681282043,
        "triton_b_1": 0.02940800040960312,
        "triton_b_2": 0.030400000512599945
      },
      {
        "native_a_0": 0.10815999656915665,
        "native_a_3": 0.10815999656915665,
        "triton_b_1": 0.02940800040960312,
        "triton_b_2": 0.02937600016593933
      },
      {
        "native_a_0": 0.1082879975438118,
        "native_a_3": 0.10822399705648422,
        "triton_b_1": 0.029311999678611755,
        "triton_b_2": 0.02937600016593933
      },
      {
        "native_a_0": 0.1082879975438118,
        "native_a_3": 0.10623999685049057,
        "triton_b_1": 0.02937600016593933,
        "triton_b_2": 0.029311999678611755
      },
      {
        "native_a_0": 0.10822399705648422,
        "native_a_3": 0.10822399705648422,
        "triton_b_1": 0.02921600081026554,
        "triton_b_2": 0.029472000896930695
      },
      {
        "native_a_0": 0.106175996363163,
        "native_a_3": 0.10819199681282043,
        "triton_b_1": 0.029343999922275543,
        "triton_b_2": 0.02953599952161312
      },
      {
        "native_a_0": 0.10815999656915665,
        "native_a_3": 0.1061440035700798,
        "triton_b_1": 0.029311999678611755,
        "triton_b_2": 0.02924799919128418
      },
      {
        "native_a_0": 0.10835199803113937,
        "native_a_3": 0.1072319969534874,
        "triton_b_1": 0.02924799919128418,
        "triton_b_2": 0.029472000896930695
      },
      {
        "native_a_0": 0.10812799632549286,
        "native_a_3": 0.10623999685049057,
        "triton_b_1": 0.02956799976527691,
        "triton_b_2": 0.02924799919128418
      },
      {
        "native_a_0": 0.10700800269842148,
        "native_a_3": 0.10822399705648422,
        "triton_b_1": 0.029343999922275543,
        "triton_b_2": 0.02940800040960312
      },
      {
        "native_a_0": 0.10825599730014801,
        "native_a_3": 0.10822399705648422,
        "triton_b_1": 0.029440000653266907,
        "triton_b_2": 0.029311999678611755
      },
      {
        "native_a_0": 0.10812799632549286,
        "native_a_3": 0.10710400342941284,
        "triton_b_1": 0.029472000896930695,
        "triton_b_2": 0.02937600016593933
      },
      {
        "native_a_0": 0.106175996363163,
        "native_a_3": 0.10825599730014801,
        "triton_b_1": 0.02937600016593933,
        "triton_b_2": 0.02937600016593933
      }
    ],
    "repetitions": 50,
    "triton": {
      "median_ms": 0.029343999922275543,
      "p10_ms": 0.029184000566601753,
      "p90_ms": 0.029503999277949333,
      "raw_ms": [
        0.029055999591946602,
        0.05084799975156784,
        0.029279999434947968,
        0.02940800040960312,
        0.02924799919128418,
        0.02940800040960312,
        0.02940800040960312,
        0.02921600081026554,
        0.029311999678611755,
        0.029472000896930695,
        0.02940800040960312,
        0.029503999277949333,
        0.029343999922275543,
        0.02940800040960312,
        0.029664000496268272,
        0.02908799983561039,
        0.02940800040960312,
        0.02953599952161312,
        0.02937600016593933,
        0.029311999678611755,
        0.029184000566601753,
        0.029440000653266907,
        0.029343999922275543,
        0.02921600081026554,
        0.029184000566601753,
        0.029472000896930695,
        0.029184000566601753,
        0.029472000896930695,
        0.029343999922275543,
        0.029472000896930695,
        0.030368000268936157,
        0.02921600081026554,
        0.029023999348282814,
        0.02937600016593933,
        0.02921600081026554,
        0.029311999678611755,
        0.02953599952161312,
        0.029311999678611755,
        0.02940800040960312,
        0.029279999434947968,
        0.02937600016593933,
        0.029311999678611755,
        0.029343999922275543,
        0.029023999348282814,
        0.029343999922275543,
        0.02956799976527691,
        0.029472000896930695,
        0.029343999922275543,
        0.029311999678611755,
        0.029343999922275543,
        0.029152000322937965,
        0.029472000896930695,
        0.029311999678611755,
        0.029311999678611755,
        0.029184000566601753,
        0.02937600016593933,
        0.029343999922275543,
        0.029472000896930695,
        0.029503999277949333,
        0.02908799983561039,
        0.02924799919128418,
        0.029343999922275543,
        0.02921600081026554,
        0.029184000566601753,
        0.02924799919128418,
        0.029503999277949333,
        0.029152000322937965,
        0.029279999434947968,
        0.02937600016593933,
        0.02953599952161312,
        0.029120000079274178,
        0.029472000896930695,
        0.02940800040960312,
        0.02937600016593933,
        0.02940800040960312,
        0.030400000512599945,
        0.02940800040960312,
        0.02937600016593933,
        0.029311999678611755,
        0.02937600016593933,
        0.02937600016593933,
        0.029311999678611755,
        0.02921600081026554,
        0.029472000896930695,
        0.029343999922275543,
        0.02953599952161312,
        0.029311999678611755,
        0.02924799919128418,
        0.02924799919128418,
        0.029472000896930695,
        0.02956799976527691,
        0.02924799919128418,
        0.029343999922275543,
        0.02940800040960312,
        0.029440000653266907,
        0.029311999678611755,
        0.029472000896930695,
        0.02937600016593933,
        0.02937600016593933,
        0.02937600016593933
      ],
      "sample_count": 100
    },
    "triton_over_native_median_speedup": 0.27122153936249715,
    "warmup": 10
  },
  "triton_correctness": {
    "allclose": true,
    "atol": 0.0001,
    "finite": true,
    "max_abs": 6.103515625e-05,
    "mean_abs": 3.5492862480168696e-06,
    "oracle": "independent FP32 selected-page causal reference over the shared native-staged BF16 query/scalar-FP8-KV Triton inputs",
    "pass": true,
    "rtol": 0.001
  },
  "warmup_calls": 1
}
INFO 08-30 08:13:13 [sparse_attention_msa.py:197] MiniMax M3 MSA sparse decode selected native_c2
USDT:2026-08-30 08:13:14 1804858:1804858 SyncActivityProfilerHandler.cpp:52] profiler_start
USDT:2026-08-30 08:13:14 1804858:1804858 SyncActivityProfilerHandler.cpp:59] profiler_stop
INFO 08-30 08:13:14 [sparse_attention_msa.py:197] MiniMax M3 MSA sparse decode selected Triton
{
  "all_gates_pass": true,
  "boundary": "real MiniMaxM3SparseMSAImpl.forward backend layer; no model weights or server scheduler",
  "builder": {
    "checks": {
      "decode_metadata_present": true,
      "native_backend_did_not_make_cutlass_plan": true,
      "native_decode_has_no_cutlass_metadata": true
    },
    "cutlass_plan_cache_size": 0,
    "triton_checks": {
      "triton_decode_metadata_present": true,
      "triton_plan_cache_empty": true
    },
    "triton_cutlass_plan_cache_size": 0
  },
  "caller_output": {
    "pointer_after": 126344969846784,
    "pointer_before": 126344969846784,
    "pointer_unchanged": true
  },
  "correctness": {
    "allclose": true,
    "atol": 0.0001,
    "finite": true,
    "max_abs": 3.0517578125e-05,
    "mean_abs": 3.5335710890649352e-06,
    "oracle": "independent FP32 selected-page causal reference over exact native BF16-staged FP8 values",
    "pass": true,
    "rtol": 0.001
  },
  "data_contract": {
    "batch": 16,
    "head_dim": 128,
    "input_checksums": {
      "block_table_i32": "1c3977db887f303d994ee6fb54fd008a17a6dd1847fecf37de573be410ab3915",
      "packed_kv_fp8": "97de80078562168fb36765293b574df03e358255a10d3a10652955145dab33a0",
      "q_bf16_original_not_timed": "c3bf1608f3e4dbbb88e52601cfd924e9912374e97f9a2002f98f60a4e9541dad",
      "q_bf16_shared_native_staging": "ac69640899d4b9d7c3c0bbf9122d5a2f01664342f2166848ad827978b9747d38",
      "query_fp8": "68dab1757aacd7b669ebb10ec2239411b2fabb2f88ee6c7eb650471e1d50c9f6",
      "seq_lens_i32": "9a9d19ba22634e41354cec83783f70600adac9dc8d8c306f49c49ccbfba86e5c",
      "topk_token_major_i32": "8e65531408ed5d18fe4933b83a69f86d548a1cbc3575fcfd5457749269cb0691"
    },
    "k_scale": 0.25,
    "kv_heads": 4,
    "page_size": 128,
    "q_scale": 0.25,
    "query_heads": 64,
    "topk": 16,
    "v_scale": 0.5
  },
  "environment": {
    "compute_capability": [
      10,
      3
    ],
    "device": "NVIDIA B300 SXM6 AC",
    "torch": "2.13.0+cu130",
    "vllm_import_root": "/home/lcpu/85117379/c2-native-plugin-v6-fresh-runtime-20260830/job12385/vllm"
  },
  "gates": {
    "caller_owned_output": true,
    "fair_native_vs_triton_abba_timing": true,
    "fp32_oracle_correctness": true,
    "native_static_selection": true,
    "no_cutlass_plan": true,
    "one_profiled_forward_reaches_dispatcher_and_cuda_kernel": true
  },
  "profiled_forward_calls": 1,
  "profiling": {
    "checks": {
      "one_cpu_dispatcher_event": true,
      "one_cuda_native_kernel_event": true,
      "trace_nonempty": true
    },
    "cuda_kernel_events": [
      {
        "count": 1,
        "cpu_total_us": 0.0,
        "cuda_total_us": 0.0,
        "key": "vllm::native_c2::native_c2_msa_decode_kernel(__nv_fp8_e4m3 const*, __nv_fp8_e4m3 const*, int const*, int const*, int const*, __nv_bfloat16*, long, long, long, long, long, long, long, long, long, long, int, int, float, float, float, float)",
        "self_cpu_us": 0.0,
        "self_cuda_us": 0.0
      }
    ],
    "dispatcher_events": [
      {
        "count": 1,
        "cpu_total_us": 1283.124,
        "cuda_total_us": 0.0,
        "key": "_C::native_c2_msa_decode",
        "self_cpu_us": 31.480000000000018,
        "self_cuda_us": 0.0
      }
    ],
    "nearby_keys": [
      "_C::native_c2_msa_decode",
      "vllm::native_c2::native_c2_msa_decode_kernel(__nv_fp8_e4m3 const*, __nv_fp8_e4m3 const*, int const*, int const*, int const*, __nv_bfloat16*, long, long, long, long, long, long, long, long, long, long, int, int, float, float, float, float)"
    ],
    "pass": true,
    "trace": "/home/lcpu/85117379/c2-native-plugin-v6-fresh-backend-artifacts-20260830/job12385/plugin-v6-wheel-full-backend-seed20260829-job12385.chrome.json"
  },
  "schema": "c2-native-c2-full-vllm-backend-v2",
  "seed": 20260829,
  "static_selection": {
    "native_backend_alias": true,
    "should_use_msa_decode": true,
    "use_cutlass_decode_is_false": true,
    "use_native_c2_decode": true
  },
  "timing": {
    "caller_owned_output": {
      "native": true,
      "triton": true
    },
    "caller_owned_output_verification": "every warmup and timed call checks result.data_ptr() against its caller-owned output",
    "comparison_input_semantics": "native stages query_fp8 with q_scale and Triton receives the same BF16 query values; packed FP8 KV, scalar scales, sparse metadata, and caller-owned output shapes are shared",
    "native": {
      "median_ms": 0.10713600367307663,
      "p10_ms": 0.10691200196743011,
      "p90_ms": 0.10838399827480316,
      "raw_ms": [
        0.14297600090503693,
        0.13689599931240082,
        0.10688000172376633,
        0.10713600367307663,
        0.10713600367307663,
        0.10719999670982361,
        0.10713600367307663,
        0.10921599715948105,
        0.10710400342941284,
        0.10819199681282043,
        0.10713600367307663,
        0.10697600245475769,
        0.10697600245475769,
        0.10838399827480316,
        0.1069440022110939,
        0.1069440022110939,
        0.10716799646615982,
        0.10838399827480316,
        0.10697600245475769,
        0.10809600353240967,
        0.10825599730014801,
        0.10806400328874588,
        0.10806400328874588,
        0.10915199667215347,
        0.10710400342941284,
        0.1082879975438118,
        0.10710400342941284,
        0.10697600245475769,
        0.10691200196743011,
        0.10812799632549286,
        0.10630399733781815,
        0.10812799632549286,
        0.10812799632549286,
        0.10688000172376633,
        0.10809600353240967,
        0.10713600367307663,
        0.10812799632549286,
        0.10835199803113937,
        0.10688000172376633,
        0.10809600353240967,
        0.10819199681282043,
        0.10822399705648422,
        0.10825599730014801,
        0.10806400328874588,
        0.10831999778747559,
        0.10719999670982361,
        0.1082879975438118,
        0.10608000308275223,
        0.10812799632549286,
        0.10831999778747559,
        0.10688000172376633,
        0.10697600245475769,
        0.10809600353240967,
        0.10809600353240967,
        0.10713600367307663,
        0.10707200318574905,
        0.10691200196743011,
        0.1082879975438118,
        0.1069440022110939,
        0.10697600245475769,
        0.10793600231409073,
        0.10809600353240967,
        0.10691200196743011,
        0.10713600367307663,
        0.10864000022411346,
        0.10819199681282043,
        0.1069440022110939,
        0.10889600217342377,
        0.10697600245475769,
        0.10803200304508209,
        0.10707200318574905,
        0.10691200196743011,
        0.10713600367307663,
        0.10700800269842148,
        0.10700800269842148,
        0.10815999656915665,
        0.10681600123643875,
        0.10700800269842148,
        0.10896000266075134,
        0.10700800269842148,
        0.10704000294208527,
        0.10704000294208527,
        0.10704000294208527,
        0.1069440022110939,
        0.10684800148010254,
        0.10806400328874588,
        0.10713600367307663,
        0.1090880036354065,
        0.10889600217342377,
        0.10815999656915665,
        0.10697600245475769,
        0.10719999670982361,
        0.10691200196743011,
        0.10819199681282043,
        0.10889600217342377,
        0.10688000172376633,
        0.10707200318574905,
        0.10707200318574905,
        0.10700800269842148,
        0.10700800269842148
      ],
      "sample_count": 100
    },
    "native_over_triton_median_latency_ratio": 3.6630199205217036,
    "pass": true,
    "pre_timing_checks": {
      "distinct_output_buffers": true,
      "native_hard_gates": true,
      "triton_builder": true,
      "triton_correctness": true,
      "triton_static_selection": true
    },
    "protocol": "CUDA events; separate warmup excluded; ABBA=native,triton,triton,native; one default stream; input, metadata, output allocation, and oracle excluded",
    "ratio_interpretation": "triton_over_native < 1 means native is slower; native_over_triton is the direct latency-regression factor",
    "raw_cycles_ms": [
      {
        "native_a_0": 0.14297600090503693,
        "native_a_3": 0.13689599931240082,
        "triton_b_1": 0.029279999434947968,
        "triton_b_2": 0.04473600164055824
      },
      {
        "native_a_0": 0.10688000172376633,
        "native_a_3": 0.10713600367307663,
        "triton_b_1": 0.02937600016593933,
        "triton_b_2": 0.029279999434947968
      },
      {
        "native_a_0": 0.10713600367307663,
        "native_a_3": 0.10719999670982361,
        "triton_b_1": 0.029311999678611755,
        "triton_b_2": 0.029311999678611755
      },
      {
        "native_a_0": 0.10713600367307663,
        "native_a_3": 0.10921599715948105,
        "triton_b_1": 0.02940800040960312,
        "triton_b_2": 0.029152000322937965
      },
      {
        "native_a_0": 0.10710400342941284,
        "native_a_3": 0.10819199681282043,
        "triton_b_1": 0.02921600081026554,
        "triton_b_2": 0.02921600081026554
      },
      {
        "native_a_0": 0.10713600367307663,
        "native_a_3": 0.10697600245475769,
        "triton_b_1": 0.029279999434947968,
        "triton_b_2": 0.02924799919128418
      },
      {
        "native_a_0": 0.10697600245475769,
        "native_a_3": 0.10838399827480316,
        "triton_b_1": 0.02908799983561039,
        "triton_b_2": 0.02924799919128418
      },
      {
        "native_a_0": 0.1069440022110939,
        "native_a_3": 0.1069440022110939,
        "triton_b_1": 0.029184000566601753,
        "triton_b_2": 0.029279999434947968
      },
      {
        "native_a_0": 0.10716799646615982,
        "native_a_3": 0.10838399827480316,
        "triton_b_1": 0.02924799919128418,
        "triton_b_2": 0.029184000566601753
      },
      {
        "native_a_0": 0.10697600245475769,
        "native_a_3": 0.10809600353240967,
        "triton_b_1": 0.029279999434947968,
        "triton_b_2": 0.029023999348282814
      },
      {
        "native_a_0": 0.10825599730014801,
        "native_a_3": 0.10806400328874588,
        "triton_b_1": 0.029279999434947968,
        "triton_b_2": 0.02953599952161312
      },
      {
        "native_a_0": 0.10806400328874588,
        "native_a_3": 0.10915199667215347,
        "triton_b_1": 0.029279999434947968,
        "triton_b_2": 0.029311999678611755
      },
      {
        "native_a_0": 0.10710400342941284,
        "native_a_3": 0.1082879975438118,
        "triton_b_1": 0.029120000079274178,
        "triton_b_2": 0.029343999922275543
      },
      {
        "native_a_0": 0.10710400342941284,
        "native_a_3": 0.10697600245475769,
        "triton_b_1": 0.029279999434947968,
        "triton_b_2": 0.029279999434947968
      },
      {
        "native_a_0": 0.10691200196743011,
        "native_a_3": 0.10812799632549286,
        "triton_b_1": 0.02937600016593933,
        "triton_b_2": 0.02940800040960312
      },
      {
        "native_a_0": 0.10630399733781815,
        "native_a_3": 0.10812799632549286,
        "triton_b_1": 0.02924799919128418,
        "triton_b_2": 0.02921600081026554
      },
      {
        "native_a_0": 0.10812799632549286,
        "native_a_3": 0.10688000172376633,
        "triton_b_1": 0.02924799919128418,
        "triton_b_2": 0.029472000896930695
      },
      {
        "native_a_0": 0.10809600353240967,
        "native_a_3": 0.10713600367307663,
        "triton_b_1": 0.02924799919128418,
        "triton_b_2": 0.02937600016593933
      },
      {
        "native_a_0": 0.10812799632549286,
        "native_a_3": 0.10835199803113937,
        "triton_b_1": 0.029120000079274178,
        "triton_b_2": 0.029311999678611755
      },
      {
        "native_a_0": 0.10688000172376633,
        "native_a_3": 0.10809600353240967,
        "triton_b_1": 0.02924799919128418,
        "triton_b_2": 0.02937600016593933
      },
      {
        "native_a_0": 0.10819199681282043,
        "native_a_3": 0.10822399705648422,
        "triton_b_1": 0.029152000322937965,
        "triton_b_2": 0.029472000896930695
      },
      {
        "native_a_0": 0.10825599730014801,
        "native_a_3": 0.10806400328874588,
        "triton_b_1": 0.02908799983561039,
        "triton_b_2": 0.02924799919128418
      },
      {
        "native_a_0": 0.10831999778747559,
        "native_a_3": 0.10719999670982361,
        "triton_b_1": 0.02924799919128418,
        "triton_b_2": 0.02937600016593933
      },
      {
        "native_a_0": 0.1082879975438118,
        "native_a_3": 0.10608000308275223,
        "triton_b_1": 0.02924799919128418,
        "triton_b_2": 0.029023999348282814
      },
      {
        "native_a_0": 0.10812799632549286,
        "native_a_3": 0.10831999778747559,
        "triton_b_1": 0.029279999434947968,
        "triton_b_2": 0.02953599952161312
      },
      {
        "native_a_0": 0.10688000172376633,
        "native_a_3": 0.10697600245475769,
        "triton_b_1": 0.02921600081026554,
        "triton_b_2": 0.02937600016593933
      },
      {
        "native_a_0": 0.10809600353240967,
        "native_a_3": 0.10809600353240967,
        "triton_b_1": 0.029279999434947968,
        "triton_b_2": 0.029343999922275543
      },
      {
        "native_a_0": 0.10713600367307663,
        "native_a_3": 0.10707200318574905,
        "triton_b_1": 0.029120000079274178,
        "triton_b_2": 0.029152000322937965
      },
      {
        "native_a_0": 0.10691200196743011,
        "native_a_3": 0.1082879975438118,
        "triton_b_1": 0.02924799919128418,
        "triton_b_2": 0.029152000322937965
      },
      {
        "native_a_0": 0.1069440022110939,
        "native_a_3": 0.10697600245475769,
        "triton_b_1": 0.02937600016593933,
        "triton_b_2": 0.029023999348282814
      },
      {
        "native_a_0": 0.10793600231409073,
        "native_a_3": 0.10809600353240967,
        "triton_b_1": 0.028831999748945236,
        "triton_b_2": 0.02921600081026554
      },
      {
        "native_a_0": 0.10691200196743011,
        "native_a_3": 0.10713600367307663,
        "triton_b_1": 0.029184000566601753,
        "triton_b_2": 0.029279999434947968
      },
      {
        "native_a_0": 0.10864000022411346,
        "native_a_3": 0.10819199681282043,
        "triton_b_1": 0.029152000322937965,
        "triton_b_2": 0.029152000322937965
      },
      {
        "native_a_0": 0.1069440022110939,
        "native_a_3": 0.10889600217342377,
        "triton_b_1": 0.029311999678611755,
        "triton_b_2": 0.029120000079274178
      },
      {
        "native_a_0": 0.10697600245475769,
        "native_a_3": 0.10803200304508209,
        "triton_b_1": 0.029152000322937965,
        "triton_b_2": 0.029152000322937965
      },
      {
        "native_a_0": 0.10707200318574905,
        "native_a_3": 0.10691200196743011,
        "triton_b_1": 0.029311999678611755,
        "triton_b_2": 0.029120000079274178
      },
      {
        "native_a_0": 0.10713600367307663,
        "native_a_3": 0.10700800269842148,
        "triton_b_1": 0.029023999348282814,
        "triton_b_2": 0.029152000322937965
      },
      {
        "native_a_0": 0.10700800269842148,
        "native_a_3": 0.10815999656915665,
        "triton_b_1": 0.02924799919128418,
        "triton_b_2": 0.02908799983561039
      },
      {
        "native_a_0": 0.10681600123643875,
        "native_a_3": 0.10700800269842148,
        "triton_b_1": 0.02921600081026554,
        "triton_b_2": 0.029343999922275543
      },
      {
        "native_a_0": 0.10896000266075134,
        "native_a_3": 0.10700800269842148,
        "triton_b_1": 0.029311999678611755,
        "triton_b_2": 0.02908799983561039
      },
      {
        "native_a_0": 0.10704000294208527,
        "native_a_3": 0.10704000294208527,
        "triton_b_1": 0.029311999678611755,
        "triton_b_2": 0.02908799983561039
      },
      {
        "native_a_0": 0.10704000294208527,
        "native_a_3": 0.1069440022110939,
        "triton_b_1": 0.02924799919128418,
        "triton_b_2": 0.029152000322937965
      },
      {
        "native_a_0": 0.10684800148010254,
        "native_a_3": 0.10806400328874588,
        "triton_b_1": 0.029184000566601753,
        "triton_b_2": 0.029184000566601753
      },
      {
        "native_a_0": 0.10713600367307663,
        "native_a_3": 0.1090880036354065,
        "triton_b_1": 0.029120000079274178,
        "triton_b_2": 0.029184000566601753
      },
      {
        "native_a_0": 0.10889600217342377,
        "native_a_3": 0.10815999656915665,
        "triton_b_1": 0.029152000322937965,
        "triton_b_2": 0.029184000566601753
      },
      {
        "native_a_0": 0.10697600245475769,
        "native_a_3": 0.10719999670982361,
        "triton_b_1": 0.029152000322937965,
        "triton_b_2": 0.029055999591946602
      },
      {
        "native_a_0": 0.10691200196743011,
        "native_a_3": 0.10819199681282043,
        "triton_b_1": 0.029184000566601753,
        "triton_b_2": 0.029152000322937965
      },
      {
        "native_a_0": 0.10889600217342377,
        "native_a_3": 0.10688000172376633,
        "triton_b_1": 0.029184000566601753,
        "triton_b_2": 0.02937600016593933
      },
      {
        "native_a_0": 0.10707200318574905,
        "native_a_3": 0.10707200318574905,
        "triton_b_1": 0.029343999922275543,
        "triton_b_2": 0.029311999678611755
      },
      {
        "native_a_0": 0.10700800269842148,
        "native_a_3": 0.10700800269842148,
        "triton_b_1": 0.029184000566601753,
        "triton_b_2": 0.029152000322937965
      }
    ],
    "repetitions": 50,
    "triton": {
      "median_ms": 0.02924799919128418,
      "p10_ms": 0.02908799983561039,
      "p90_ms": 0.02937600016593933,
      "raw_ms": [
        0.029279999434947968,
        0.04473600164055824,
        0.02937600016593933,
        0.029279999434947968,
        0.029311999678611755,
        0.029311999678611755,
        0.02940800040960312,
        0.029152000322937965,
        0.02921600081026554,
        0.02921600081026554,
        0.029279999434947968,
        0.02924799919128418,
        0.02908799983561039,
        0.02924799919128418,
        0.029184000566601753,
        0.029279999434947968,
        0.02924799919128418,
        0.029184000566601753,
        0.029279999434947968,
        0.029023999348282814,
        0.029279999434947968,
        0.02953599952161312,
        0.029279999434947968,
        0.029311999678611755,
        0.029120000079274178,
        0.029343999922275543,
        0.029279999434947968,
        0.029279999434947968,
        0.02937600016593933,
        0.02940800040960312,
        0.02924799919128418,
        0.02921600081026554,
        0.02924799919128418,
        0.029472000896930695,
        0.02924799919128418,
        0.02937600016593933,
        0.029120000079274178,
        0.029311999678611755,
        0.02924799919128418,
        0.02937600016593933,
        0.029152000322937965,
        0.029472000896930695,
        0.02908799983561039,
        0.02924799919128418,
        0.02924799919128418,
        0.02937600016593933,
        0.02924799919128418,
        0.029023999348282814,
        0.029279999434947968,
        0.02953599952161312,
        0.02921600081026554,
        0.02937600016593933,
        0.029279999434947968,
        0.029343999922275543,
        0.029120000079274178,
        0.029152000322937965,
        0.02924799919128418,
        0.029152000322937965,
        0.02937600016593933,
        0.029023999348282814,
        0.028831999748945236,
        0.02921600081026554,
        0.029184000566601753,
        0.029279999434947968,
        0.029152000322937965,
        0.029152000322937965,
        0.029311999678611755,
        0.029120000079274178,
        0.029152000322937965,
        0.029152000322937965,
        0.029311999678611755,
        0.029120000079274178,
        0.029023999348282814,
        0.029152000322937965,
        0.02924799919128418,
        0.02908799983561039,
        0.02921600081026554,
        0.029343999922275543,
        0.029311999678611755,
        0.02908799983561039,
        0.029311999678611755,
        0.02908799983561039,
        0.02924799919128418,
        0.029152000322937965,
        0.029184000566601753,
        0.029184000566601753,
        0.029120000079274178,
        0.029184000566601753,
        0.029152000322937965,
        0.029184000566601753,
        0.029152000322937965,
        0.029055999591946602,
        0.029184000566601753,
        0.029152000322937965,
        0.029184000566601753,
        0.02937600016593933,
        0.029343999922275543,
        0.029311999678611755,
        0.029184000566601753,
        0.029152000322937965
      ],
      "sample_count": 100
    },
    "triton_over_native_median_speedup": 0.27299878834881564,
    "warmup": 10
  },
  "triton_correctness": {
    "allclose": true,
    "atol": 0.0001,
    "finite": true,
    "max_abs": 6.103515625e-05,
    "mean_abs": 3.5442080843495205e-06,
    "oracle": "independent FP32 selected-page causal reference over the shared native-staged BF16 query/scalar-FP8-KV Triton inputs",
    "pass": true,
    "rtol": 0.001
  },
  "warmup_calls": 1
}

===== POST UTC=2026-08-30T08:13:17Z =====
NVIDIA B300 SXM6 AC, GPU-dadf9f3b-df58-d3fa-07b0-5fe223423db1, 580.126.09, 275040, 0, 1, 10.3
FINAL_RC=0 UTC=2026-08-30T08:13:17Z RUN_ID=12385
